policy,training_seed,environment_seed,scenario,regime,raw_episode_reward,event_recall,missed_event_rate,total_energy_consumption,harvested_energy,final_battery,mean_aoi,p95_aoi,max_aoi,redundant_sampling,network_coverage,network_utility,samples_delivered,samples_requested,sample_rejections,channel_blocks,sleep_actions,sample_actions,sample_action_fraction
Always Sleep,,3001,volatile,coordinated,-370.49999999999795,0.0,1.0,0.1958400000000021,27.62894994555471,0.9875899999999997,144.5,274.0,288.0,0.0,0.6597222222222222,0.0,0,0,0,0,1152,0,0.0
Always Sleep,,3002,volatile,coordinated,-583.4999999999993,0.0,1.0,0.1958400000000021,27.861430036513966,0.9875899999999997,144.5,274.0,288.0,0.0,0.4826388888888889,0.0,0,0,0,0,1152,0,0.0
Always Sleep,,3003,volatile,coordinated,-407.9999999999979,0.0,1.0,0.1958400000000021,27.548637494574557,0.9875899999999997,144.5,274.0,288.0,0.0,0.6458333333333334,0.0,0,0,0,0,1152,0,0.0
Always Sleep,,3004,volatile,coordinated,-352.49999999999784,0.0,1.0,0.1958400000000021,27.924650112487644,0.9875899999999997,144.5,274.0,288.0,0.0,0.6770833333333334,0.0,0,0,0,0,1152,0,0.0
Always Sleep,,3005,volatile,coordinated,-353.9999999999988,0.0,1.0,0.1958400000000021,28.08026909765794,0.9875899999999997,144.5,274.0,288.0,0.0,0.6840277777777778,0.0,0,0,0,0,1152,0,0.0
Always Sleep,,3006,volatile,coordinated,-289.4999999999982,0.0,1.0,0.1958400000000021,27.970602109231812,0.9875899999999997,144.5,274.0,288.0,0.0,0.7291666666666666,0.0,0,0,0,0,1152,0,0.0
Always Sleep,,3007,volatile,coordinated,-353.9999999999977,0.0,1.0,0.1958400000000021,27.72584938019354,0.9875899999999997,144.5,274.0,288.0,0.0,0.6909722222222222,0.0,0,0,0,0,1152,0,0.0
Always Sleep,,3008,volatile,coordinated,-376.49999999999767,0.0,1.0,0.1958400000000021,27.678808363663382,0.9875899999999997,144.5,274.0,288.0,0.0,0.6944444444444444,0.0,0,0,0,0,1152,0,0.0
Always Sleep,,3009,volatile,coordinated,-376.49999999999795,0.0,1.0,0.1958400000000021,27.35706781838024,0.9875899999999997,144.5,274.0,288.0,0.0,0.6493055555555556,0.0,0,0,0,0,1152,0,0.0
Always Sleep,,3010,volatile,coordinated,-347.99999999999807,0.0,1.0,0.1958400000000021,27.819657651968942,0.9875899999999997,144.5,274.0,288.0,0.0,0.6979166666666666,0.0,0,0,0,0,1152,0,0.0
Always Sleep,,3011,volatile,coordinated,-313.4999999999981,0.0,1.0,0.1958400000000021,27.82161901589394,0.9875899999999997,144.5,274.0,288.0,0.0,0.7430555555555556,0.0,0,0,0,0,1152,0,0.0
Always Sleep,,3012,volatile,coordinated,-313.4999999999987,0.0,1.0,0.1958400000000021,27.90835789481917,0.9875899999999997,144.5,274.0,288.0,0.0,0.7534722222222222,0.0,0,0,0,0,1152,0,0.0
Always Sleep,,3013,volatile,coordinated,-358.4999999999976,0.0,1.0,0.1958400000000021,27.60629658153886,0.9875899999999997,144.5,274.0,288.0,0.0,0.7013888888888888,0.0,0,0,0,0,1152,0,0.0
Always Sleep,,3014,volatile,coordinated,-343.4999999999978,0.0,1.0,0.1958400000000021,27.965147343052877,0.9875899999999997,144.5,274.0,288.0,0.0,0.7256944444444444,0.0,0,0,0,0,1152,0,0.0
Always Sleep,,3015,volatile,coordinated,-460.49999999999756,0.0,1.0,0.1958400000000021,28.124213368859103,0.9875899999999997,144.5,274.0,288.0,0.0,0.6041666666666666,0.0,0,0,0,0,1152,0,0.0
Always Sleep,,3016,volatile,coordinated,-328.49999999999807,0.0,1.0,0.1958400000000021,27.86800081186195,0.9875899999999997,144.5,274.0,288.0,0.0,0.7222222222222222,0.0,0,0,0,0,1152,0,0.0
Always Sleep,,3017,volatile,coordinated,-290.99999999999915,0.0,1.0,0.1958400000000021,27.5129058183247,0.9875899999999997,144.5,274.0,288.0,0.0,0.7569444444444444,0.0,0,0,0,0,1152,0,0.0
Always Sleep,,3018,volatile,coordinated,-322.49999999999824,0.0,1.0,0.1958400000000021,27.62835490570601,0.9875899999999997,144.5,274.0,288.0,0.0,0.7395833333333334,0.0,0,0,0,0,1152,0,0.0
Always Sleep,,3019,volatile,coordinated,-290.99999999999847,0.0,1.0,0.1958400000000021,27.7691952184056,0.9875899999999997,144.5,274.0,288.0,0.0,0.7430555555555556,0.0,0,0,0,0,1152,0,0.0
Always Sleep,,3020,volatile,coordinated,-343.4999999999974,0.0,1.0,0.1958400000000021,27.88644548435911,0.9875899999999997,144.5,274.0,288.0,0.0,0.6909722222222222,0.0,0,0,0,0,1152,0,0.0
Always Sleep,,3021,volatile,coordinated,-395.9999999999981,0.0,1.0,0.1958400000000021,27.356435250194345,0.9875899999999997,144.5,274.0,288.0,0.0,0.6527777777777778,0.0,0,0,0,0,1152,0,0.0
Always Sleep,,3022,volatile,coordinated,-241.49999999999864,0.0,1.0,0.1958400000000021,27.392636233701687,0.9875899999999997,144.5,274.0,288.0,0.0,0.8020833333333334,0.0,0,0,0,0,1152,0,0.0
Always Sleep,,3023,volatile,coordinated,-440.9999999999979,0.0,1.0,0.1958400000000021,27.617549127455494,0.9875899999999997,144.5,274.0,288.0,0.0,0.5972222222222222,0.0,0,0,0,0,1152,0,0.0
Always Sleep,,3024,volatile,coordinated,-485.99999999999835,0.0,1.0,0.1958400000000021,27.71187623849027,0.9875899999999997,144.5,274.0,288.0,0.0,0.5798611111111112,0.0,0,0,0,0,1152,0,0.0
Always Sleep,,3025,volatile,coordinated,-403.49999999999807,0.0,1.0,0.1958400000000021,27.62663751191855,0.9875899999999997,144.5,274.0,288.0,0.0,0.6597222222222222,0.0,0,0,0,0,1152,0,0.0
Always Sleep,,3026,volatile,coordinated,-265.4999999999988,0.0,1.0,0.1958400000000021,27.844778964859096,0.9875899999999997,144.5,274.0,288.0,0.0,0.7534722222222222,0.0,0,0,0,0,1152,0,0.0
Always Sleep,,3027,volatile,coordinated,-349.49999999999795,0.0,1.0,0.1958400000000021,27.499076027649426,0.9875899999999997,144.5,274.0,288.0,0.0,0.6875,0.0,0,0,0,0,1152,0,0.0
Always Sleep,,3028,volatile,coordinated,-394.49999999999744,0.0,1.0,0.1958400000000021,27.63507648640927,0.9875899999999997,144.5,274.0,288.0,0.0,0.65625,0.0,0,0,0,0,1152,0,0.0
Always Sleep,,3029,volatile,coordinated,-496.4999999999977,0.0,1.0,0.1958400000000021,27.497347482787532,0.9875899999999997,144.5,274.0,288.0,0.0,0.5555555555555556,0.0,0,0,0,0,1152,0,0.0
Always Sleep,,3030,volatile,coordinated,-356.99999999999784,0.0,1.0,0.1958400000000021,27.869642024952892,0.9875899999999997,144.5,274.0,288.0,0.0,0.6805555555555556,0.0,0,0,0,0,1152,0,0.0
Always Sample,,3001,volatile,coordinated,-201.34699999999881,0.30660377358490565,0.6933962264150944,19.09584000000018,27.62894994555471,0.02076188274667197,9.10329861111111,42.0,59.0,185.0,0.8854166666666666,0.2714720911949685,378,731,0,353,421,731,0.6345486111111112
Always Sample,,3002,volatile,coordinated,-126.21933333333331,0.3813559322033898,0.6186440677966102,19.4958400000002,27.861430036513966,0.01866647236436629,8.760416666666666,41.0,56.0,183.0,0.8564814814814815,0.3266242937853107,386,740,0,354,412,740,0.6423611111111112
Always Sample,,3003,volatile,coordinated,-220.37400000000082,0.29535864978902954,0.7046413502109705,18.99584000000017,27.548637494574557,0.025533691665171606,9.567708333333334,43.450000000000045,59.0,175.0,0.8550347222222222,0.2525419010782935,376,719,0,343,433,719,0.6241319444444444
Always Sample,,3004,volatile,coordinated,-190.90400000000037,0.325,0.675,19.5458400000002,27.924650112487644,0.021699812940593505,8.41232638888889,40.0,55.0,191.0,0.890625,0.28945312500000003,387,749,0,362,403,749,0.6501736111111112
Always Sample,,3005,volatile,coordinated,-153.69100000000034,0.3681592039800995,0.6318407960199005,19.09584000000018,28.08026909765794,0.022852839290496946,9.2421875,42.450000000000045,58.0,185.0,0.9097222222222222,0.3349226091763405,378,733,0,355,419,733,0.6362847222222222
Always Sample,,3006,volatile,coordinated,-151.99500000000032,0.37341772151898733,0.6265822784810127,19.4958400000002,27.970602109231812,0.01389508810489216,8.636284722222221,41.0,57.0,187.0,0.9227430555555556,0.3445686093530239,386,740,0,354,412,740,0.6423611111111112
Always Sample,,3007,volatile,coordinated,-214.16599999999917,0.3034825870646766,0.6965174129353233,19.745840000000207,27.72584938019354,0.016302658357812118,8.024305555555555,39.0,53.0,190.0,0.875,0.26554726368159204,391,751,0,360,401,751,0.6519097222222222
Always Sample,,3008,volatile,coordinated,-231.68033333333213,0.2824074074074074,0.7175925925925926,19.5958400000002,27.678808363663382,0.02241625254020114,8.494791666666666,40.450000000000045,55.0,185.0,0.886863425925926,0.25045680084019206,388,745,0,357,407,745,0.6467013888888888
Always Sample,,3009,volatile,coordinated,-95.43133333333336,0.4212962962962963,0.5787037037037037,19.4958400000002,27.35706781838024,0.019005085085693072,8.602430555555555,41.0,58.0,184.0,0.9484953703703705,0.39959758659122085,386,744,0,358,408,744,0.6458333333333334
Always Sample,,3010,volatile,coordinated,-311.1219999999989,0.17766497461928935,0.8223350253807107,19.79584000000021,27.819657651968942,0.015178357766999712,7.986111111111111,39.0,53.0,187.0,0.8368055555555556,0.1486710377890581,392,756,0,364,396,756,0.65625
Always Sample,,3011,volatile,coordinated,-191.01600000000008,0.3218390804597701,0.6781609195402298,19.09584000000018,27.82161901589394,0.025656690153385408,9.300347222222221,43.0,57.0,183.0,0.9123263888888888,0.2936222860791826,378,728,0,350,424,728,0.6319444444444444
Always Sample,,3012,volatile,coordinated,-110.78300000000038,0.4425287356321839,0.5574712643678161,19.39584000000019,27.90835789481917,0.022885023038507757,9.049479166666666,42.0,59.0,187.0,0.9583333333333334,0.4240900383141763,384,746,0,362,406,746,0.6475694444444444
Always Sample,,3013,volatile,coordinated,-206.73299999999952,0.3088235294117647,0.6911764705882353,19.19584000000018,27.60629658153886,0.021345348958225978,9.292534722222221,43.0,60.0,184.0,0.8888888888888888,0.27450980392156865,380,728,0,348,424,728,0.6319444444444444
Always Sample,,3014,volatile,coordinated,-213.44799999999972,0.31443298969072164,0.6855670103092784,19.4958400000002,27.965147343052877,0.023490098950172268,8.539930555555555,41.0,55.0,189.0,0.875,0.27512886597938147,386,748,0,362,404,748,0.6493055555555556
Always Sample,,3015,volatile,coordinated,-203.1963333333341,0.3272058823529412,0.6727941176470589,19.79584000000021,28.124213368859103,0.02352511390594215,8.01736111111111,39.0,51.0,193.0,0.863425925925926,0.2825180419389979,392,758,0,366,394,758,0.6579861111111112
Always Sample,,3016,volatile,coordinated,-148.87633333333335,0.3858695652173913,0.6141304347826086,19.94584000000022,27.86800081186195,0.019782790348302996,7.6953125,38.0,50.0,193.0,0.9320023148148149,0.35963132799919484,395,766,0,371,386,766,0.6649305555555556
Always Sample,,3017,volatile,coordinated,-151.64300000000065,0.3836477987421384,0.6163522012578616,19.645840000000206,27.5129058183247,0.020844445706974628,8.444444444444445,40.0,53.0,190.0,0.9392361111111112,0.3603358665269043,389,746,0,357,406,746,0.6475694444444444
Always Sample,,3018,volatile,coordinated,-128.86833333333405,0.4111111111111111,0.5888888888888889,19.14584000000018,27.62835490570601,0.02350617170196034,9.082465277777779,42.0,56.0,185.0,0.9432870370370371,0.3877957818930041,379,738,0,359,414,738,0.640625
Always Sample,,3019,volatile,coordinated,-211.99799999999948,0.2893081761006289,0.7106918238993711,19.39584000000019,27.7691952184056,0.0175908872630128,8.776909722222221,41.0,58.0,186.0,0.8888888888888888,0.25716282320055905,384,736,0,352,416,736,0.6388888888888888
Always Sample,,3020,volatile,coordinated,-295.08899999999903,0.1958762886597938,0.8041237113402062,18.99584000000017,27.88644548435911,0.011695029847621531,9.327256944444445,43.0,56.0,184.0,0.8246527777777778,0.1615299255441008,376,731,0,355,421,731,0.6345486111111112
Always Sample,,3021,volatile,coordinated,-132.84900000000084,0.38427947598253276,0.6157205240174672,19.445840000000196,27.356435250194345,0.019961585621209713,8.54861111111111,41.0,56.0,185.0,0.9270833333333334,0.3562590975254731,385,742,0,357,410,742,0.6440972222222222
Always Sample,,3022,volatile,coordinated,-177.83700000000067,0.3492063492063492,0.6507936507936508,19.645840000000206,27.392636233701687,0.016407202234690624,7.996527777777778,39.0,52.0,191.0,0.9305555555555556,0.3249559082892416,389,753,0,364,399,753,0.6536458333333334
Always Sample,,3023,volatile,coordinated,-268.657333333334,0.25096525096525096,0.7490347490347491,19.5958400000002,27.617549127455494,0.016900783604627444,8.026909722222221,39.0,51.0,186.0,0.8365162037037037,0.209936498998999,388,745,0,357,407,745,0.6467013888888888
Always Sample,,3024,volatile,coordinated,-147.5790000000009,0.36678200692041524,0.6332179930795847,19.19584000000018,27.71187623849027,0.020505225850317957,9.3359375,43.0,60.0,183.0,0.890625,0.3266652249134948,380,726,0,346,426,726,0.6302083333333334
Always Sample,,3025,volatile,coordinated,-143.69399999999945,0.38461538461538464,0.6153846153846154,19.245840000000186,27.62663751191855,0.016800698843572902,9.065972222222221,42.0,61.0,182.0,0.8923611111111112,0.343215811965812,381,735,0,354,417,735,0.6380208333333334
Always Sample,,3026,volatile,coordinated,-95.67200000000042,0.45774647887323944,0.5422535211267605,19.345840000000187,27.844778964859096,0.019528944134264578,9.239583333333334,42.450000000000045,61.0,176.0,0.9652777777777778,0.4418525039123631,383,728,0,345,424,728,0.6319444444444444
Always Sample,,3027,volatile,coordinated,-156.5820000000006,0.36363636363636365,0.6363636363636364,19.245840000000186,27.499076027649426,0.02147659667847379,9.133680555555555,42.0,57.0,186.0,0.9097222222222222,0.33080808080808083,381,723,0,342,429,723,0.6276041666666666
Always Sample,,3028,volatile,coordinated,-238.59899999999928,0.2807017543859649,0.7192982456140351,19.39584000000019,27.63507648640927,0.02076156226889035,8.871527777777779,41.450000000000045,58.0,182.0,0.84375,0.23684210526315788,384,736,0,352,416,736,0.6388888888888888
Always Sample,,3029,volatile,coordinated,-184.24400000000082,0.3310810810810811,0.6689189189189189,19.245840000000186,27.497347482787532,0.019975368175755563,8.902777777777779,42.0,56.0,187.0,0.8819444444444444,0.29199512012012013,381,737,0,356,415,737,0.6397569444444444
Always Sample,,3030,volatile,coordinated,-225.38199999999915,0.2857142857142857,0.7142857142857143,19.4958400000002,27.869642024952892,0.020240627571964688,8.86111111111111,41.450000000000045,59.0,189.0,0.8715277777777778,0.2490079365079365,386,744,0,358,408,744,0.6458333333333334
Random Feasible,,3001,volatile,coordinated,-179.79666666666685,0.2358490566037736,0.7641509433962264,16.145840000000074,27.62894994555471,0.018257629313568162,7.585069444444445,36.450000000000045,54.0,98.0,0.8648726851851852,0.2039794068832984,319,383,0,64,769,383,0.3324652777777778
Random Feasible,,3002,volatile,coordinated,-151.33833333333334,0.2994350282485876,0.7005649717514124,16.64584000000011,27.861430036513966,0.021591715402233425,6.736111111111111,34.0,56.0,86.0,0.8252314814814814,0.24710321196903118,329,394,0,65,758,394,0.3420138888888889
Random Feasible,,3003,volatile,coordinated,-204.71433333333337,0.2320675105485232,0.7679324894514767,16.595840000000106,27.548637494574557,0.02005687492902608,8.250868055555555,40.450000000000045,56.0,96.0,0.8365162037037037,0.19412823292701986,328,393,0,65,759,393,0.3411458333333333
Random Feasible,,3004,volatile,coordinated,-130.8289999999999,0.3,0.7,17.295840000000137,27.924650112487644,0.021837952190427515,7.006944444444445,35.0,48.0,98.0,0.8784722222222222,0.2635416666666667,342,419,0,77,733,419,0.3637152777777778
Random Feasible,,3005,volatile,coordinated,-115.40766666666666,0.30845771144278605,0.691542288557214,16.445840000000093,28.08026909765794,0.024860730359841182,7.108506944444445,35.0,51.0,88.0,0.8952546296296298,0.27614819421411463,325,397,0,72,755,397,0.3446180555555556
Random Feasible,,3006,volatile,coordinated,-118.36299999999994,0.2974683544303797,0.7025316455696202,16.89584000000012,27.970602109231812,0.033887202565008295,7.519097222222222,36.450000000000045,53.0,98.0,0.9105902777777778,0.27087179149085794,334,406,0,72,746,406,0.3524305555555556
Random Feasible,,3007,volatile,coordinated,-135.20799999999997,0.2835820895522388,0.7164179104477613,16.995840000000133,27.72584938019354,0.017693605394432533,6.957465277777778,34.0,51.0,88.0,0.8949652777777778,0.25379612354892206,336,401,0,65,751,401,0.3480902777777778
Random Feasible,,3008,volatile,coordinated,-151.16033333333337,0.28703703703703703,0.712962962962963,17.195840000000135,27.678808363663382,0.022489179442987804,6.46875,33.0,51.0,98.0,0.8825231481481481,0.2533168295610425,340,420,0,80,732,420,0.3645833333333333
Random Feasible,,3009,volatile,coordinated,-104.76099999999994,0.3148148148148148,0.6851851851851851,17.295840000000126,27.35706781838024,0.02721361950019243,7.289930555555555,36.0,63.0,93.0,0.9184027777777778,0.28912680041152267,342,416,0,74,736,416,0.3611111111111111
Random Feasible,,3010,volatile,coordinated,-229.1630000000001,0.18781725888324874,0.8121827411167513,17.545840000000144,27.819657651968942,0.02388626532648,7.214409722222222,35.0,51.0,105.0,0.8350694444444444,0.1568404540327129,347,420,0,73,732,420,0.3645833333333333
Random Feasible,,3011,volatile,coordinated,-108.4473333333334,0.3275862068965517,0.6724137931034483,17.245840000000122,27.82161901589394,0.020986470664480235,7.250868055555555,35.0,59.0,99.0,0.9267939814814815,0.3036049249680715,341,422,0,81,730,422,0.3663194444444444
Random Feasible,,3012,volatile,coordinated,-79.90333333333334,0.3735632183908046,0.6264367816091954,17.29584000000013,27.90835789481917,0.02224362763351457,7.181423611111111,35.0,51.0,97.0,0.9372106481481483,0.35010742603235423,342,427,0,85,725,427,0.3706597222222222
Random Feasible,,3013,volatile,coordinated,-168.34566666666677,0.25980392156862747,0.7401960784313726,17.24584000000013,27.60629658153886,0.03226830690640594,8.130208333333334,40.0,62.0,95.0,0.8787615740740741,0.22830570306826437,341,423,0,82,729,423,0.3671875
Random Feasible,,3014,volatile,coordinated,-169.26400000000007,0.27319587628865977,0.7268041237113403,17.395840000000128,27.965147343052877,0.029276404917129743,7.427951388888889,36.0,60.0,114.0,0.8836805555555556,0.2414178837342497,344,439,0,95,713,439,0.3810763888888889
Random Feasible,,3015,volatile,coordinated,-133.26033333333328,0.3161764705882353,0.6838235294117647,17.595840000000152,28.124213368859103,0.005608995447562077,6.791666666666667,35.0,50.0,105.0,0.8660300925925927,0.27381833809912853,348,415,0,67,737,415,0.3602430555555556
Random Feasible,,3016,volatile,coordinated,-108.61933333333332,0.33152173913043476,0.6684782608695652,17.94584000000016,27.86800081186195,0.00966070419966734,6.670138888888889,33.0,47.0,100.0,0.9163773148148147,0.30379900110708524,355,445,0,90,707,445,0.3862847222222222
Random Feasible,,3017,volatile,coordinated,-119.1123333333333,0.3018867924528302,0.6981132075471699,16.94584000000012,27.5129058183247,0.01248152775294403,6.970486111111111,33.0,52.0,97.0,0.925925925925926,0.27952480782669464,335,409,0,74,743,409,0.3550347222222222
Random Feasible,,3018,volatile,coordinated,-67.51133333333331,0.39444444444444443,0.6055555555555556,17.045840000000116,27.62835490570601,0.02622568229211792,8.300347222222221,40.450000000000045,62.0,106.0,0.933738425925926,0.36830793467078193,337,396,0,59,756,396,0.34375
Random Feasible,,3019,volatile,coordinated,-127.96899999999994,0.3018867924528302,0.6981132075471699,17.59584000000014,27.7691952184056,0.016806545260707493,6.544270833333333,33.0,58.0,106.0,0.8975694444444444,0.2709643605870021,348,416,0,68,736,416,0.3611111111111111
Random Feasible,,3020,volatile,coordinated,-230.34066666666666,0.17525773195876287,0.8247422680412371,17.245840000000115,27.88644548435911,0.011952403203167728,7.970486111111111,39.0,59.0,97.0,0.8275462962962963,0.14503388697976324,341,402,0,61,750,402,0.3489583333333333
Random Feasible,,3021,volatile,coordinated,-121.2543333333333,0.31877729257641924,0.6812227074235808,17.39584000000013,27.356435250194345,0.00546063483004214,6.685763888888889,33.0,52.0,106.0,0.8938078703703705,0.28492565300016176,344,421,0,77,731,421,0.3654513888888889
Random Feasible,,3022,volatile,coordinated,-126.96033333333332,0.2777777777777778,0.7222222222222222,17.19584000000014,27.392636233701687,0.014946161402840082,6.438368055555555,33.0,49.0,95.0,0.921585648148148,0.2559960133744856,340,401,0,61,751,401,0.3480902777777778
Random Feasible,,3023,volatile,coordinated,-177.4466666666667,0.2625482625482625,0.7374517374517375,17.195840000000143,27.617549127455494,0.015902889596970934,6.039930555555555,31.0,47.0,95.0,0.8336226851851852,0.21886618761618762,340,407,0,67,745,407,0.3532986111111111
Random Feasible,,3024,volatile,coordinated,-82.65766666666664,0.356401384083045,0.643598615916955,17.34584000000013,27.71187623849027,0.011421192026406929,7.384548611111111,35.0,56.0,102.0,0.8995949074074073,0.3206168701140587,343,424,0,81,728,424,0.3680555555555556
Random Feasible,,3025,volatile,coordinated,-98.01933333333325,0.3547008547008547,0.6452991452991452,17.09584000000012,27.62663751191855,0.019110676937793985,7.539930555555555,37.0,53.0,105.0,0.886863425925926,0.3145712151788541,338,419,0,81,733,419,0.3637152777777778
Random Feasible,,3026,volatile,coordinated,-78.88000000000001,0.36619718309859156,0.6338028169014085,17.295840000000144,27.844778964859096,0.014040246893622085,7.282986111111111,36.450000000000045,57.0,105.0,0.9418402777777778,0.3448992566510172,342,414,0,72,738,414,0.359375
Random Feasible,,3027,volatile,coordinated,-142.15233333333333,0.2828282828282828,0.7171717171717171,16.695840000000103,27.499076027649426,0.014686443086504958,7.986111111111111,38.0,58.0,102.0,0.8912037037037037,0.25205761316872427,330,398,0,68,754,398,0.3454861111111111
Random Feasible,,3028,volatile,coordinated,-206.33766666666682,0.2324561403508772,0.7675438596491229,17.24584000000014,27.63507648640927,0.026220588986335197,8.0078125,38.0,58.0,104.0,0.8388310185185185,0.19499142097141,341,414,0,73,738,414,0.359375
Random Feasible,,3029,volatile,coordinated,-137.41166666666652,0.30405405405405406,0.6959459459459459,16.795840000000112,27.497347482787532,0.027907326743933,7.583333333333333,37.0,57.0,96.0,0.8587962962962963,0.2611204954954955,332,392,0,60,760,392,0.3402777777777778
Random Feasible,,3030,volatile,coordinated,-141.96766666666667,0.3054187192118227,0.6945812807881773,17.495840000000133,27.869642024952892,0.017419925120980048,7.811631944444445,38.0,64.0,112.0,0.8614004629629629,0.26308782612661924,346,418,0,72,734,418,0.3628472222222222
Fixed Interval,,3001,volatile,coordinated,-244.67133333333328,0.08490566037735849,0.9150943396226415,4.995839999999857,27.62894994555471,0.6701166415344343,5.4375,11.0,11.0,0.0,0.7505787037037037,0.06372838050314465,96,96,0,0,1056,96,0.08333333333333333
Fixed Interval,,3002,volatile,coordinated,-395.50466666666546,0.0903954802259887,0.9096045197740112,4.995839999999857,27.861430036513966,0.6696819547829488,5.4375,11.0,11.0,0.0,0.619212962962963,0.055974053149194396,96,96,0,0,1056,96,0.08333333333333333
Fixed Interval,,3003,volatile,coordinated,-254.9213333333333,0.10548523206751055,0.8945147679324894,4.995839999999857,27.548637494574557,0.669826542153672,5.4375,11.0,11.0,0.0,0.7462384259259259,0.07871713353649008,96,96,0,0,1056,96,0.08333333333333333
Fixed Interval,,3004,volatile,coordinated,-243.08799999999982,0.08,0.92,4.995839999999857,27.924650112487644,0.6699277595338098,5.4375,11.0,11.0,0.0,0.7352430555555556,0.058819444444444445,96,96,0,0,1056,96,0.08333333333333333
Fixed Interval,,3005,volatile,coordinated,-242.50466666666668,0.07462686567164178,0.9253731343283582,4.995839999999857,28.08026909765794,0.6698448706725202,5.4375,11.0,11.0,0.0,0.761574074074074,0.056833886124930885,96,96,0,0,1056,96,0.08333333333333333
Fixed Interval,,3006,volatile,coordinated,-186.58799999999994,0.08227848101265822,0.9177215189873418,4.995839999999857,27.970602109231812,0.669752162093215,5.4375,11.0,11.0,0.0,0.8012152777777778,0.06592277601969057,96,96,0,0,1056,96,0.08333333333333333
Fixed Interval,,3007,volatile,coordinated,-231.00466666666696,0.08955223880597014,0.9104477611940298,4.995839999999857,27.72584938019354,0.6699182756228127,5.4375,11.0,11.0,0.0,0.7719907407407407,0.0691334991708126,96,96,0,0,1056,96,0.08333333333333333
Fixed Interval,,3008,volatile,coordinated,-273.6713333333325,0.06481481481481481,0.9351851851851852,4.995839999999857,27.678808363663382,0.669979163023219,5.4375,11.0,11.0,0.0,0.7540509259259259,0.04887367112482853,96,96,0,0,1056,96,0.08333333333333333
Fixed Interval,,3009,volatile,coordinated,-246.92133333333322,0.08796296296296297,0.912037037037037,4.995839999999857,27.35706781838024,0.6698847480881239,5.4375,11.0,11.0,0.0,0.7410300925925926,0.06518320258916324,96,96,0,0,1056,96,0.08333333333333333
Fixed Interval,,3010,volatile,coordinated,-225.42133333333345,0.09137055837563451,0.9086294416243654,4.995839999999857,27.819657651968942,0.6688311265078568,5.4375,11.0,11.0,0.0,0.777488425925926,0.07103955160744502,96,96,0,0,1056,96,0.08333333333333333
Fixed Interval,,3011,volatile,coordinated,-197.25466666666682,0.09770114942528736,0.9022988505747126,4.995839999999857,27.82161901589394,0.6688273456481956,5.4375,11.0,11.0,0.0,0.8127893518518517,0.07941045391656024,96,96,0,0,1056,96,0.08333333333333333
Fixed Interval,,3012,volatile,coordinated,-221.0880000000002,0.06321839080459771,0.9367816091954023,4.995839999999857,27.90835789481917,0.6700500896413036,5.4375,11.0,11.0,0.0,0.8133680555555556,0.05141981960408685,96,96,0,0,1056,96,0.08333333333333333
Fixed Interval,,3013,volatile,coordinated,-253.2546666666665,0.06862745098039216,0.9313725490196079,4.995839999999857,27.60629658153886,0.6696850106194155,5.4375,11.0,11.0,0.0,0.769386574074074,0.052801039397240374,96,96,0,0,1056,96,0.08333333333333333
Fixed Interval,,3014,volatile,coordinated,-231.25466666666674,0.08247422680412371,0.9175257731958762,4.995839999999857,27.965147343052877,0.6692803889460559,5.4375,11.0,11.0,0.0,0.7936921296296297,0.06545914471172203,96,96,0,0,1056,96,0.08333333333333333
Fixed Interval,,3015,volatile,coordinated,-305.92133333333254,0.09558823529411764,0.9044117647058824,4.995839999999857,28.124213368859103,0.669995031549641,5.4375,11.0,11.0,0.0,0.6976273148148148,0.066684963916122,96,96,0,0,1056,96,0.08333333333333333
Fixed Interval,,3016,volatile,coordinated,-199.5879999999999,0.10869565217391304,0.8913043478260869,4.995839999999857,27.86800081186195,0.6694286986982292,5.4375,11.0,11.0,0.0,0.7994791666666666,0.08689990942028984,96,96,0,0,1056,96,0.08333333333333333
Fixed Interval,,3017,volatile,coordinated,-192.0880000000001,0.08176100628930817,0.9182389937106918,4.995839999999857,27.5129058183247,0.6700218499346319,5.4375,11.0,11.0,0.0,0.8151041666666666,0.06664373689727462,96,96,0,0,1056,96,0.08333333333333333
Fixed Interval,,3018,volatile,coordinated,-226.00466666666668,0.06666666666666667,0.9333333333333333,4.995839999999857,27.62835490570601,0.6696827632083526,5.4375,11.0,11.0,0.0,0.8015046296296297,0.05343364197530864,96,96,0,0,1056,96,0.08333333333333333
Fixed Interval,,3019,volatile,coordinated,-192.9213333333335,0.07547169811320754,0.9245283018867925,4.995839999999857,27.7691952184056,0.6689300320715978,5.4375,11.0,11.0,0.0,0.810474537037037,0.061167889587700905,96,96,0,0,1056,96,0.08333333333333333
Fixed Interval,,3020,volatile,coordinated,-234.33799999999997,0.07731958762886598,0.9226804123711341,4.995839999999857,27.88644548435911,0.6695126080968641,5.4375,11.0,11.0,0.0,0.7604166666666666,0.058795103092783504,96,96,0,0,1056,96,0.08333333333333333
Fixed Interval,,3021,volatile,coordinated,-272.254666666666,0.07860262008733625,0.9213973799126638,4.995839999999857,27.356435250194345,0.6699914476854996,5.4375,11.0,11.0,0.0,0.736400462962963,0.05788300582241631,96,96,0,0,1056,96,0.08333333333333333
Fixed Interval,,3022,volatile,coordinated,-165.42133333333356,0.06349206349206349,0.9365079365079365,4.995839999999857,27.392636233701687,0.6694202751522272,5.4375,11.0,11.0,0.0,0.8417245370370371,0.053442827748383305,96,96,0,0,1056,96,0.08333333333333333
Fixed Interval,,3023,volatile,coordinated,-279.0879999999998,0.10424710424710425,0.8957528957528957,4.995839999999857,27.617549127455494,0.6695888228535455,5.4375,11.0,11.0,0.0,0.7039930555555556,0.07338923745173745,96,96,0,0,1056,96,0.08333333333333333
Fixed Interval,,3024,volatile,coordinated,-333.6713333333322,0.08304498269896193,0.9169550173010381,4.995839999999857,27.71187623849027,0.6696113019938936,5.4375,11.0,11.0,0.0,0.6898148148148149,0.05728565936178393,96,96,0,0,1056,96,0.08333333333333333
Fixed Interval,,3025,volatile,coordinated,-257.25466666666614,0.10256410256410256,0.8974358974358975,4.995839999999857,27.62663751191855,0.669362594395779,5.4375,11.0,11.0,0.0,0.7485532407407407,0.07677469135802469,96,96,0,0,1056,96,0.08333333333333333
Fixed Interval,,3026,volatile,coordinated,-173.75466666666662,0.07746478873239436,0.9225352112676056,4.995839999999857,27.844778964859096,0.6699285762899183,5.4375,11.0,11.0,0.0,0.8110532407407407,0.06282806794470526,96,96,0,0,1056,96,0.08333333333333333
Fixed Interval,,3027,volatile,coordinated,-235.67133333333362,0.07575757575757576,0.9242424242424242,4.995839999999857,27.499076027649426,0.670030771382053,5.4375,11.0,11.0,0.0,0.7731481481481483,0.05857182940516275,96,96,0,0,1056,96,0.08333333333333333
Fixed Interval,,3028,volatile,coordinated,-252.67133333333322,0.09649122807017543,0.9035087719298246,4.995839999999857,27.63507648640927,0.6699058207320101,5.4375,11.0,11.0,0.0,0.7540509259259259,0.07275929987004548,96,96,0,0,1056,96,0.08333333333333333
Fixed Interval,,3029,volatile,coordinated,-335.25466666666523,0.08783783783783784,0.9121621621621622,4.995839999999857,27.497347482787532,0.6696968853173279,5.4375,11.0,11.0,0.0,0.6721643518518517,0.05904146333833833,96,96,0,0,1056,96,0.08333333333333333
Fixed Interval,,3030,volatile,coordinated,-243.08800000000008,0.07881773399014778,0.9211822660098522,4.995839999999857,27.869642024952892,0.6698712915259408,5.4375,11.0,11.0,0.0,0.7543402777777778,0.059455391351943075,96,96,0,0,1056,96,0.08333333333333333
Entropy Threshold,,3001,volatile,coordinated,153.4713333333333,0.589622641509434,0.410377358490566,10.645840000000016,27.62894994555471,0.258893145849049,5.155381944444445,17.0,37.0,46.0,0.9603587962962964,0.5662492902690427,209,237,0,28,915,237,0.20572916666666666
Entropy Threshold,,3002,volatile,coordinated,243.74933333333342,0.5819209039548022,0.4180790960451978,14.045840000000059,27.861430036513966,0.031197429204892407,4.827256944444445,18.450000000000045,51.0,66.0,0.9195601851851851,0.5351112942038082,277,336,0,59,816,336,0.2916666666666667
Entropy Threshold,,3003,volatile,coordinated,168.38466666666662,0.5949367088607594,0.40506329113924056,11.595840000000019,27.548637494574557,0.12294922055808041,4.510416666666667,16.0,31.0,53.0,0.9519675925925927,0.5663604664791374,228,261,0,33,891,261,0.2265625
Entropy Threshold,,3004,volatile,coordinated,198.50233333333327,0.67,0.32999999999999996,11.495840000000001,27.924650112487644,0.1522471182595358,4.717013888888889,15.0,30.0,46.0,0.9664351851851853,0.6475115740740742,226,254,0,28,898,254,0.2204861111111111
Entropy Threshold,,3005,volatile,coordinated,158.7296666666665,0.6119402985074627,0.3880597014925373,10.995839999999982,28.08026909765794,0.033877630330604744,5.2109375,17.0,31.0,43.0,0.9675925925925924,0.5921088999447207,216,245,0,29,907,245,0.2126736111111111
Entropy Threshold,,3006,volatile,coordinated,158.25100000000006,0.6835443037974683,0.31645569620253167,10.295840000000004,27.970602109231812,0.3535916296973209,6.233506944444445,25.0,39.0,44.0,0.9704861111111112,0.663370253164557,202,231,0,29,921,231,0.20052083333333334
Entropy Threshold,,3007,volatile,coordinated,133.46666666666667,0.582089552238806,0.417910447761194,10.795839999999986,27.72584938019354,0.2005147227094022,5.755208333333333,20.0,40.0,44.0,0.9623842592592591,0.560193822553897,212,241,0,29,911,241,0.2092013888888889
Entropy Threshold,,3008,volatile,coordinated,117.79199999999997,0.5601851851851852,0.43981481481481477,10.645840000000053,27.678808363663382,0.4492824391963217,5.360243055555555,17.0,28.0,50.0,0.9505208333333334,0.53246768904321,209,243,0,34,909,243,0.2109375
Entropy Threshold,,3009,volatile,coordinated,237.8080000000002,0.6898148148148148,0.31018518518518523,11.345840000000097,27.35706781838024,0.4077185064736071,4.822048611111111,17.0,29.0,46.0,0.9817708333333334,0.6772400655864197,223,269,0,46,883,269,0.23350694444444445
Entropy Threshold,,3010,volatile,coordinated,180.00566666666674,0.6548223350253807,0.3451776649746193,11.095840000000056,27.819657651968942,0.29017672705123243,5.28125,17.0,33.0,48.0,0.972800925925926,0.6370117738296672,218,251,0,33,901,251,0.21788194444444445
Entropy Threshold,,3011,volatile,coordinated,81.89366666666659,0.5459770114942529,0.45402298850574707,9.49583999999997,27.82161901589394,0.36927929096872103,5.899305555555555,20.0,38.0,40.0,0.9484953703703705,0.5178566677309494,186,220,0,34,932,220,0.1909722222222222
Entropy Threshold,,3012,volatile,coordinated,157.25900000000001,0.6609195402298851,0.3390804597701149,9.345839999999907,27.90835789481917,0.27777046582913056,6.652777777777778,22.0,52.0,48.0,0.9947916666666666,0.6574772509578544,183,221,0,38,931,221,0.1918402777777778
Entropy Threshold,,3013,volatile,coordinated,103.8579999999999,0.5441176470588235,0.4558823529411765,9.395840000000012,27.60629658153886,0.6179276375270857,6.782986111111111,23.0,42.0,39.0,0.9435763888888888,0.5134165645424836,184,211,0,27,941,211,0.1831597222222222
Entropy Threshold,,3014,volatile,coordinated,107.37533333333327,0.5670103092783505,0.4329896907216495,9.945839999999986,27.965147343052877,0.35814470327773895,6.099826388888889,20.0,40.0,49.0,0.9620949074074076,0.5455177310042001,195,232,0,37,920,232,0.2013888888888889
Entropy Threshold,,3015,volatile,coordinated,195.4246666666667,0.5955882352941176,0.40441176470588236,12.545840000000068,28.124213368859103,0.13595271457672975,4.221354166666667,14.0,22.0,53.0,0.9432870370370371,0.561810661764706,247,299,0,52,853,299,0.2595486111111111
Entropy Threshold,,3016,volatile,coordinated,145.83699999999993,0.6358695652173914,0.36413043478260865,11.045839999999995,27.86800081186195,0.24082122664269312,5.438368055555555,18.450000000000045,37.0,54.0,0.9704861111111112,0.6171025815217392,217,259,0,42,893,259,0.2248263888888889
Entropy Threshold,,3017,volatile,coordinated,149.76666666666674,0.660377358490566,0.339622641509434,9.895839999999938,27.5129058183247,0.05520393056463655,6.217881944444445,22.0,46.0,39.0,0.9953703703703705,0.6573200559049616,194,213,0,19,939,213,0.18489583333333334
Entropy Threshold,,3018,volatile,coordinated,119.56633333333329,0.5888888888888889,0.4111111111111111,9.945839999999954,27.62835490570601,0.3658457975042628,5.371527777777778,18.0,25.0,42.0,0.9768518518518517,0.5752572016460905,195,226,0,31,926,226,0.19618055555555555
Entropy Threshold,,3019,volatile,coordinated,139.0229999999999,0.6415094339622641,0.3584905660377359,9.395839999999897,27.7691952184056,0.24016550907545264,5.901909722222222,18.0,40.0,37.0,0.9722222222222222,0.6236897274633123,184,202,0,18,950,202,0.1753472222222222
Entropy Threshold,,3020,volatile,coordinated,72.522,0.5,0.5,9.195839999999837,27.88644548435911,0.15864377101044286,7.303819444444445,27.450000000000045,53.0,32.0,0.9288194444444444,0.4644097222222222,180,201,0,21,951,201,0.17447916666666666
Entropy Threshold,,3021,volatile,coordinated,207.0043333333334,0.6419213973799127,0.3580786026200873,11.545840000000052,27.356435250194345,0.28516743633977815,5.158854166666667,19.0,34.0,49.0,0.9768518518518517,0.6270621057738962,227,269,0,42,883,269,0.23350694444444445
Entropy Threshold,,3022,volatile,coordinated,95.8476666666667,0.626984126984127,0.373015873015873,9.195839999999912,27.392636233701687,0.2771447918179618,6.967881944444445,24.0,42.0,35.0,0.988425925925926,0.6197273662551441,180,198,0,18,954,198,0.171875
Entropy Threshold,,3023,volatile,coordinated,211.4346666666666,0.6177606177606177,0.38223938223938225,12.34584000000004,27.617549127455494,0.027452789974982086,4.040798611111111,14.0,25.0,62.0,0.9589120370370371,0.5923780923780924,243,286,0,43,866,286,0.2482638888888889
Entropy Threshold,,3024,volatile,coordinated,229.627,0.6193771626297578,0.38062283737024216,12.29584000000002,27.71187623849027,0.08994901127076949,5.517361111111111,22.0,34.0,70.0,0.953125,0.5903438581314879,242,296,0,54,856,296,0.2569444444444444
Entropy Threshold,,3025,volatile,coordinated,167.38033333333328,0.594017094017094,0.405982905982906,11.09584000000002,27.62663751191855,0.24428639499872695,5.861111111111111,20.0,38.0,51.0,0.9742476851851853,0.5787197788065844,218,265,0,47,887,265,0.2300347222222222
Entropy Threshold,,3026,volatile,coordinated,156.16566666666662,0.704225352112676,0.295774647887324,9.795840000000029,27.844778964859096,0.5044663144897255,6.092013888888889,22.0,53.0,36.0,0.9814814814814815,0.6911841418883672,192,215,0,23,937,215,0.18663194444444445
Entropy Threshold,,3027,volatile,coordinated,169.94666666666663,0.6313131313131313,0.36868686868686873,9.795839999999913,27.499076027649426,0.23633602735461412,7.855902777777778,30.450000000000045,48.0,41.0,0.9710648148148149,0.6130459689487467,192,227,0,35,925,227,0.1970486111111111
Entropy Threshold,,3028,volatile,coordinated,76.82599999999998,0.49122807017543857,0.5087719298245614,10.295839999999957,27.63507648640927,0.35037739062224754,5.769965277777778,18.0,52.0,43.0,0.9279513888888888,0.4558357699805068,202,233,0,31,919,233,0.20225694444444445
Entropy Threshold,,3029,volatile,coordinated,177.95499999999987,0.5574324324324325,0.44256756756756754,12.445840000000072,27.497347482787532,0.12690797566264023,4.346354166666667,15.0,26.0,53.0,0.9192708333333334,0.5124313766891893,245,288,0,43,864,288,0.25
Entropy Threshold,,3030,volatile,coordinated,174.79966666666664,0.6305418719211823,0.3694581280788177,10.345839999999987,27.869642024952892,0.2427389776947302,5.165798611111111,17.0,27.0,48.0,0.9736689814814814,0.6139390622149242,203,232,0,29,920,232,0.2013888888888889
Battery + Entropy,,3001,volatile,coordinated,139.75400000000005,0.5707547169811321,0.4292452830188679,10.395840000000021,27.62894994555471,0.271393145849049,5.363715277777778,18.0,35.0,42.0,0.953125,0.5440005896226415,204,231,0,27,921,231,0.20052083333333334
Battery + Entropy,,3002,volatile,coordinated,233.345,0.5734463276836158,0.4265536723163842,13.795840000000057,27.861430036513966,0.08119742920489229,5.1640625,20.450000000000045,54.0,64.0,0.9149305555555556,0.5246635671688638,272,328,0,56,824,328,0.2847222222222222
Battery + Entropy,,3003,volatile,coordinated,161.37833333333327,0.5864978902953587,0.4135021097046413,11.395840000000007,27.548637494574557,0.12294922055808041,4.747395833333333,17.0,31.0,51.0,0.9473379629629631,0.5556117166744805,224,255,0,31,897,255,0.22135416666666666
Battery + Entropy,,3004,volatile,coordinated,183.85599999999994,0.65,0.35,11.245839999999966,27.924650112487644,0.1647471182595358,4.990451388888889,17.0,36.0,44.0,0.9600694444444444,0.6240451388888889,221,249,0,28,903,249,0.21614583333333334
Battery + Entropy,,3005,volatile,coordinated,148.23533333333322,0.5970149253731343,0.4029850746268657,10.795839999999986,28.08026909765794,0.07137763033060468,5.266493055555555,17.0,32.0,41.0,0.9629629629629629,0.5749032614704256,212,241,0,29,911,241,0.2092013888888889
Battery + Entropy,,3006,volatile,coordinated,157.73500000000004,0.6835443037974683,0.31645569620253167,10.295840000000004,27.970602109231812,0.3535916296973209,6.247395833333333,25.0,43.0,45.0,0.9704861111111112,0.663370253164557,202,231,0,29,921,231,0.20052083333333334
Battery + Entropy,,3007,volatile,coordinated,117.0483333333333,0.5621890547263682,0.43781094527363185,10.545839999999982,27.72584938019354,0.2130147227094022,6.055555555555555,20.450000000000045,43.0,43.0,0.9516782407407407,0.5350230905656901,207,236,0,29,916,236,0.2048611111111111
Battery + Entropy,,3008,volatile,coordinated,105.00433333333328,0.5462962962962963,0.4537037037037037,10.495840000000051,27.678808363663382,0.4492824391963217,5.508680555555555,17.450000000000045,28.0,50.0,0.9421296296296298,0.514681927297668,206,240,0,34,912,240,0.20833333333333334
Battery + Entropy,,3009,volatile,coordinated,233.80066666666684,0.6851851851851852,0.31481481481481477,11.195840000000096,27.35706781838024,0.4077185064736071,5.233506944444445,19.0,42.0,46.0,0.980613425925926,0.6719017918381346,220,266,0,46,886,266,0.2309027777777778
Battery + Entropy,,3010,volatile,coordinated,174.63666666666674,0.6446700507614214,0.35532994923857864,10.99584000000004,27.819657651968942,0.29017672705123243,5.297743055555555,17.0,33.0,45.0,0.9719328703703705,0.6265760128783607,216,247,0,31,905,247,0.2144097222222222
Battery + Entropy,,3011,volatile,coordinated,73.96733333333327,0.5344827586206896,0.4655172413793104,9.34583999999995,27.82161901589394,0.36927929096872103,6.240451388888889,21.0,46.0,40.0,0.945601851851852,0.5054078863346105,183,217,0,34,935,217,0.18836805555555555
Battery + Entropy,,3012,volatile,coordinated,147.65800000000016,0.6494252873563219,0.3505747126436781,9.245839999999903,27.90835789481917,0.27777046582913056,7.431423611111111,28.450000000000045,50.0,48.0,0.9878472222222222,0.641532966155811,181,218,0,37,934,218,0.1892361111111111
Battery + Entropy,,3013,volatile,coordinated,97.35699999999989,0.5343137254901961,0.46568627450980393,9.19583999999998,27.60629658153886,0.6179276375270857,6.9140625,24.0,43.0,37.0,0.9409722222222222,0.5027743736383442,180,207,0,27,945,207,0.1796875
Battery + Entropy,,3014,volatile,coordinated,104.42533333333331,0.5618556701030928,0.4381443298969072,9.845839999999985,27.965147343052877,0.35814470327773895,6.013020833333333,20.0,35.0,48.0,0.961226851851852,0.5400707569683085,193,230,0,37,922,230,0.1996527777777778
Battery + Entropy,,3015,volatile,coordinated,183.36466666666658,0.5845588235294118,0.4154411764705882,12.295840000000043,28.124213368859103,0.1484527145767297,4.452256944444445,15.0,26.0,51.0,0.9328703703703705,0.5453176062091504,242,292,0,50,860,292,0.2534722222222222
Battery + Entropy,,3016,volatile,coordinated,146.66299999999995,0.6358695652173914,0.36413043478260865,10.945839999999984,27.86800081186195,0.24082122664269312,5.504340277777778,19.0,38.0,53.0,0.9704861111111112,0.6171025815217392,215,255,0,40,897,255,0.22135416666666666
Battery + Entropy,,3017,volatile,coordinated,142.45033333333333,0.6477987421383647,0.35220125786163525,9.795839999999943,27.5129058183247,0.09196543283579489,5.948784722222222,21.0,35.0,38.0,0.9907407407407409,0.6418006056370837,192,211,0,19,941,211,0.1831597222222222
Battery + Entropy,,3018,volatile,coordinated,112.25899999999996,0.5777777777777777,0.4222222222222223,9.745839999999953,27.62835490570601,0.3658457975042628,5.479166666666667,18.0,27.0,41.0,0.9730902777777778,0.562229938271605,191,222,0,31,930,222,0.19270833333333334
Battery + Entropy,,3019,volatile,coordinated,134.89433333333332,0.6352201257861635,0.3647798742138365,9.345839999999898,27.7691952184056,0.25266550907545265,5.958333333333333,19.0,35.0,37.0,0.9699074074074076,0.6161047053342651,183,201,0,18,951,201,0.17447916666666666
Battery + Entropy,,3020,volatile,coordinated,52.03000000000002,0.4742268041237113,0.5257731958762887,8.895839999999842,27.88644548435911,0.18364377101044282,7.891493055555555,30.0,58.0,31.0,0.9157986111111112,0.4342962485681558,174,192,0,18,960,192,0.16666666666666666
Battery + Entropy,,3021,volatile,coordinated,204.05033333333344,0.6375545851528385,0.36244541484716153,11.495840000000051,27.356435250194345,0.28516743633977815,5.205729166666667,19.0,34.0,48.0,0.9768518518518517,0.6227963771631894,226,268,0,42,884,268,0.2326388888888889
Battery + Entropy,,3022,volatile,coordinated,92.28666666666668,0.6190476190476191,0.38095238095238093,9.195839999999928,27.392636233701687,0.28964479181796177,6.587673611111111,22.0,35.0,34.0,0.9849537037037037,0.6097332451499119,180,198,0,18,954,198,0.171875
Battery + Entropy,,3023,volatile,coordinated,190.96199999999996,0.5945945945945946,0.4054054054054054,12.045840000000027,27.617549127455494,0.07745278997498208,4.139756944444445,14.0,25.0,59.0,0.953125,0.566722972972973,237,278,0,41,874,278,0.24131944444444445
Battery + Entropy,,3024,volatile,coordinated,222.5770000000001,0.6124567474048442,0.38754325259515576,11.995840000000019,27.71187623849027,0.1268561287127164,5.826388888888889,23.0,36.0,68.0,0.9479166666666666,0.5805579584775086,236,288,0,52,864,288,0.25
Battery + Entropy,,3025,volatile,coordinated,163.27399999999994,0.5897435897435898,0.41025641025641024,11.04584000000002,27.62663751191855,0.24428639499872695,5.924479166666667,20.0,40.0,50.0,0.9696180555555556,0.5718260327635328,217,262,0,45,890,262,0.22743055555555555
Battery + Entropy,,3026,volatile,coordinated,156.37566666666663,0.704225352112676,0.295774647887324,9.795840000000029,27.844778964859096,0.5044663144897255,5.904513888888889,21.0,43.0,36.0,0.9814814814814815,0.6911841418883672,192,215,0,23,937,215,0.18663194444444445
Battery + Entropy,,3027,volatile,coordinated,155.01466666666656,0.6111111111111112,0.38888888888888884,9.645839999999913,27.499076027649426,0.23633602735461412,7.932291666666667,30.450000000000045,53.0,39.0,0.9632523148148149,0.5886541923868314,189,223,0,34,929,223,0.1935763888888889
Battery + Entropy,,3028,volatile,coordinated,70.08199999999998,0.4824561403508772,0.5175438596491229,10.095839999999955,27.63507648640927,0.35037739062224754,6.114583333333333,21.0,53.0,41.0,0.9253472222222222,0.44643944931773877,198,229,0,31,923,229,0.1987847222222222
Battery + Entropy,,3029,volatile,coordinated,161.99866666666654,0.543918918918919,0.45608108108108103,12.19584000000004,27.497347482787532,0.13940797566264024,4.933159722222222,18.0,39.0,53.0,0.9120370370370371,0.49607419919919926,240,280,0,40,872,280,0.24305555555555555
Battery + Entropy,,3030,volatile,coordinated,163.14666666666665,0.6157635467980296,0.3842364532019704,10.095839999999955,27.869642024952892,0.25523897769473025,5.260416666666667,17.0,27.0,46.0,0.9641203703703702,0.5936701787994891,198,225,0,27,927,225,0.1953125
Greedy,,3001,volatile,coordinated,-201.34699999999881,0.30660377358490565,0.6933962264150944,19.09584000000018,27.62894994555471,0.02076188274667197,9.10329861111111,42.0,59.0,185.0,0.8854166666666666,0.2714720911949685,378,731,0,353,421,731,0.6345486111111112
Greedy,,3002,volatile,coordinated,-126.21933333333331,0.3813559322033898,0.6186440677966102,19.4958400000002,27.861430036513966,0.01866647236436629,8.760416666666666,41.0,56.0,183.0,0.8564814814814815,0.3266242937853107,386,740,0,354,412,740,0.6423611111111112
Greedy,,3003,volatile,coordinated,-220.37400000000082,0.29535864978902954,0.7046413502109705,18.99584000000017,27.548637494574557,0.025533691665171606,9.567708333333334,43.450000000000045,59.0,175.0,0.8550347222222222,0.2525419010782935,376,719,0,343,433,719,0.6241319444444444
Greedy,,3004,volatile,coordinated,-190.90400000000037,0.325,0.675,19.5458400000002,27.924650112487644,0.021699812940593505,8.41232638888889,40.0,55.0,191.0,0.890625,0.28945312500000003,387,749,0,362,403,749,0.6501736111111112
Greedy,,3005,volatile,coordinated,-153.69100000000034,0.3681592039800995,0.6318407960199005,19.09584000000018,28.08026909765794,0.022852839290496946,9.2421875,42.450000000000045,58.0,185.0,0.9097222222222222,0.3349226091763405,378,733,0,355,419,733,0.6362847222222222
Greedy,,3006,volatile,coordinated,-151.99500000000032,0.37341772151898733,0.6265822784810127,19.4958400000002,27.970602109231812,0.01389508810489216,8.636284722222221,41.0,57.0,187.0,0.9227430555555556,0.3445686093530239,386,740,0,354,412,740,0.6423611111111112
Greedy,,3007,volatile,coordinated,-214.16599999999917,0.3034825870646766,0.6965174129353233,19.745840000000207,27.72584938019354,0.016302658357812118,8.024305555555555,39.0,53.0,190.0,0.875,0.26554726368159204,391,751,0,360,401,751,0.6519097222222222
Greedy,,3008,volatile,coordinated,-231.68033333333213,0.2824074074074074,0.7175925925925926,19.5958400000002,27.678808363663382,0.02241625254020114,8.494791666666666,40.450000000000045,55.0,185.0,0.886863425925926,0.25045680084019206,388,745,0,357,407,745,0.6467013888888888
Greedy,,3009,volatile,coordinated,-95.43133333333336,0.4212962962962963,0.5787037037037037,19.4958400000002,27.35706781838024,0.019005085085693072,8.602430555555555,41.0,58.0,184.0,0.9484953703703705,0.39959758659122085,386,744,0,358,408,744,0.6458333333333334
Greedy,,3010,volatile,coordinated,-311.1219999999989,0.17766497461928935,0.8223350253807107,19.79584000000021,27.819657651968942,0.015178357766999712,7.986111111111111,39.0,53.0,187.0,0.8368055555555556,0.1486710377890581,392,756,0,364,396,756,0.65625
Greedy,,3011,volatile,coordinated,-191.01600000000008,0.3218390804597701,0.6781609195402298,19.09584000000018,27.82161901589394,0.025656690153385408,9.300347222222221,43.0,57.0,183.0,0.9123263888888888,0.2936222860791826,378,728,0,350,424,728,0.6319444444444444
Greedy,,3012,volatile,coordinated,-110.78300000000038,0.4425287356321839,0.5574712643678161,19.39584000000019,27.90835789481917,0.022885023038507757,9.049479166666666,42.0,59.0,187.0,0.9583333333333334,0.4240900383141763,384,746,0,362,406,746,0.6475694444444444
Greedy,,3013,volatile,coordinated,-206.73299999999952,0.3088235294117647,0.6911764705882353,19.19584000000018,27.60629658153886,0.021345348958225978,9.292534722222221,43.0,60.0,184.0,0.8888888888888888,0.27450980392156865,380,728,0,348,424,728,0.6319444444444444
Greedy,,3014,volatile,coordinated,-213.44799999999972,0.31443298969072164,0.6855670103092784,19.4958400000002,27.965147343052877,0.023490098950172268,8.539930555555555,41.0,55.0,189.0,0.875,0.27512886597938147,386,748,0,362,404,748,0.6493055555555556
Greedy,,3015,volatile,coordinated,-203.1963333333341,0.3272058823529412,0.6727941176470589,19.79584000000021,28.124213368859103,0.02352511390594215,8.01736111111111,39.0,51.0,193.0,0.863425925925926,0.2825180419389979,392,758,0,366,394,758,0.6579861111111112
Greedy,,3016,volatile,coordinated,-148.87633333333335,0.3858695652173913,0.6141304347826086,19.94584000000022,27.86800081186195,0.019782790348302996,7.6953125,38.0,50.0,193.0,0.9320023148148149,0.35963132799919484,395,766,0,371,386,766,0.6649305555555556
Greedy,,3017,volatile,coordinated,-151.64300000000065,0.3836477987421384,0.6163522012578616,19.645840000000206,27.5129058183247,0.020844445706974628,8.444444444444445,40.0,53.0,190.0,0.9392361111111112,0.3603358665269043,389,746,0,357,406,746,0.6475694444444444
Greedy,,3018,volatile,coordinated,-128.86833333333405,0.4111111111111111,0.5888888888888889,19.14584000000018,27.62835490570601,0.02350617170196034,9.082465277777779,42.0,56.0,185.0,0.9432870370370371,0.3877957818930041,379,738,0,359,414,738,0.640625
Greedy,,3019,volatile,coordinated,-211.99799999999948,0.2893081761006289,0.7106918238993711,19.39584000000019,27.7691952184056,0.0175908872630128,8.776909722222221,41.0,58.0,186.0,0.8888888888888888,0.25716282320055905,384,736,0,352,416,736,0.6388888888888888
Greedy,,3020,volatile,coordinated,-295.08899999999903,0.1958762886597938,0.8041237113402062,18.99584000000017,27.88644548435911,0.011695029847621531,9.327256944444445,43.0,56.0,184.0,0.8246527777777778,0.1615299255441008,376,731,0,355,421,731,0.6345486111111112
Greedy,,3021,volatile,coordinated,-132.84900000000084,0.38427947598253276,0.6157205240174672,19.445840000000196,27.356435250194345,0.019961585621209713,8.54861111111111,41.0,56.0,185.0,0.9270833333333334,0.3562590975254731,385,742,0,357,410,742,0.6440972222222222
Greedy,,3022,volatile,coordinated,-177.83700000000067,0.3492063492063492,0.6507936507936508,19.645840000000206,27.392636233701687,0.016407202234690624,7.996527777777778,39.0,52.0,191.0,0.9305555555555556,0.3249559082892416,389,753,0,364,399,753,0.6536458333333334
Greedy,,3023,volatile,coordinated,-268.657333333334,0.25096525096525096,0.7490347490347491,19.5958400000002,27.617549127455494,0.016900783604627444,8.026909722222221,39.0,51.0,186.0,0.8365162037037037,0.209936498998999,388,745,0,357,407,745,0.6467013888888888
Greedy,,3024,volatile,coordinated,-147.5790000000009,0.36678200692041524,0.6332179930795847,19.19584000000018,27.71187623849027,0.020505225850317957,9.3359375,43.0,60.0,183.0,0.890625,0.3266652249134948,380,726,0,346,426,726,0.6302083333333334
Greedy,,3025,volatile,coordinated,-143.69399999999945,0.38461538461538464,0.6153846153846154,19.245840000000186,27.62663751191855,0.016800698843572902,9.065972222222221,42.0,61.0,182.0,0.8923611111111112,0.343215811965812,381,735,0,354,417,735,0.6380208333333334
Greedy,,3026,volatile,coordinated,-95.67200000000042,0.45774647887323944,0.5422535211267605,19.345840000000187,27.844778964859096,0.019528944134264578,9.239583333333334,42.450000000000045,61.0,176.0,0.9652777777777778,0.4418525039123631,383,728,0,345,424,728,0.6319444444444444
Greedy,,3027,volatile,coordinated,-156.5820000000006,0.36363636363636365,0.6363636363636364,19.245840000000186,27.499076027649426,0.02147659667847379,9.133680555555555,42.0,57.0,186.0,0.9097222222222222,0.33080808080808083,381,723,0,342,429,723,0.6276041666666666
Greedy,,3028,volatile,coordinated,-238.59899999999928,0.2807017543859649,0.7192982456140351,19.39584000000019,27.63507648640927,0.02076156226889035,8.871527777777779,41.450000000000045,58.0,182.0,0.84375,0.23684210526315788,384,736,0,352,416,736,0.6388888888888888
Greedy,,3029,volatile,coordinated,-184.24400000000082,0.3310810810810811,0.6689189189189189,19.245840000000186,27.497347482787532,0.019975368175755563,8.902777777777779,42.0,56.0,187.0,0.8819444444444444,0.29199512012012013,381,737,0,356,415,737,0.6397569444444444
Greedy,,3030,volatile,coordinated,-225.38199999999915,0.2857142857142857,0.7142857142857143,19.4958400000002,27.869642024952892,0.020240627571964688,8.86111111111111,41.450000000000045,59.0,189.0,0.8715277777777778,0.2490079365079365,386,744,0,358,408,744,0.6458333333333334
Published IQL,101.0,3001,volatile,coordinated,2.1603333333333268,0.4386792452830189,0.5613207547169812,13.895840000000069,27.62894994555471,0.022152326055193385,7.6875,33.0,54.0,72.0,0.9134837962962963,0.4007263823375262,274,337,0,63,815,337,0.2925347222222222
Published IQL,101.0,3002,volatile,coordinated,42.00033333333334,0.4548022598870056,0.5451977401129944,16.445840000000086,27.861430036513966,0.025364725922588354,8.710069444444445,38.0,58.0,101.0,0.8796296296296297,0.4000575434191253,325,445,0,120,707,445,0.3862847222222222
Published IQL,101.0,3003,volatile,coordinated,-16.57133333333334,0.4050632911392405,0.5949367088607596,14.195840000000066,27.548637494574557,0.009354752358853382,9.46875,42.0,63.0,50.0,0.8972800925925927,0.36345522737927805,280,339,0,59,813,339,0.2942708333333333
Published IQL,101.0,3004,volatile,coordinated,15.38100000000001,0.46,0.54,14.545840000000124,27.924650112487644,0.0327037438191689,8.390625,35.0,51.0,70.0,0.9305555555555556,0.4280555555555556,287,351,0,64,801,351,0.3046875
Published IQL,101.0,3005,volatile,coordinated,19.508333333333333,0.47761194029850745,0.5223880597014925,14.495840000000058,28.08026909765794,0.01255364217910842,7.434027777777778,31.0,52.0,89.0,0.9403935185185185,0.44914317302377,286,359,0,73,793,359,0.3116319444444444
Published IQL,101.0,3006,volatile,coordinated,59.45300000000003,0.5632911392405063,0.43670886075949367,14.545840000000165,27.970602109231812,0.037835440737290296,8.028645833333334,34.450000000000045,62.0,73.0,0.953125,0.5368868670886076,287,340,0,53,812,340,0.2951388888888889
Published IQL,101.0,3007,volatile,coordinated,13.894666666666657,0.46766169154228854,0.5323383084577115,14.395840000000081,27.72584938019354,0.021231175572346488,8.488715277777779,34.0,53.0,75.0,0.9250578703703702,0.43261412843191444,284,339,0,55,813,339,0.2942708333333333
Published IQL,101.0,3008,volatile,coordinated,-34.02666666666666,0.4027777777777778,0.5972222222222222,14.595840000000052,27.678808363663382,0.0805616684443009,8.085069444444445,34.0,53.0,64.0,0.910011574074074,0.3665324395576131,288,354,0,66,798,354,0.3072916666666667
Published IQL,101.0,3009,volatile,coordinated,121.91199999999998,0.5787037037037037,0.4212962962962963,15.495840000000097,27.35706781838024,0.02597379537608213,5.943576388888889,29.0,54.0,77.0,0.9756944444444444,0.5646379886831275,306,403,0,97,749,403,0.3498263888888889
Published IQL,101.0,3010,volatile,coordinated,0.778333333333318,0.4365482233502538,0.5634517766497462,14.895840000000097,27.819657651968942,0.015176727051232557,6.848958333333333,28.0,52.0,67.0,0.9447337962962963,0.4124218603120887,294,345,0,51,807,345,0.2994791666666667
Published IQL,101.0,3011,volatile,coordinated,-21.97099999999998,0.4367816091954023,0.5632183908045977,13.845840000000061,27.82161901589394,0.024148587261405258,8.79079861111111,39.0,65.0,70.0,0.9236111111111112,0.40341634738186466,273,341,0,68,811,341,0.2960069444444444
Published IQL,101.0,3012,volatile,coordinated,34.926000000000016,0.5229885057471264,0.4770114942528736,13.395840000000012,27.90835789481917,0.025755231641259365,8.29079861111111,36.450000000000045,60.0,79.0,0.9652777777777778,0.5048291826309067,264,347,0,83,805,347,0.3012152777777778
Published IQL,101.0,3013,volatile,coordinated,-43.35199999999998,0.39705882352941174,0.6029411764705883,13.545840000000087,27.60629658153886,0.08042763752708579,7.368055555555555,33.0,57.0,73.0,0.90625,0.3598345588235294,267,349,0,82,803,349,0.3029513888888889
Published IQL,101.0,3014,volatile,coordinated,-34.32333333333334,0.41237113402061853,0.5876288659793815,13.795840000000085,27.965147343052877,0.033144703277739176,8.690104166666666,35.0,55.0,72.0,0.9207175925925924,0.3796773577701412,272,336,0,64,816,336,0.2916666666666667
Published IQL,101.0,3015,volatile,coordinated,2.0676666666666836,0.4375,0.5625,15.3458400000001,28.124213368859103,0.020225678509487206,6.954861111111111,33.0,57.0,87.0,0.8964120370370369,0.3921802662037036,303,392,0,89,760,392,0.3402777777777778
Published IQL,101.0,3016,volatile,coordinated,13.581666666666681,0.483695652173913,0.5163043478260869,14.845840000000113,27.86800081186195,0.029548178139048083,7.277777777777778,31.0,55.0,82.0,0.9432870370370371,0.45626383856682773,293,363,0,70,789,363,0.3151041666666667
Published IQL,101.0,3017,volatile,coordinated,34.408,0.5157232704402516,0.48427672955974843,13.545840000000053,27.5129058183247,0.014886578818191856,10.12326388888889,39.0,57.0,62.0,0.9626736111111112,0.49647318308874916,267,309,0,42,843,309,0.2682291666666667
Published IQL,101.0,3018,volatile,coordinated,26.71399999999997,0.5055555555555555,0.49444444444444446,13.795840000000068,27.62835490570601,0.019932495134585913,7.71875,32.0,57.0,81.0,0.953125,0.4818576388888889,272,340,0,68,812,340,0.2951388888888889
Published IQL,101.0,3019,volatile,coordinated,10.718000000000014,0.46540880503144655,0.5345911949685535,13.695840000000048,27.7691952184056,0.02476075710649958,7.697916666666667,29.0,51.0,58.0,0.9479166666666666,0.44116876310272535,270,310,0,40,842,310,0.2690972222222222
Published IQL,101.0,3020,volatile,coordinated,-115.86099999999996,0.28350515463917525,0.7164948453608248,11.895839999999977,27.88644548435911,0.03543367093571198,10.22829861111111,43.0,66.0,61.0,0.8654513888888888,0.24535992983963342,234,256,0,22,896,256,0.2222222222222222
Published IQL,101.0,3021,volatile,coordinated,68.2809999999999,0.5021834061135371,0.49781659388646293,15.945840000000132,27.356435250194345,0.013718627456465498,7.761284722222222,34.0,52.0,66.0,0.9652777777777778,0.4847464822901504,315,389,0,74,763,389,0.3376736111111111
Published IQL,101.0,3022,volatile,coordinated,16.653666666666652,0.5079365079365079,0.4920634920634921,13.895840000000097,27.392636233701687,0.030556243038320302,7.480034722222222,29.0,50.0,52.0,0.9658564814814815,0.4905937683715461,274,310,0,36,842,310,0.2690972222222222
Published IQL,101.0,3023,volatile,coordinated,-0.9370000000000136,0.4247104247104247,0.5752895752895753,14.895840000000085,27.617549127455494,0.019025644132926168,7.1171875,30.0,61.0,77.0,0.890625,0.378257722007722,294,354,0,60,798,354,0.3072916666666667
Published IQL,101.0,3024,volatile,coordinated,58.04399999999992,0.47750865051903113,0.5224913494809689,15.295840000000078,27.71187623849027,0.018951757244047157,7.995659722222222,33.0,55.0,93.0,0.9427083333333334,0.450151384083045,302,404,0,102,748,404,0.3506944444444444
Published IQL,101.0,3025,volatile,coordinated,54.66799999999997,0.5,0.5,15.195840000000107,27.62663751191855,0.023817922872904188,8.77170138888889,35.0,59.0,76.0,0.9444444444444444,0.4722222222222222,300,379,0,79,773,379,0.3289930555555556
Published IQL,101.0,3026,volatile,coordinated,56.782000000000004,0.5704225352112676,0.4295774647887324,15.44584000000006,27.844778964859096,0.026513396169944414,6.256076388888889,26.450000000000045,57.0,75.0,0.984375,0.5615096830985916,305,356,0,51,796,356,0.3090277777777778
Published IQL,101.0,3027,volatile,coordinated,22.37399999999999,0.4696969696969697,0.5303030303030303,13.595840000000047,27.499076027649426,0.023836027354614306,10.24392361111111,41.450000000000045,62.0,61.0,0.9253472222222222,0.4346327861952862,268,326,0,58,826,326,0.2829861111111111
Published IQL,101.0,3028,volatile,coordinated,-83.88600000000001,0.3333333333333333,0.6666666666666667,14.345840000000086,27.63507648640927,0.024590320655365643,9.102430555555555,42.0,62.0,51.0,0.8706597222222222,0.2902199074074074,283,339,0,56,813,339,0.2942708333333333
Published IQL,101.0,3029,volatile,coordinated,41.03699999999997,0.46283783783783783,0.5371621621621622,15.595840000000116,27.497347482787532,0.016286790214642535,8.511284722222221,37.0,61.0,94.0,0.9071180555555556,0.419848559496997,308,391,0,83,761,391,0.3394097222222222
Published IQL,101.0,3030,volatile,coordinated,8.271,0.4482758620689655,0.5517241379310345,13.945840000000107,27.869642024952892,0.014694150530206665,7.5625,31.0,51.0,71.0,0.9296875,0.4167564655172414,275,334,0,59,818,334,0.2899305555555556
Published IQL,102.0,3001,volatile,coordinated,-81.30200000000018,0.3584905660377358,0.6415094339622642,15.595840000000095,27.62894994555471,0.014374716688282255,8.534722222222221,38.0,54.0,86.0,0.8845486111111112,0.3171023322851153,308,414,0,106,738,414,0.359375
Published IQL,102.0,3002,volatile,coordinated,-18.733000000000047,0.4152542372881356,0.5847457627118644,17.04584000000011,27.861430036513966,0.03156561469807434,10.25954861111111,45.0,61.0,106.0,0.8637152777777777,0.35866142890772124,337,475,0,138,677,475,0.4123263888888889
Published IQL,102.0,3003,volatile,coordinated,-54.75966666666672,0.38396624472573837,0.6160337552742616,15.745840000000085,27.548637494574557,0.009354752358853403,10.496527777777779,46.0,63.0,66.0,0.8770254629629629,0.336748173542741,311,396,0,85,756,396,0.34375
Published IQL,102.0,3004,volatile,coordinated,-42.17099999999999,0.4,0.6,16.29584000000013,27.924650112487644,0.03788627299600557,11.694444444444445,45.450000000000045,67.0,71.0,0.9045138888888888,0.36180555555555555,322,392,0,70,760,392,0.3402777777777778
Published IQL,102.0,3005,volatile,coordinated,-10.62733333333331,0.4577114427860697,0.5422885572139303,15.845840000000083,28.08026909765794,0.02335076050142413,9.697916666666666,42.0,64.0,100.0,0.9276620370370369,0.42460152939008655,313,404,0,91,748,404,0.3506944444444444
Published IQL,102.0,3006,volatile,coordinated,0.8473333333333478,0.47468354430379744,0.5253164556962026,17.245840000000154,27.970602109231812,0.02911657980644851,13.213541666666666,54.0,75.0,63.0,0.9429976851851851,0.44762548347398023,341,404,0,63,748,404,0.3506944444444444
Published IQL,102.0,3007,volatile,coordinated,-35.33599999999998,0.4129353233830846,0.5870646766169154,16.845840000000116,27.72584938019354,0.008306888969411126,8.855902777777779,37.0,54.0,72.0,0.9079861111111112,0.37493953841901606,333,408,0,75,744,408,0.3541666666666667
Published IQL,102.0,3008,volatile,coordinated,-78.38699999999996,0.37037037037037035,0.6296296296296297,16.295840000000062,27.678808363663382,0.006373633488782083,8.881944444444445,40.0,56.0,87.0,0.9019097222222222,0.33404063786008226,322,406,0,84,746,406,0.3524305555555556
Published IQL,102.0,3009,volatile,coordinated,60.3970000000001,0.5138888888888888,0.48611111111111116,17.04584000000014,27.35706781838024,0.027950132604599158,9.45920138888889,41.0,64.0,80.0,0.9652777777777778,0.496045524691358,337,445,0,108,707,445,0.3862847222222222
Published IQL,102.0,3010,volatile,coordinated,-82.67266666666663,0.34517766497461927,0.6548223350253808,16.845840000000123,27.819657651968942,0.015512091028121467,8.394097222222221,37.450000000000045,55.0,68.0,0.9021990740740742,0.3114189697311525,333,405,0,72,747,405,0.3515625
Published IQL,102.0,3011,volatile,coordinated,-59.932000000000066,0.3850574712643678,0.6149425287356323,16.345840000000095,27.82161901589394,0.014587512440016687,9.3515625,40.450000000000045,56.0,74.0,0.9331597222222222,0.35932012292464877,323,406,0,83,746,406,0.3524305555555556
Published IQL,102.0,3012,volatile,coordinated,10.016999999999996,0.5057471264367817,0.49425287356321834,15.945840000000075,27.90835789481917,0.020949284462800942,9.426215277777779,41.0,60.0,91.0,0.9644097222222222,0.4877474457215837,315,416,0,101,736,416,0.3611111111111111
Published IQL,102.0,3013,volatile,coordinated,-73.01433333333338,0.36764705882352944,0.6323529411764706,15.345840000000091,27.60629658153886,0.017826464368671857,9.186631944444445,41.0,58.0,78.0,0.9050925925925924,0.3327546296296296,303,388,0,85,764,388,0.3368055555555556
Published IQL,102.0,3014,volatile,coordinated,-81.81700000000004,0.36597938144329895,0.634020618556701,16.39584000000011,27.965147343052877,0.023747203277739336,9.405381944444445,39.0,55.0,76.0,0.8984375,0.3288096005154639,324,404,0,80,748,404,0.3506944444444444
Published IQL,102.0,3015,volatile,coordinated,-64.25333333333334,0.3860294117647059,0.6139705882352942,17.245840000000147,28.124213368859103,0.014117582572238316,6.905381944444445,31.0,51.0,100.0,0.880787037037037,0.3400097017973856,341,456,0,115,696,456,0.3958333333333333
Published IQL,102.0,3016,volatile,coordinated,5.374666666666657,0.483695652173913,0.5163043478260869,16.54584000000012,27.86800081186195,0.02092411717941353,8.663194444444445,39.0,58.0,87.0,0.9467592592592593,0.45794333735909826,327,415,0,88,737,415,0.3602430555555556
Published IQL,102.0,3017,volatile,coordinated,-15.542333333333321,0.4591194968553459,0.5408805031446541,15.945840000000075,27.5129058183247,0.012907411327921916,9.999131944444445,40.0,62.0,78.0,0.949363425925926,0.4358712584439786,315,377,0,62,775,377,0.3272569444444444
Published IQL,102.0,3018,volatile,coordinated,-10.960000000000035,0.4666666666666667,0.5333333333333333,15.395840000000083,27.62835490570601,0.01993249513458599,8.98263888888889,39.0,57.0,88.0,0.9479166666666666,0.4423611111111111,304,408,0,104,744,408,0.3541666666666667
Published IQL,102.0,3019,volatile,coordinated,-82.40699999999997,0.3333333333333333,0.6666666666666667,17.14584000000013,27.7691952184056,0.022623963174699384,10.82986111111111,43.450000000000045,61.0,53.0,0.9088541666666666,0.30295138888888884,339,385,0,46,767,385,0.3342013888888889
Published IQL,102.0,3020,volatile,coordinated,-158.2716666666665,0.24742268041237114,0.7525773195876289,14.345840000000058,27.88644548435911,0.03850540474725885,11.33767361111111,47.0,67.0,75.0,0.8544560185185185,0.21141179839633448,283,322,0,39,830,322,0.2795138888888889
Published IQL,102.0,3021,volatile,coordinated,-2.997,0.4497816593886463,0.5502183406113537,16.995840000000147,27.356435250194345,0.010011833580847477,8.145833333333334,35.450000000000045,59.0,94.0,0.9340277777777778,0.42010856380397865,336,448,0,112,704,448,0.3888888888888889
Published IQL,102.0,3022,volatile,coordinated,-37.23900000000002,0.42857142857142855,0.5714285714285714,16.345840000000116,27.392636233701687,0.009719951611990645,9.144097222222221,38.0,56.0,63.0,0.9479166666666666,0.40624999999999994,323,374,0,51,778,374,0.3246527777777778
Published IQL,102.0,3023,volatile,coordinated,-67.13633333333337,0.3667953667953668,0.6332046332046333,16.94584000000013,27.617549127455494,0.033766138995194456,8.5,38.0,57.0,82.0,0.8755787037037037,0.3211582117832118,335,407,0,72,745,407,0.3532986111111111
Published IQL,102.0,3024,volatile,coordinated,3.5596666666666357,0.43944636678200694,0.560553633217993,16.145840000000078,27.71187623849027,0.00798996319625777,8.79513888888889,39.0,54.0,109.0,0.9302662037037036,0.4088021033576829,319,439,0,120,713,439,0.3810763888888889
Published IQL,102.0,3025,volatile,coordinated,20.663999999999984,0.4700854700854701,0.5299145299145299,16.59584000000013,27.62663751191855,0.02585838560979197,10.293402777777779,42.450000000000045,63.0,79.0,0.9357638888888888,0.4398890075973409,328,418,0,90,734,418,0.3628472222222222
Published IQL,102.0,3026,volatile,coordinated,26.54699999999997,0.5352112676056338,0.46478873239436624,17.795840000000144,27.844778964859096,0.021531837002923986,10.20138888888889,44.0,64.0,71.0,0.9739583333333334,0.5212734741784038,352,430,0,78,722,430,0.3732638888888889
Published IQL,102.0,3027,volatile,coordinated,-18.011999999999986,0.4292929292929293,0.5707070707070707,16.645840000000103,27.499076027649426,0.03241374313573668,11.32204861111111,45.0,62.0,69.0,0.9236111111111112,0.3964997194163861,329,393,0,64,759,393,0.3411458333333333
Published IQL,102.0,3028,volatile,coordinated,-121.39099999999993,0.3201754385964912,0.6798245614035088,16.4458400000001,27.63507648640927,0.015694684362454366,8.72048611111111,41.0,62.0,83.0,0.8541666666666666,0.2734831871345029,325,406,0,81,746,406,0.3524305555555556
Published IQL,102.0,3029,volatile,coordinated,-8.55033333333335,0.42905405405405406,0.5709459459459459,16.695840000000118,27.497347482787532,0.014506547945583346,9.446180555555555,41.0,60.0,107.0,0.8972800925925927,0.38498166134884887,330,433,0,103,719,433,0.3758680555555556
Published IQL,102.0,3030,volatile,coordinated,-76.29000000000005,0.3497536945812808,0.6502463054187192,15.995840000000106,27.869642024952892,0.004719500817561042,9.485243055555555,41.0,58.0,70.0,0.9010416666666666,0.31514265188834156,316,381,0,65,771,381,0.3307291666666667
Published IQL,103.0,3001,volatile,coordinated,-5.596999999999978,0.42924528301886794,0.570754716981132,14.84584000000009,27.62894994555471,0.04732015729302655,7.475694444444445,32.0,57.0,74.0,0.9253472222222222,0.39720093029350106,293,371,0,78,781,371,0.3220486111111111
Published IQL,103.0,3002,volatile,coordinated,13.97066666666668,0.4350282485875706,0.5649717514124294,16.645840000000092,27.861430036513966,0.030518971668887392,8.22829861111111,37.0,58.0,108.0,0.8877314814814815,0.3861882716049383,329,474,0,145,678,474,0.4114583333333333
Published IQL,103.0,3003,volatile,coordinated,-2.4373333333333345,0.43037974683544306,0.5696202531645569,15.395840000000101,27.548637494574557,0.019130670648986266,6.269965277777778,26.0,55.0,75.0,0.9172453703703702,0.39476383028598216,304,375,0,71,777,375,0.3255208333333333
Published IQL,103.0,3004,volatile,coordinated,40.13933333333332,0.495,0.505,15.395840000000119,27.924650112487644,0.025449088596778788,6.934027777777778,30.0,44.0,77.0,0.9490740740740742,0.4697916666666667,304,383,0,79,769,383,0.3324652777777778
Published IQL,103.0,3005,volatile,coordinated,43.29466666666666,0.5074626865671642,0.4925373134328358,14.945840000000096,28.08026909765794,0.022811494236655513,6.939236111111111,28.450000000000045,51.0,87.0,0.9519675925925927,0.4830880320619127,295,380,0,85,772,380,0.3298611111111111
Published IQL,103.0,3006,volatile,coordinated,53.216000000000015,0.5569620253164557,0.44303797468354433,15.545840000000155,27.970602109231812,0.0344541842763513,7.996527777777778,36.0,71.0,77.0,0.9600694444444444,0.5347222222222222,307,369,0,62,783,369,0.3203125
Published IQL,103.0,3007,volatile,coordinated,23.848333333333315,0.48258706467661694,0.5174129353233831,14.69584000000008,27.72584938019354,0.024559917661592927,7.696180555555555,33.0,51.0,76.0,0.925636574074074,0.44670023723972724,290,350,0,60,802,350,0.3038194444444444
Published IQL,103.0,3008,volatile,coordinated,-30.3483333333333,0.41203703703703703,0.587962962962963,14.745840000000054,27.678808363663382,0.08491058161481113,6.697048611111111,26.450000000000045,53.0,74.0,0.9146412037037036,0.37686605152606306,291,366,0,75,786,366,0.3177083333333333
Published IQL,103.0,3009,volatile,coordinated,129.14566666666667,0.5925925925925926,0.40740740740740744,15.795840000000094,27.35706781838024,0.02833039290045909,7.637152777777778,34.0,63.0,76.0,0.9710648148148147,0.5754458161865568,312,409,0,97,743,409,0.3550347222222222
Published IQL,103.0,3010,volatile,coordinated,-6.540333333333345,0.4416243654822335,0.5583756345177665,15.89584000000011,27.819657651968942,0.04017672705123256,6.644965277777778,30.0,52.0,78.0,0.9389467592592593,0.4146617667794698,314,384,0,70,768,384,0.3333333333333333
Published IQL,103.0,3011,volatile,coordinated,-28.136000000000006,0.43103448275862066,0.5689655172413793,13.695840000000066,27.82161901589394,0.052921835510899726,8.261284722222221,39.0,56.0,80.0,0.9331597222222222,0.4022240181992337,270,350,0,80,802,350,0.3038194444444444
Published IQL,103.0,3012,volatile,coordinated,40.89433333333332,0.5287356321839081,0.47126436781609193,14.145840000000026,27.90835789481917,0.024682089913860738,8.196180555555555,38.0,64.0,78.0,0.976851851851852,0.5164963814389103,279,362,0,83,790,362,0.3142361111111111
Published IQL,103.0,3013,volatile,coordinated,-28.138666666666715,0.4117647058823529,0.5882352941176471,13.995840000000127,27.60629658153886,0.1984826047258658,7.186631944444445,30.0,47.0,70.0,0.9169560185185185,0.37757012527233114,276,350,0,74,802,350,0.3038194444444444
Published IQL,103.0,3014,volatile,coordinated,-35.864,0.41237113402061853,0.5876288659793815,14.245840000000081,27.965147343052877,0.03314470327773914,7.199652777777778,28.0,52.0,77.0,0.9244791666666666,0.38122852233676974,281,354,0,73,798,354,0.3072916666666667
Published IQL,103.0,3015,volatile,coordinated,-29.485000000000014,0.4117647058823529,0.5882352941176471,16.045840000000098,28.124213368859103,0.02058100838642904,6.333333333333333,28.0,51.0,102.0,0.9010416666666666,0.37101715686274506,317,408,0,91,744,408,0.3541666666666667
Published IQL,103.0,3016,volatile,coordinated,30.85066666666669,0.5054347826086957,0.4945652173913043,15.795840000000112,27.86800081186195,0.03667021183474757,7.058159722222222,31.0,57.0,78.0,0.9502314814814815,0.48028004227053145,312,373,0,61,779,373,0.3237847222222222
Published IQL,103.0,3017,volatile,coordinated,26.45733333333334,0.5094339622641509,0.49056603773584906,14.14584000000006,27.5129058183247,0.02235822872150892,8.410590277777779,34.0,48.0,71.0,0.9620949074074073,0.49012382075471694,279,326,0,47,826,326,0.2829861111111111
Published IQL,103.0,3018,volatile,coordinated,29.81099999999999,0.5055555555555555,0.49444444444444446,14.445840000000066,27.62835490570601,0.028173203595542255,7.347222222222222,32.0,55.0,77.0,0.9618055555555556,0.48624614197530863,285,358,0,73,794,358,0.3107638888888889
Published IQL,103.0,3019,volatile,coordinated,27.493666666666666,0.49056603773584906,0.5094339622641509,13.495840000000054,27.7691952184056,0.09082606030818591,6.177951388888889,22.0,39.0,64.0,0.9597800925925924,0.4708355171208944,266,304,0,38,848,304,0.2638888888888889
Published IQL,103.0,3020,volatile,coordinated,-97.79799999999993,0.31443298969072164,0.6855670103092784,12.645840000000016,27.88644548435911,0.037479942269860206,9.612847222222221,40.0,59.0,67.0,0.8715277777777778,0.2740370847651776,249,279,0,30,873,279,0.2421875
Published IQL,103.0,3021,volatile,coordinated,55.0546666666667,0.5021834061135371,0.49781659388646293,16.54584000000014,27.356435250194345,0.022512351325448238,6.154513888888889,25.0,44.0,90.0,0.9658564814814815,0.4850370976872068,327,421,0,94,731,421,0.3654513888888889
Published IQL,103.0,3022,volatile,coordinated,20.68333333333334,0.5238095238095238,0.47619047619047616,14.595840000000111,27.392636233701687,0.052144791817962,7.823784722222222,31.0,55.0,58.0,0.9742476851851853,0.5103202160493828,288,330,0,42,822,330,0.2864583333333333
Published IQL,103.0,3023,volatile,coordinated,-15.79066666666669,0.41312741312741313,0.5868725868725868,15.895840000000092,27.617549127455494,0.028150817179348454,6.556423611111111,29.450000000000045,46.0,84.0,0.8917824074074073,0.36841975904475904,314,372,0,58,780,372,0.3229166666666667
Published IQL,103.0,3024,volatile,coordinated,49.88266666666659,0.47750865051903113,0.5224913494809689,15.595840000000077,27.71187623849027,0.007989963196257752,7.665798611111111,33.0,54.0,103.0,0.9380787037037036,0.44794069588619756,308,426,0,118,726,426,0.3697916666666667
Published IQL,103.0,3025,volatile,coordinated,66.56199999999994,0.5170940170940171,0.48290598290598286,15.395840000000117,27.62663751191855,0.01915338654936361,7.643229166666667,31.0,61.0,86.0,0.9548611111111112,0.4937529677113011,304,393,0,89,759,393,0.3411458333333333
Published IQL,103.0,3026,volatile,coordinated,52.87899999999998,0.5704225352112676,0.4295774647887324,15.545840000000066,27.844778964859096,0.10488119803204782,7.735243055555555,33.0,75.0,73.0,0.9791666666666666,0.5585387323943662,307,376,0,69,776,376,0.3263888888888889
Published IQL,103.0,3027,volatile,coordinated,32.938666666666684,0.4797979797979798,0.5202020202020202,13.395840000000044,27.499076027649426,0.02236613610679146,8.4765625,35.0,63.0,64.0,0.937210648148148,0.4496717756266367,264,329,0,65,823,329,0.2855902777777778
Published IQL,103.0,3028,volatile,coordinated,-43.78966666666668,0.37719298245614036,0.6228070175438596,15.095840000000106,27.63507648640927,0.08143436929509078,7.185763888888889,33.450000000000045,62.0,57.0,0.8995949074074073,0.3393208861273554,298,363,0,65,789,363,0.3151041666666667
Published IQL,103.0,3029,volatile,coordinated,16.862000000000016,0.44594594594594594,0.5540540540540541,15.945840000000116,27.497347482787532,0.021889536516879138,8.019965277777779,36.0,57.0,100.0,0.9001736111111112,0.4014287725225225,315,413,0,98,739,413,0.3585069444444444
Published IQL,103.0,3030,volatile,coordinated,23.751333333333317,0.47783251231527096,0.5221674876847291,15.145840000000106,27.869642024952892,0.004719500817561014,6.082465277777778,24.0,46.0,85.0,0.9386574074074076,0.4485210271848204,299,362,0,63,790,362,0.3142361111111111
Published VDN,101.0,3001,volatile,coordinated,-7.069999999999997,0.4339622641509434,0.5660377358490566,15.095840000000086,27.62894994555471,0.02215232605519338,6.985243055555555,30.0,50.0,80.0,0.9210069444444444,0.39968225890985326,298,384,0,86,768,384,0.3333333333333333
Published VDN,101.0,3002,volatile,coordinated,28.249333333333304,0.4491525423728814,0.5508474576271186,16.995840000000097,27.861430036513966,0.022703764846901044,8.788194444444445,40.0,60.0,111.0,0.8883101851851852,0.398986778091651,336,487,0,151,665,487,0.4227430555555556
Published VDN,101.0,3003,volatile,coordinated,-9.661666666666699,0.42616033755274263,0.5738396624472574,15.195840000000091,27.548637494574557,0.009354752358853377,6.765625,28.0,57.0,79.0,0.9169560185185186,0.3907702863728708,300,386,0,86,766,386,0.3350694444444444
Published VDN,101.0,3004,volatile,coordinated,15.054666666666689,0.47,0.53,15.745840000000111,27.924650112487644,0.03270374381916888,7.149305555555555,32.0,48.0,81.0,0.9311342592592593,0.43763310185185184,311,385,0,74,767,385,0.3342013888888889
Published VDN,101.0,3005,volatile,coordinated,24.901999999999973,0.48756218905472637,0.5124378109452736,15.245840000000094,28.08026909765794,0.02050976760612204,6.441840277777778,27.0,47.0,92.0,0.9496527777777778,0.4630147871752349,301,398,0,97,754,398,0.3454861111111111
Published VDN,101.0,3006,volatile,coordinated,36.570333333333316,0.5316455696202531,0.4683544303797469,15.695840000000143,27.970602109231812,0.031197995316320525,6.894965277777778,32.0,62.0,82.0,0.961226851851852,0.5110319971870605,310,385,0,75,767,385,0.3342013888888889
Published VDN,101.0,3007,volatile,coordinated,6.273666666666621,0.472636815920398,0.527363184079602,15.095840000000079,27.72584938019354,0.021231175572346498,8.510416666666666,35.0,53.0,92.0,0.9250578703703702,0.4372164063939561,298,365,0,67,787,365,0.3168402777777778
Published VDN,101.0,3008,volatile,coordinated,-51.89666666666672,0.39351851851851855,0.6064814814814814,15.345840000000047,27.678808363663382,0.016231274837144816,6.979166666666667,31.450000000000045,59.0,84.0,0.9143518518518517,0.3598143861454047,303,388,0,85,764,388,0.3368055555555556
Published VDN,101.0,3009,volatile,coordinated,93.57333333333325,0.5555555555555556,0.4444444444444444,16.095840000000106,27.35706781838024,0.04083039290045904,5.653645833333333,28.0,50.0,89.0,0.9699074074074073,0.5388374485596708,318,438,0,120,714,438,0.3802083333333333
Published VDN,101.0,3010,volatile,coordinated,-29.18066666666664,0.41624365482233505,0.583756345177665,16.395840000000106,27.819657651968942,0.015512091028121424,6.129340277777778,28.0,53.0,88.0,0.941261574074074,0.39179415773641657,324,398,0,74,754,398,0.3454861111111111
Published VDN,101.0,3011,volatile,coordinated,-33.82100000000005,0.43103448275862066,0.5689655172413793,14.395840000000065,27.82161901589394,0.02209097892363959,7.503472222222222,33.0,57.0,88.0,0.9340277777777778,0.40259818007662834,284,378,0,94,774,378,0.328125
Published VDN,101.0,3012,volatile,coordinated,27.568999999999978,0.5229885057471264,0.4770114942528736,14.495840000000038,27.90835789481917,0.03620707199913857,8.012152777777779,37.0,60.0,89.0,0.9652777777777778,0.5048291826309067,286,374,0,88,778,374,0.3246527777777778
Published VDN,101.0,3013,volatile,coordinated,-42.158000000000044,0.4068627450980392,0.5931372549019608,14.595840000000099,27.60629658153886,0.06098260472586577,7.202256944444445,34.0,52.0,82.0,0.9097222222222222,0.3701320806100218,288,374,0,86,778,374,0.3246527777777778
Published VDN,101.0,3014,volatile,coordinated,-21.46166666666665,0.4381443298969072,0.5618556701030928,14.995840000000086,27.965147343052877,0.023747203277739253,6.889756944444445,29.0,46.0,84.0,0.9325810185185186,0.40860508543337154,296,377,0,81,775,377,0.3272569444444444
Published VDN,101.0,3015,volatile,coordinated,-33.11033333333333,0.41544117647058826,0.5845588235294117,16.39584000000012,28.124213368859103,0.02058100838642906,6.053819444444445,27.0,47.0,106.0,0.8877314814814814,0.36880021105664484,324,424,0,100,728,424,0.3680555555555556
Published VDN,101.0,3016,volatile,coordinated,18.47733333333334,0.5,0.5,15.795840000000096,27.86800081186195,0.028037096237377667,6.831597222222222,28.450000000000045,51.0,90.0,0.945601851851852,0.472800925925926,312,391,0,79,761,391,0.3394097222222222
Published VDN,101.0,3017,volatile,coordinated,8.187666666666669,0.4968553459119497,0.5031446540880503,14.84584000000006,27.5129058183247,0.016970151259289152,9.1796875,37.0,69.0,86.0,0.9597800925925924,0.4768718699044956,293,350,0,57,802,350,0.3038194444444444
Published VDN,101.0,3018,volatile,coordinated,14.589000000000008,0.49444444444444446,0.5055555555555555,14.595840000000063,27.62835490570601,0.01890797851074782,6.766493055555555,29.450000000000045,51.0,88.0,0.9548611111111112,0.4721257716049383,288,372,0,84,780,372,0.3229166666666667
Published VDN,101.0,3019,volatile,coordinated,-10.074666666666692,0.44025157232704404,0.559748427672956,14.545840000000075,27.7691952184056,0.019719211205746063,6.874131944444445,27.0,56.0,66.0,0.9421296296296298,0.4147740507803402,287,331,0,44,821,331,0.2873263888888889
Published VDN,101.0,3020,volatile,coordinated,-123.5783333333333,0.28350515463917525,0.7164948453608248,12.895840000000016,27.88644548435911,0.039269842195129176,10.47048611111111,44.0,63.0,70.0,0.8660300925925926,0.2455239953226422,254,287,0,33,865,287,0.24913194444444445
Published VDN,101.0,3021,volatile,coordinated,52.90299999999993,0.4978165938864629,0.5021834061135371,16.595840000000145,27.356435250194345,0.016809865108712865,6.645833333333333,29.0,48.0,87.0,0.9678819444444444,0.48182769286754,328,423,0,95,729,423,0.3671875
Published VDN,101.0,3022,volatile,coordinated,2.072999999999999,0.49206349206349204,0.5079365079365079,14.695840000000112,27.392636233701687,0.030556243038320295,7.313368055555555,31.450000000000045,50.0,61.0,0.9652777777777778,0.4749779541446208,290,341,0,51,811,341,0.2960069444444444
Published VDN,101.0,3023,volatile,coordinated,2.4533333333333216,0.4362934362934363,0.5637065637065637,16.195840000000093,27.617549127455494,0.02646148622626976,7.015625,33.0,57.0,86.0,0.8926504629629629,0.3894575378950379,320,387,0,67,765,387,0.3359375
Published VDN,101.0,3024,volatile,coordinated,36.47166666666666,0.4671280276816609,0.532871972318339,15.895840000000073,27.71187623849027,0.007989963196257764,8.387152777777779,36.0,55.0,106.0,0.9380787037037036,0.43820285467128023,314,432,0,118,720,432,0.375
Published VDN,101.0,3025,volatile,coordinated,53.82899999999996,0.5,0.5,15.645840000000108,27.62663751191855,0.05729087769477877,7.730034722222222,32.0,52.0,78.0,0.9479166666666666,0.4739583333333333,309,399,0,90,753,399,0.3463541666666667
Published VDN,101.0,3026,volatile,coordinated,57.94299999999997,0.5845070422535211,0.4154929577464789,15.895840000000065,27.844778964859096,0.07946631448972563,6.057291666666667,29.0,55.0,87.0,0.9956597222222222,0.5819701193270735,314,389,0,75,763,389,0.3376736111111111
Published VDN,101.0,3027,volatile,coordinated,23.643999999999995,0.4797979797979798,0.5202020202020202,14.145840000000048,27.499076027649426,0.02520702164501558,10.050347222222221,42.0,72.0,75.0,0.9357638888888888,0.4489776234567901,279,347,0,68,805,347,0.3012152777777778
Published VDN,101.0,3028,volatile,coordinated,-90.43366666666665,0.3333333333333333,0.6666666666666667,15.34584000000009,27.63507648640927,0.01989022907732239,8.019965277777779,36.0,61.0,64.0,0.8778935185185185,0.2926311728395061,303,372,0,69,780,372,0.3229166666666667
Published VDN,101.0,3029,volatile,coordinated,14.364999999999995,0.44594594594594594,0.5540540540540541,16.245840000000115,27.497347482787532,0.014506547945583334,7.769097222222222,34.450000000000045,57.0,107.0,0.9036458333333334,0.40297719594594594,321,416,0,95,736,416,0.3611111111111111
Published VDN,101.0,3030,volatile,coordinated,-4.3190000000000115,0.43842364532019706,0.5615763546798029,15.345840000000102,27.869642024952892,0.01063856472392861,6.202256944444445,26.0,38.0,77.0,0.9305555555555556,0.40797755883962783,303,378,0,75,774,378,0.328125
Published VDN,102.0,3001,volatile,coordinated,-27.881333333333323,0.41037735849056606,0.5896226415094339,15.145840000000081,27.62894994555471,0.022152326055193402,8.68142361111111,39.0,64.0,73.0,0.8998842592592591,0.36929212526205446,299,373,0,74,779,373,0.3237847222222222
Published VDN,102.0,3002,volatile,coordinated,37.58299999999998,0.4519774011299435,0.5480225988700564,16.54584000000009,27.861430036513966,0.025705386432453507,9.047743055555555,40.0,61.0,97.0,0.8706597222222223,0.39351851851851855,327,445,0,118,707,445,0.3862847222222222
Published VDN,102.0,3003,volatile,coordinated,-40.86566666666667,0.39662447257383965,0.6033755274261603,15.045840000000068,27.548637494574557,0.018752252358853295,8.034722222222221,37.0,62.0,78.0,0.8926504629629629,0.354047019065479,297,374,0,77,778,374,0.3246527777777778
Published VDN,102.0,3004,volatile,coordinated,12.107999999999985,0.465,0.5349999999999999,15.545840000000107,27.924650112487644,0.026879478625461778,7.768229166666667,35.0,55.0,80.0,0.9288194444444444,0.43190104166666665,307,371,0,64,781,371,0.3220486111111111
Published VDN,102.0,3005,volatile,coordinated,17.410333333333377,0.47761194029850745,0.5223880597014925,15.295840000000087,28.08026909765794,0.017642824405607833,7.802951388888889,35.0,57.0,86.0,0.9369212962962963,0.44748479823106685,302,381,0,79,771,381,0.3307291666666667
Published VDN,102.0,3006,volatile,coordinated,39.8973333333333,0.5443037974683544,0.45569620253164556,15.745840000000133,27.970602109231812,0.027180764092970395,7.607638888888889,35.0,67.0,82.0,0.9464699074074076,0.5151671647913737,311,372,0,61,780,372,0.3229166666666667
Published VDN,102.0,3007,volatile,coordinated,15.914666666666669,0.48756218905472637,0.5124378109452736,15.395840000000089,27.72584938019354,0.027302871055773406,7.333333333333333,34.0,49.0,92.0,0.9233217592592591,0.4501767781463054,304,382,0,78,770,382,0.3315972222222222
Published VDN,102.0,3008,volatile,coordinated,-63.02533333333339,0.37962962962962965,0.6203703703703703,15.645840000000053,27.678808363663382,0.010070359684402064,7.482638888888889,35.0,53.0,81.0,0.9085648148148147,0.34491812414266115,309,387,0,78,765,387,0.3359375
Published VDN,102.0,3009,volatile,coordinated,100.9316666666667,0.5601851851851852,0.43981481481481477,16.045840000000105,27.35706781838024,0.028330392900459158,7.365451388888889,35.0,57.0,85.0,0.9728009259259258,0.5449486668381344,317,409,0,92,743,409,0.3550347222222222
Published VDN,102.0,3010,volatile,coordinated,-82.86133333333333,0.34517766497461927,0.6548223350253808,16.345840000000106,27.819657651968942,0.013370306704570808,6.387152777777778,29.0,55.0,79.0,0.9050925925925927,0.31241774769693553,323,383,0,60,769,383,0.3324652777777778
Published VDN,102.0,3011,volatile,coordinated,-27.930333333333376,0.43103448275862066,0.5689655172413793,14.645840000000083,27.82161901589394,0.00622925374668646,8.27951388888889,38.0,64.0,74.0,0.9293981481481483,0.400602650063857,289,368,0,79,784,368,0.3194444444444444
Published VDN,102.0,3012,volatile,coordinated,37.003999999999984,0.5402298850574713,0.45977011494252873,14.945840000000047,27.90835789481917,0.015963933940568227,7.311631944444445,36.0,56.0,93.0,0.96875,0.5233477011494253,295,382,0,87,770,382,0.3315972222222222
Published VDN,102.0,3013,volatile,coordinated,-66.08633333333343,0.37254901960784315,0.6274509803921569,15.1458400000001,27.60629658153886,0.01291370467558376,7.797743055555555,38.450000000000045,56.0,80.0,0.9103009259259258,0.33913171750181553,299,374,0,75,778,374,0.3246527777777778
Published VDN,102.0,3014,volatile,coordinated,-30.156333333333322,0.422680412371134,0.5773195876288659,15.045840000000087,27.965147343052877,0.0237472032777393,7.424479166666667,33.450000000000045,49.0,76.0,0.9241898148148147,0.39063693203512784,297,369,0,72,783,369,0.3203125
Published VDN,102.0,3015,volatile,coordinated,-30.609333333333357,0.41544117647058826,0.5845588235294117,16.195840000000114,28.124213368859103,0.012255429614605944,6.019965277777778,28.0,50.0,101.0,0.8833912037037037,0.36699708095043576,320,412,0,92,740,412,0.3576388888888889
Published VDN,102.0,3016,volatile,coordinated,14.918666666666642,0.4891304347826087,0.5108695652173914,15.7958400000001,27.86800081186195,0.02813420150543457,6.915798611111111,31.450000000000045,52.0,85.0,0.9450231481481483,0.46223958333333337,312,379,0,67,773,379,0.3289930555555556
Published VDN,102.0,3017,volatile,coordinated,26.273000000000014,0.5283018867924528,0.4716981132075472,15.395840000000064,27.5129058183247,0.020857541999078712,7.453993055555555,33.0,49.0,89.0,0.9652777777777778,0.509958071278826,304,363,0,59,789,363,0.3151041666666667
Published VDN,102.0,3018,volatile,coordinated,8.148999999999981,0.4888888888888889,0.5111111111111111,14.895840000000076,27.62835490570601,0.018907978510747846,7.638020833333333,35.450000000000045,58.0,91.0,0.9513888888888888,0.4651234567901234,294,367,0,73,785,367,0.3185763888888889
Published VDN,102.0,3019,volatile,coordinated,-19.86800000000004,0.44025157232704404,0.559748427672956,15.195840000000103,27.7691952184056,0.025937753944077255,6.790798611111111,30.0,49.0,78.0,0.9348958333333334,0.41158936058700213,300,349,0,49,803,349,0.3029513888888889
Published VDN,102.0,3020,volatile,coordinated,-138.61133333333325,0.26804123711340205,0.731958762886598,13.495840000000037,27.88644548435911,0.034669233487841615,9.430555555555555,42.0,63.0,73.0,0.8573495370370371,0.22980503054600993,266,304,0,38,848,304,0.2638888888888889
Published VDN,102.0,3021,volatile,coordinated,28.83933333333331,0.47161572052401746,0.5283842794759825,16.495840000000136,27.356435250194345,0.014010619010494345,7.921875,36.0,59.0,79.0,0.9447337962962964,0.44555131004366816,326,413,0,87,739,413,0.3585069444444444
Published VDN,102.0,3022,volatile,coordinated,-21.336000000000006,0.4603174603174603,0.5396825396825398,15.695840000000109,27.392636233701687,0.020777709921932817,7.341145833333333,33.450000000000045,54.0,69.0,0.953125,0.43874007936507936,310,360,0,50,792,360,0.3125
Published VDN,102.0,3023,volatile,coordinated,-34.788000000000004,0.39768339768339767,0.6023166023166023,15.895840000000087,27.617549127455494,0.034888632068325806,7.365451388888889,33.0,54.0,86.0,0.8810763888888888,0.3503894519519519,314,372,0,58,780,372,0.3229166666666667
Published VDN,102.0,3024,volatile,coordinated,50.588999999999984,0.47750865051903113,0.5224913494809689,15.79584000000008,27.71187623849027,0.018951757244047154,8.137152777777779,36.0,55.0,103.0,0.9392361111111112,0.44849336793540945,312,417,0,105,735,417,0.3619791666666667
Published VDN,102.0,3025,volatile,coordinated,35.71899999999998,0.47863247863247865,0.5213675213675213,15.89584000000011,27.62663751191855,0.02196935782360488,8.870659722222221,38.450000000000045,62.0,71.0,0.9357638888888888,0.4478869895536562,314,393,0,79,759,393,0.3411458333333333
Published VDN,102.0,3026,volatile,coordinated,35.63200000000001,0.5633802816901409,0.43661971830985913,16.195840000000068,27.844778964859096,0.02518390828329454,6.3203125,31.0,58.0,100.0,0.9791666666666666,0.5516431924882629,320,392,0,72,760,392,0.3402777777777778
Published VDN,102.0,3027,volatile,coordinated,7.874999999999963,0.45454545454545453,0.5454545454545454,14.645840000000064,27.499076027649426,0.0180176442890904,9.418402777777779,40.450000000000045,61.0,66.0,0.9270833333333334,0.42140151515151514,289,355,0,66,797,355,0.3081597222222222
Published VDN,102.0,3028,volatile,coordinated,-100.49466666666659,0.3333333333333333,0.6666666666666667,15.645840000000096,27.63507648640927,0.01569468436245435,8.194444444444445,39.0,62.0,72.0,0.8587962962962963,0.2862654320987654,309,376,0,67,776,376,0.3263888888888889
Published VDN,102.0,3029,volatile,coordinated,26.612333333333332,0.4527027027027027,0.5472972972972974,15.845840000000106,27.497347482787532,0.014506547945583332,7.822916666666667,36.0,51.0,97.0,0.8978587962962964,0.40646310372872874,313,396,0,83,756,396,0.34375
Published VDN,102.0,3030,volatile,coordinated,-5.859666666666663,0.43842364532019706,0.5615763546798029,15.5458400000001,27.869642024952892,0.011251028054317906,7.381076388888889,33.0,56.0,75.0,0.9239004629629631,0.40505980888524,307,371,0,64,781,371,0.3220486111111111
Published VDN,103.0,3001,volatile,coordinated,15.672999999999977,0.4528301886792453,0.5471698113207547,14.745840000000083,27.62894994555471,0.027362556061532192,6.221354166666667,26.0,50.0,69.0,0.9227430555555556,0.41784591194968557,291,365,0,74,787,365,0.3168402777777778
Published VDN,103.0,3002,volatile,coordinated,53.197000000000074,0.4632768361581921,0.536723163841808,16.245840000000076,27.861430036513966,0.03038976398396058,8.3203125,37.450000000000045,58.0,102.0,0.8819444444444444,0.40858443188951665,321,444,0,123,708,444,0.3854166666666667
Published VDN,103.0,3003,volatile,coordinated,-10.271666666666661,0.42616033755274263,0.5738396624472574,14.74584000000007,27.548637494574557,0.018752252358853277,6.8125,30.0,57.0,78.0,0.9039351851851853,0.3852213236443195,291,359,0,68,793,359,0.3116319444444444
Published VDN,103.0,3004,volatile,coordinated,33.89866666666668,0.485,0.515,15.095840000000115,27.924650112487644,0.027984149687287716,5.955729166666667,26.0,41.0,71.0,0.9311342592592593,0.45160011574074077,298,365,0,67,787,365,0.3168402777777778
Published VDN,103.0,3005,volatile,coordinated,38.75133333333331,0.4975124378109453,0.5024875621890548,14.79584000000006,28.08026909765794,0.022272132730979895,6.521701388888889,29.0,51.0,81.0,0.9421296296296295,0.46872120877095996,292,362,0,70,790,362,0.3142361111111111
Published VDN,103.0,3006,volatile,coordinated,69.37966666666668,0.5822784810126582,0.4177215189873418,15.345840000000148,27.970602109231812,0.06026858980550973,7.313368055555555,34.0,72.0,75.0,0.9589120370370369,0.5583538443506797,303,362,0,59,790,362,0.3142361111111111
Published VDN,103.0,3007,volatile,coordinated,50.642999999999994,0.5174129353233831,0.48258706467661694,14.445840000000064,27.72584938019354,0.030631613145019825,7.276041666666667,32.0,49.0,74.0,0.9270833333333334,0.4796849087893864,285,346,0,61,806,346,0.3003472222222222
Published VDN,103.0,3008,volatile,coordinated,-23.28366666666662,0.4166666666666667,0.5833333333333333,14.295840000000045,27.678808363663382,0.061994355934015054,6.541666666666667,26.0,53.0,70.0,0.9134837962962963,0.38061824845679015,282,349,0,67,803,349,0.3029513888888889
Published VDN,103.0,3009,volatile,coordinated,120.13566666666671,0.5787037037037037,0.4212962962962963,15.445840000000091,27.35706781838024,0.06583039290045908,7.749131944444445,38.0,61.0,77.0,0.9693287037037036,0.5609541109396433,305,383,0,78,769,383,0.3324652777777778
Published VDN,103.0,3010,volatile,coordinated,-24.266666666666687,0.41624365482233505,0.583756345177665,15.895840000000094,27.819657651968942,0.015176727051232571,5.900173611111111,27.0,47.0,80.0,0.9334490740740742,0.3885422541831172,314,369,0,55,783,369,0.3203125
Published VDN,103.0,3011,volatile,coordinated,-10.088999999999988,0.45977011494252873,0.5402298850574713,13.945840000000054,27.82161901589394,0.022240389012509493,7.215277777777778,34.0,62.0,81.0,0.9331597222222222,0.4290389527458493,275,352,0,77,800,352,0.3055555555555556
Published VDN,103.0,3012,volatile,coordinated,52.18699999999998,0.5459770114942529,0.45402298850574707,14.045840000000023,27.90835789481917,0.026415774298447416,7.157986111111111,36.0,59.0,77.0,0.9722222222222222,0.5308109833971904,277,357,0,80,795,357,0.3098958333333333
Published VDN,103.0,3013,volatile,coordinated,-31.91633333333331,0.4019607843137255,0.5980392156862745,13.995840000000094,27.60629658153886,0.1647759209664551,6.580729166666667,29.0,51.0,67.0,0.921585648148148,0.3704412899419027,276,353,0,77,799,353,0.3064236111111111
Published VDN,103.0,3014,volatile,coordinated,5.8736666666666775,0.4639175257731959,0.5360824742268041,14.095840000000077,27.965147343052877,0.02374720327773924,6.392361111111111,27.0,50.0,75.0,0.9380787037037036,0.4351911512027491,278,345,0,67,807,345,0.2994791666666667
Published VDN,103.0,3015,volatile,coordinated,11.621333333333336,0.4485294117647059,0.5514705882352942,15.595840000000093,28.124213368859103,0.013634769156713251,5.909722222222222,27.0,50.0,94.0,0.8969907407407409,0.40232672930283236,308,380,0,72,772,380,0.3298611111111111
Published VDN,103.0,3016,volatile,coordinated,26.601666666666656,0.5,0.5,15.245840000000102,27.86800081186195,0.039310144741022846,6.174479166666667,27.450000000000045,55.0,80.0,0.9458912037037037,0.47294560185185186,301,368,0,67,784,368,0.3194444444444444
Published VDN,103.0,3017,volatile,coordinated,50.05166666666662,0.5534591194968553,0.44654088050314467,14.195840000000047,27.5129058183247,0.022358228721508885,6.987847222222222,30.0,47.0,77.0,0.9641203703703702,0.5336012112741672,280,327,0,47,825,327,0.2838541666666667
Published VDN,103.0,3018,volatile,coordinated,30.28766666666666,0.5,0.5,13.995840000000063,27.62835490570601,0.03168912415575581,6.914930555555555,31.0,52.0,72.0,0.9571759259259258,0.4785879629629629,276,335,0,59,817,335,0.2907986111111111
Published VDN,103.0,3019,volatile,coordinated,25.631999999999998,0.49056603773584906,0.5094339622641509,13.295840000000048,27.7691952184056,0.07659830517681035,6.391493055555555,26.0,43.0,66.0,0.9548611111111112,0.4684224318658281,262,296,0,34,856,296,0.2569444444444444
Published VDN,103.0,3020,volatile,coordinated,-80.23066666666666,0.32989690721649484,0.6701030927835052,12.145839999999982,27.88644548435911,0.03671550482198982,9.3359375,40.0,60.0,60.0,0.8778935185185186,0.28961435662466595,239,265,0,26,887,265,0.2300347222222222
Published VDN,103.0,3021,volatile,coordinated,81.57266666666656,0.5240174672489083,0.4759825327510917,16.095840000000127,27.356435250194345,0.01001183358084743,5.706597222222222,24.0,44.0,79.0,0.9675925925925927,0.5070354196991752,318,396,0,78,756,396,0.34375
Published VDN,103.0,3022,volatile,coordinated,30.53066666666666,0.5396825396825397,0.46031746031746035,14.245840000000095,27.392636233701687,0.05555624303832029,7.013020833333333,30.0,46.0,58.0,0.9771412037037037,0.5273460464432687,281,319,0,38,833,319,0.2769097222222222
Published VDN,103.0,3023,volatile,coordinated,26.77233333333333,0.4517374517374517,0.5482625482625483,15.745840000000088,27.617549127455494,0.022309486620546604,5.574652777777778,24.0,42.0,78.0,0.9030671296296295,0.4079492438867438,311,370,0,59,782,370,0.3211805555555556
Published VDN,103.0,3024,volatile,coordinated,85.33599999999991,0.5051903114186851,0.4948096885813149,15.145840000000076,27.71187623849027,0.03050403847672799,7.302083333333333,32.0,55.0,96.0,0.9427083333333334,0.47624711649365625,299,404,0,105,748,404,0.3506944444444444
Published VDN,103.0,3025,volatile,coordinated,76.22000000000006,0.5213675213675214,0.4786324786324786,14.895840000000113,27.62663751191855,0.016974906420537547,7.756944444444445,32.0,60.0,77.0,0.9513888888888888,0.4960232668566002,294,365,0,71,787,365,0.3168402777777778
Published VDN,103.0,3026,volatile,coordinated,72.286,0.6056338028169014,0.3943661971830986,15.595840000000063,27.844778964859096,0.03361695346060169,6.180555555555555,29.450000000000045,58.0,79.0,0.9895833333333334,0.599325117370892,308,372,0,64,780,372,0.3229166666666667
Published VDN,103.0,3027,volatile,coordinated,24.364666666666682,0.4696969696969697,0.5303030303030303,13.045840000000027,27.499076027649426,0.02410404815888241,9.688368055555555,41.0,61.0,63.0,0.9276620370370371,0.4357200476992144,257,309,0,52,843,309,0.2682291666666667
Published VDN,103.0,3028,volatile,coordinated,-38.03199999999998,0.38596491228070173,0.6140350877192983,15.14584000000007,27.63507648640927,0.01569468436245432,6.986979166666667,33.450000000000045,62.0,60.0,0.8958333333333334,0.34576023391812866,299,352,0,53,800,352,0.3055555555555556
Published VDN,103.0,3029,volatile,coordinated,37.88266666666667,0.46283783783783783,0.5371621621621622,15.545840000000117,27.497347482787532,0.014506547945583318,7.271701388888889,32.450000000000045,56.0,95.0,0.8920717592592593,0.41288456425175174,307,388,0,81,764,388,0.3368055555555556
Published VDN,103.0,3030,volatile,coordinated,29.28833333333329,0.47783251231527096,0.5221674876847291,15.045840000000096,27.869642024952892,0.008775086623839048,5.776909722222222,24.0,37.0,72.0,0.9317129629629631,0.4452027458492977,297,355,0,58,797,355,0.3081597222222222
Published QMIX,101.0,3001,volatile,coordinated,-48.595666666666666,0.37735849056603776,0.6226415094339622,15.345840000000111,27.62894994555471,0.016936591532260882,10.914930555555555,47.0,69.0,61.0,0.902199074074074,0.34045248078266943,303,378,0,75,774,378,0.328125
Published QMIX,101.0,3002,volatile,coordinated,53.188333333333354,0.4604519774011299,0.53954802259887,16.84584000000011,27.861430036513966,0.013528352185670424,10.052083333333334,44.0,65.0,90.0,0.8770254629629631,0.4038281086524378,333,437,0,104,715,437,0.3793402777777778
Published QMIX,101.0,3003,volatile,coordinated,-52.42533333333331,0.3755274261603376,0.6244725738396624,14.795840000000073,27.548637494574557,0.022570802267947613,10.927083333333334,47.0,66.0,57.0,0.8799189814814815,0.3304337103453665,292,352,0,60,800,352,0.3055555555555556
Published QMIX,101.0,3004,volatile,coordinated,-7.691333333333342,0.44,0.56,14.995840000000122,27.924650112487644,0.008452118259536151,10.87673611111111,45.0,68.0,78.0,0.9198495370370371,0.4047337962962963,296,345,0,49,807,345,0.2994791666666667
Published QMIX,101.0,3005,volatile,coordinated,-27.435333333333283,0.417910447761194,0.582089552238806,15.69584000000011,28.08026909765794,0.022272132730979947,10.167534722222221,43.0,66.0,73.0,0.9146412037037036,0.38223811498065224,310,385,0,75,767,385,0.3342013888888889
Published QMIX,101.0,3006,volatile,coordinated,41.04466666666668,0.5189873417721519,0.4810126582278481,15.695840000000151,27.970602109231812,0.011358115859451215,10.762152777777779,45.0,66.0,46.0,0.9432870370370369,0.48955403187998114,310,356,0,46,796,356,0.3090277777777778
Published QMIX,101.0,3007,volatile,coordinated,-41.90266666666658,0.39800995024875624,0.6019900497512438,15.595840000000113,27.72584938019354,0.023208689710488173,10.085069444444445,42.450000000000045,59.0,66.0,0.9048032407407409,0.3601206928321357,308,376,0,68,776,376,0.3263888888888889
Published QMIX,101.0,3008,volatile,coordinated,-79.87033333333336,0.37037037037037035,0.6296296296296297,16.54584000000012,27.678808363663382,0.012494815143353516,9.105034722222221,40.0,57.0,86.0,0.8972800925925924,0.3323259602194787,327,410,0,83,742,410,0.3559027777777778
Published QMIX,101.0,3009,volatile,coordinated,83.51633333333334,0.5324074074074074,0.46759259259259256,15.49584000000009,27.35706781838024,0.014675102120164908,10.29513888888889,45.0,65.0,66.0,0.9560185185185186,0.508991340877915,306,388,0,82,764,388,0.3368055555555556
Published QMIX,101.0,3010,volatile,coordinated,-62.809000000000026,0.350253807106599,0.649746192893401,16.745840000000154,27.819657651968942,0.018247557268885557,10.674479166666666,46.0,65.0,36.0,0.8975694444444444,0.31437711505922167,331,364,0,33,788,364,0.3159722222222222
Published QMIX,101.0,3011,volatile,coordinated,-37.12800000000004,0.40804597701149425,0.5919540229885057,14.395840000000089,27.82161901589394,0.0007337729882432014,10.17361111111111,45.0,63.0,65.0,0.9331597222222222,0.38077207056194123,284,355,0,71,797,355,0.3081597222222222
Published QMIX,101.0,3012,volatile,coordinated,4.383000000000005,0.4827586206896552,0.5172413793103448,14.995840000000095,27.90835789481917,0.01596393394056829,11.151041666666666,46.0,63.0,72.0,0.9548611111111112,0.4609674329501916,296,381,0,85,771,381,0.3307291666666667
Published QMIX,101.0,3013,volatile,coordinated,-70.748,0.35784313725490197,0.642156862745098,14.695840000000093,27.60629658153886,0.012913704675583792,10.616319444444445,46.0,63.0,60.0,0.8984375,0.321499693627451,290,351,0,61,801,351,0.3046875
Published QMIX,101.0,3014,volatile,coordinated,-78.92900000000003,0.36082474226804123,0.6391752577319587,15.195840000000087,27.965147343052877,0.023747203277739284,9.6875,40.450000000000045,59.0,69.0,0.8975694444444444,0.3238652634593356,300,370,0,70,782,370,0.3211805555555556
Published QMIX,101.0,3015,volatile,coordinated,-37.222666666666704,0.4007352941176471,0.5992647058823529,15.545840000000105,28.124213368859103,0.02022567850948726,9.07638888888889,40.450000000000045,56.0,81.0,0.8778935185185186,0.3518029173474946,307,388,0,81,764,388,0.3368055555555556
Published QMIX,101.0,3016,volatile,coordinated,-14.83333333333336,0.44565217391304346,0.5543478260869565,15.845840000000129,27.86800081186195,0.01782398992306513,10.442708333333334,44.450000000000045,64.0,75.0,0.9380787037037037,0.41805681360708535,313,388,0,75,764,388,0.3368055555555556
Published QMIX,101.0,3017,volatile,coordinated,-1.2310000000000159,0.4716981132075472,0.5283018867924528,15.445840000000084,27.5129058183247,0.01491939680667691,10.8203125,42.0,61.0,62.0,0.9470486111111112,0.4467210429769392,305,368,0,63,784,368,0.3194444444444444
Published QMIX,101.0,3018,volatile,coordinated,15.844000000000017,0.4888888888888889,0.5111111111111111,14.845840000000093,27.62835490570601,0.013602391498373848,10.649305555555555,45.0,62.0,68.0,0.9444444444444444,0.46172839506172836,293,352,0,59,800,352,0.3055555555555556
Published QMIX,101.0,3019,volatile,coordinated,-75.5313333333334,0.3333333333333333,0.6666666666666667,14.845840000000111,27.7691952184056,0.023564793004618667,12.09548611111111,48.0,67.0,44.0,0.9016203703703702,0.30054012345679004,293,328,0,35,824,328,0.2847222222222222
Published QMIX,101.0,3020,volatile,coordinated,-160.1539999999999,0.2422680412371134,0.7577319587628866,13.795840000000085,27.88644548435911,0.03097881599320268,11.264756944444445,45.450000000000045,60.0,67.0,0.8454861111111112,0.20483426403207333,272,320,0,48,832,320,0.2777777777777778
Published QMIX,101.0,3021,volatile,coordinated,14.559666666666669,0.45414847161572053,0.5458515283842795,16.245840000000136,27.356435250194345,0.006861936767224758,10.358506944444445,46.0,62.0,66.0,0.9250578703703705,0.42011361798479707,321,398,0,77,754,398,0.3454861111111111
Published QMIX,101.0,3022,volatile,coordinated,-40.783000000000015,0.40476190476190477,0.5952380952380952,15.59584000000013,27.392636233701687,0.018099491458270875,10.30642361111111,42.0,63.0,49.0,0.9444444444444444,0.38227513227513227,308,352,0,44,800,352,0.3055555555555556
Published QMIX,101.0,3023,volatile,coordinated,-45.81733333333337,0.38223938223938225,0.6177606177606177,16.14584000000011,27.617549127455494,0.020783436153666172,10.272569444444445,43.0,62.0,61.0,0.857349537037037,0.3277127574002574,319,367,0,48,785,367,0.3185763888888889
Published QMIX,101.0,3024,volatile,coordinated,54.56366666666669,0.47750865051903113,0.5224913494809689,16.64584000000011,27.71187623849027,0.007926670021806543,10.486979166666666,43.0,62.0,86.0,0.9328703703703705,0.44545367166474437,329,418,0,89,734,418,0.3628472222222222
Published QMIX,101.0,3025,volatile,coordinated,32.82966666666664,0.4700854700854701,0.5299145299145299,15.795840000000126,27.62663751191855,0.019790877694778868,11.4609375,45.0,65.0,62.0,0.9380787037037037,0.44097716840772394,312,376,0,64,776,376,0.3263888888888889
Published QMIX,101.0,3026,volatile,coordinated,53.33600000000005,0.5774647887323944,0.4225352112676056,16.74584000000011,27.844778964859096,0.01760138803204065,10.583333333333334,48.0,66.0,64.0,0.96875,0.559419014084507,331,390,0,59,762,390,0.3385416666666667
Published QMIX,101.0,3027,volatile,coordinated,-30.937333333333314,0.4090909090909091,0.5909090909090908,14.395840000000067,27.499076027649426,0.023289311328827982,10.60763888888889,43.450000000000045,61.0,73.0,0.9224537037037037,0.37736742424242425,284,367,0,83,785,367,0.3185763888888889
Published QMIX,101.0,3028,volatile,coordinated,-95.49999999999984,0.3333333333333333,0.6666666666666667,15.345840000000129,27.63507648640927,0.011390025234763759,10.40451388888889,46.0,64.0,58.0,0.8506944444444444,0.28356481481481477,303,349,0,46,803,349,0.3029513888888889
Published QMIX,101.0,3029,volatile,coordinated,-3.8940000000000206,0.42567567567567566,0.5743243243243243,15.295840000000123,27.497347482787532,0.02430116047531595,10.283854166666666,44.0,58.0,86.0,0.8836805555555556,0.37616131756756754,302,408,0,106,744,408,0.3541666666666667
Published QMIX,101.0,3030,volatile,coordinated,-44.60633333333329,0.3842364532019704,0.6157635467980296,15.295840000000128,27.869642024952892,0.018917653468153765,10.605902777777779,44.0,67.0,58.0,0.8998842592592591,0.34576833607006013,302,355,0,53,797,355,0.3081597222222222
Published QMIX,102.0,3001,volatile,coordinated,23.052333333333287,0.4481132075471698,0.5518867924528301,12.945840000000008,27.62894994555471,0.02139314584904913,9.190104166666666,39.0,65.0,45.0,0.9056712962962963,0.40584326956673655,255,295,0,40,857,295,0.2560763888888889
Published QMIX,102.0,3002,volatile,coordinated,120.90366666666667,0.5056497175141242,0.49435028248587576,15.24584000000007,27.861430036513966,0.03266401269553538,7.871527777777778,37.0,61.0,88.0,0.8859953703703705,0.4480033087465997,301,379,0,78,773,379,0.3289930555555556
Published QMIX,102.0,3003,volatile,coordinated,14.595999999999984,0.4345991561181435,0.5654008438818565,13.045840000000046,27.548637494574557,0.01913067064898627,7.546006944444445,34.0,62.0,55.0,0.9097222222222222,0.39536451007969997,257,304,0,47,848,304,0.2638888888888889
Published QMIX,102.0,3004,volatile,coordinated,37.90466666666672,0.48,0.52,13.145840000000053,27.924650112487644,0.02544908859677885,8.24826388888889,34.0,50.0,59.0,0.9241898148148149,0.4436111111111111,259,304,0,45,848,304,0.2638888888888889
Published QMIX,102.0,3005,volatile,coordinated,56.165666666666695,0.5074626865671642,0.4925373134328358,13.44584000000005,28.08026909765794,0.021951142179108315,7.505208333333333,32.0,57.0,67.0,0.9415509259259258,0.4778019624101713,265,315,0,50,837,315,0.2734375
Published QMIX,102.0,3006,volatile,coordinated,99.45166666666667,0.6139240506329114,0.38607594936708856,13.39584000000017,27.970602109231812,0.12940603522647948,6.785590277777778,28.0,66.0,62.0,0.960648148148148,0.5897650023441162,264,311,0,47,841,311,0.2699652777777778
Published QMIX,102.0,3007,volatile,coordinated,67.64899999999997,0.527363184079602,0.47263681592039797,13.19584000000007,27.72584938019354,0.030392513600622183,7.131076388888889,29.0,44.0,64.0,0.9331597222222222,0.49211408236594806,260,315,0,55,837,315,0.2734375
Published QMIX,102.0,3008,volatile,coordinated,-10.010333333333357,0.4212962962962963,0.5787037037037037,13.79584000000004,27.678808363663382,0.018061668444300908,8.29513888888889,35.0,56.0,51.0,0.9111689814814814,0.3838721171982167,272,320,0,48,832,320,0.2777777777777778
Published QMIX,102.0,3009,volatile,coordinated,161.83399999999997,0.6203703703703703,0.37962962962962965,14.345840000000083,27.35706781838024,0.024138501735651446,5.925347222222222,27.0,51.0,66.0,0.9670138888888888,0.5999067644032922,283,349,0,66,803,349,0.3029513888888889
Published QMIX,102.0,3010,volatile,coordinated,16.210666666666654,0.4517766497461929,0.5482233502538071,13.795840000000096,27.819657651968942,0.06517672705123255,7.295138888888889,32.0,53.0,57.0,0.9320023148148147,0.42105688334273356,272,304,0,32,848,304,0.2638888888888889
Published QMIX,102.0,3011,volatile,coordinated,7.117666666666654,0.47126436781609193,0.5287356321839081,12.545840000000005,27.82161901589394,0.01601878060278749,8.558159722222221,38.0,63.0,65.0,0.925925925925926,0.4363558961260111,247,294,0,47,858,294,0.2552083333333333
Published QMIX,102.0,3012,volatile,coordinated,75.57233333333325,0.5689655172413793,0.43103448275862066,12.795840000000009,27.90835789481917,0.025755231641259348,8.280381944444445,38.450000000000045,67.0,68.0,0.976851851851852,0.5557950191570882,252,310,0,58,842,310,0.2690972222222222
Published QMIX,102.0,3013,volatile,coordinated,3.798666666666651,0.4362745098039216,0.5637254901960784,12.695840000000087,27.60629658153886,0.11985873747680373,7.697048611111111,33.0,49.0,52.0,0.9215856481481483,0.40206432688816274,250,303,0,53,849,303,0.2630208333333333
Published QMIX,102.0,3014,volatile,coordinated,-3.928000000000026,0.4381443298969072,0.5618556701030928,12.595840000000038,27.965147343052877,0.03556012038607462,7.571180555555555,29.0,47.0,60.0,0.9253472222222222,0.40543563860252,248,293,0,45,859,293,0.2543402777777778
Published QMIX,102.0,3015,volatile,coordinated,24.128333333333302,0.4522058823529412,0.5477941176470589,13.995840000000083,28.124213368859103,0.02058100838642903,5.894965277777778,25.0,49.0,80.0,0.8917824074074076,0.4032692504084968,276,345,0,69,807,345,0.2994791666666667
Published QMIX,102.0,3016,volatile,coordinated,49.993333333333325,0.5163043478260869,0.4836956521739131,13.645840000000085,27.86800081186195,0.028134201505434515,6.919270833333333,29.450000000000045,51.0,63.0,0.9429976851851853,0.48687380485104675,269,307,0,38,845,307,0.2664930555555556
Published QMIX,102.0,3017,volatile,coordinated,74.63533333333325,0.5723270440251572,0.4276729559748428,12.595839999999999,27.5129058183247,0.012835824365579555,7.578993055555555,31.0,48.0,56.0,0.9629629629629629,0.5511297460982996,248,281,0,33,871,281,0.2439236111111111
Published QMIX,102.0,3018,volatile,coordinated,48.01800000000001,0.5111111111111111,0.48888888888888893,12.745840000000042,27.62835490570601,0.02817320359554229,7.741319444444445,32.0,59.0,55.0,0.9548611111111112,0.4880401234567901,251,297,0,46,855,297,0.2578125
Published QMIX,102.0,3019,volatile,coordinated,14.903333333333343,0.4591194968553459,0.5408805031446541,12.745840000000019,27.7691952184056,0.03446341194196616,6.698784722222222,26.0,40.0,49.0,0.9456018518518517,0.43414424644770555,251,283,0,32,869,283,0.2456597222222222
Published QMIX,102.0,3020,volatile,coordinated,-58.92433333333333,0.35051546391752575,0.6494845360824743,11.14583999999994,27.88644548435911,0.03364377101044301,9.4765625,40.450000000000045,61.0,53.0,0.8833912037037037,0.3096422775868652,219,241,0,22,911,241,0.2092013888888889
Published QMIX,102.0,3021,volatile,coordinated,118.98100000000007,0.5502183406113537,0.44978165938864634,14.645840000000122,27.356435250194345,0.01639679008474651,7.649305555555555,33.450000000000045,57.0,50.0,0.9609375,0.5287254366812226,289,336,0,47,816,336,0.2916666666666667
Published QMIX,102.0,3022,volatile,coordinated,11.328999999999983,0.49206349206349204,0.5079365079365079,13.545840000000092,27.392636233701687,0.03964479181796198,8.039930555555555,34.0,52.0,46.0,0.9583333333333334,0.47156084656084657,267,295,0,28,857,295,0.2560763888888889
Published QMIX,102.0,3023,volatile,coordinated,9.169333333333343,0.42857142857142855,0.5714285714285714,13.445840000000066,27.617549127455494,0.027601701355555126,6.0390625,25.0,43.0,75.0,0.8883101851851851,0.380704365079365,265,303,0,38,849,303,0.2630208333333333
Published QMIX,102.0,3024,volatile,coordinated,114.49766666666663,0.5224913494809689,0.47750865051903113,13.895840000000053,27.71187623849027,0.015896730038088704,6.837673611111111,29.450000000000045,51.0,83.0,0.9432870370370369,0.49285931692938606,274,359,0,85,793,359,0.3116319444444444
Published QMIX,102.0,3025,volatile,coordinated,75.28400000000003,0.5128205128205128,0.4871794871794872,13.995840000000094,27.62663751191855,0.04428639499872711,8.502604166666666,35.0,61.0,67.0,0.9444444444444444,0.48433048433048426,276,326,0,50,826,326,0.2829861111111111
Published QMIX,102.0,3026,volatile,coordinated,121.193,0.676056338028169,0.323943661971831,14.84584000000006,27.844778964859096,0.01738119803204786,6.480034722222222,29.450000000000045,47.0,54.0,0.9791666666666666,0.6619718309859155,293,324,0,31,828,324,0.28125
Published QMIX,102.0,3027,volatile,coordinated,67.71533333333342,0.5151515151515151,0.48484848484848486,12.595839999999995,27.499076027649426,0.023836027354614275,9.778645833333334,40.0,62.0,50.0,0.9395254629629629,0.48399796576879905,248,288,0,40,864,288,0.25
Published QMIX,102.0,3028,volatile,coordinated,-37.55966666666668,0.37719298245614036,0.6228070175438596,13.095840000000036,27.63507648640927,0.024590320655365604,8.57986111111111,38.0,62.0,44.0,0.8848379629629629,0.33375467024041583,258,307,0,49,845,307,0.2664930555555556
Published QMIX,102.0,3029,volatile,coordinated,85.94566666666665,0.49324324324324326,0.5067567567567568,14.095840000000107,27.497347482787532,0.025127733393581164,6.924479166666667,31.0,48.0,74.0,0.8955439814814815,0.4417210178928929,278,341,0,63,811,341,0.2960069444444444
Published QMIX,102.0,3030,volatile,coordinated,64.04833333333333,0.5073891625615764,0.4926108374384236,12.945840000000018,27.869642024952892,0.030238977694730364,6.839409722222222,26.0,53.0,59.0,0.9421296296296298,0.47802636380222596,255,300,0,45,852,300,0.2604166666666667
Published QMIX,103.0,3001,volatile,coordinated,36.47766666666667,0.4669811320754717,0.5330188679245282,12.945840000000018,27.62894994555471,0.022320157293026534,7.605034722222222,33.0,57.0,60.0,0.9250578703703702,0.43198457154088044,255,298,0,43,854,298,0.2586805555555556
Published QMIX,103.0,3002,volatile,coordinated,134.02066666666676,0.5112994350282486,0.4887005649717514,14.99584000000006,27.861430036513966,0.032323352185670236,8.411458333333334,38.0,63.0,79.0,0.8912037037037036,0.4556719501987863,296,372,0,76,780,372,0.3229166666666667
Published QMIX,103.0,3003,volatile,coordinated,53.77566666666661,0.47257383966244726,0.5274261603375527,12.995840000000067,27.548637494574557,0.022949220558080522,6.741319444444445,29.0,58.0,55.0,0.9320023148148149,0.440439912486326,256,300,0,44,852,300,0.2604166666666667
Published QMIX,103.0,3004,volatile,coordinated,80.94733333333332,0.535,0.46499999999999997,12.845840000000063,27.924650112487644,0.0772471182595359,6.822048611111111,28.0,45.0,64.0,0.9438657407407409,0.5049681712962965,253,306,0,53,846,306,0.265625
Published QMIX,103.0,3005,volatile,coordinated,66.13633333333331,0.5124378109452736,0.48756218905472637,13.195840000000052,28.08026909765794,0.021951142179108322,7.178819444444445,30.0,53.0,60.0,0.9464699074074073,0.4850069674774276,260,303,0,43,849,303,0.2630208333333333
Published QMIX,103.0,3006,volatile,coordinated,108.56199999999997,0.6329113924050633,0.36708860759493667,13.09584000000018,27.970602109231812,0.14109162969732103,8.274305555555555,35.0,70.0,65.0,0.9635416666666666,0.6098364978902954,258,302,0,44,850,302,0.2621527777777778
Published QMIX,103.0,3007,volatile,coordinated,78.87133333333341,0.527363184079602,0.47263681592039797,12.695840000000054,27.72584938019354,0.0724250801645536,8.022569444444445,32.0,52.0,51.0,0.9429976851851851,0.4973022618389534,250,286,0,36,866,286,0.2482638888888889
Published QMIX,103.0,3008,volatile,coordinated,-3.692000000000011,0.42592592592592593,0.5740740740740741,12.695840000000047,27.678808363663382,0.17530803957376362,7.529513888888889,29.0,54.0,48.0,0.9027777777777778,0.3845164609053498,250,291,0,41,861,291,0.2526041666666667
Published QMIX,103.0,3009,volatile,coordinated,171.08,0.6342592592592593,0.3657407407407407,14.045840000000087,27.35706781838024,0.06766568654088975,7.353298611111111,35.0,63.0,69.0,0.96875,0.6144386574074074,277,336,0,59,816,336,0.2916666666666667
Published QMIX,103.0,3010,volatile,coordinated,22.302000000000007,0.45685279187817257,0.5431472081218274,14.045840000000105,27.819657651968942,0.02767672705123257,7.381944444444445,32.0,52.0,52.0,0.9322916666666666,0.4259200507614213,277,303,0,26,849,303,0.2630208333333333
Published QMIX,103.0,3011,volatile,coordinated,-1.8139999999999985,0.4482758620689655,0.5517241379310345,11.895840000000014,27.82161901589394,0.11601878060278743,8.444444444444445,36.0,56.0,56.0,0.9236111111111112,0.41403256704980845,234,282,0,48,870,282,0.24479166666666666
Published QMIX,103.0,3012,volatile,coordinated,85.03199999999993,0.5804597701149425,0.41954022988505746,12.145839999999989,27.90835789481917,0.02575523164125931,8.18142361111111,39.0,67.0,67.0,0.9791666666666666,0.5683668582375478,239,298,0,59,854,298,0.2586805555555556
Published QMIX,103.0,3013,volatile,coordinated,0.13633333333327824,0.4264705882352941,0.5735294117647058,11.995840000000097,27.60629658153886,0.23598260472586574,8.57638888888889,36.450000000000045,59.0,48.0,0.9239004629629629,0.39401637391067534,236,287,0,51,865,287,0.24913194444444445
Published QMIX,103.0,3014,volatile,coordinated,14.982666666666638,0.4639175257731959,0.5360824742268041,12.345840000000022,27.965147343052877,0.03314470327773913,7.516493055555555,28.0,54.0,64.0,0.9363425925925924,0.4343857388316151,243,291,0,48,861,291,0.2526041666666667
Published QMIX,103.0,3015,volatile,coordinated,21.34166666666667,0.44485294117647056,0.5551470588235294,14.045840000000094,28.124213368859103,0.011444948841512452,6.532986111111111,28.0,52.0,76.0,0.8998842592592593,0.4003161594498911,277,339,0,62,813,339,0.2942708333333333
Published QMIX,103.0,3016,volatile,coordinated,68.01100000000001,0.532608695652174,0.46739130434782605,13.44584000000011,27.86800081186195,0.09305767578717261,7.644965277777778,33.0,57.0,55.0,0.9565972222222222,0.5094919987922706,265,303,0,38,849,303,0.2630208333333333
Published QMIX,103.0,3017,volatile,coordinated,70.04099999999998,0.5660377358490566,0.4339622641509434,12.345839999999995,27.5129058183247,0.020274656280411592,8.238715277777779,33.0,49.0,60.0,0.9652777777777778,0.5463836477987422,243,271,0,28,881,271,0.23524305555555555
Published QMIX,103.0,3018,volatile,coordinated,46.35899999999998,0.5055555555555555,0.49444444444444446,12.495840000000035,27.62835490570601,0.02834579750426293,7.380208333333333,31.0,53.0,53.0,0.9548611111111112,0.48273533950617287,246,292,0,46,860,292,0.2534722222222222
Published QMIX,103.0,3019,volatile,coordinated,66.92999999999998,0.5345911949685535,0.46540880503144655,11.745840000000012,27.7691952184056,0.11516550907545278,7.671875,30.0,62.0,46.0,0.96875,0.5178852201257862,231,254,0,23,898,254,0.2204861111111111
Published QMIX,103.0,3020,volatile,coordinated,-65.53366666666672,0.33505154639175255,0.6649484536082475,10.895839999999923,27.88644548435911,0.03364377101044298,9.58420138888889,40.0,60.0,49.0,0.8900462962962963,0.29821138793432606,214,240,0,26,912,240,0.20833333333333334
Published QMIX,103.0,3021,volatile,coordinated,107.45533333333336,0.537117903930131,0.46288209606986896,14.195840000000134,27.356435250194345,0.07889679008474648,7.643229166666667,31.0,58.0,53.0,0.961226851851852,0.5162921518680254,280,332,0,52,820,332,0.2881944444444444
Published QMIX,103.0,3022,volatile,coordinated,43.14166666666664,0.5476190476190477,0.45238095238095233,13.0958400000001,27.392636233701687,0.07714479181796198,8.1796875,32.450000000000045,61.0,44.0,0.9754050925925927,0.5341504078483246,258,280,0,22,872,280,0.24305555555555555
Published QMIX,103.0,3023,volatile,coordinated,29.301666666666712,0.44015444015444016,0.5598455598455598,13.445840000000068,27.617549127455494,0.027601701355555106,5.779513888888889,24.450000000000045,42.0,61.0,0.8964120370370369,0.39455973830973823,265,303,0,38,849,303,0.2630208333333333
Published QMIX,103.0,3024,volatile,coordinated,92.41766666666663,0.5017301038062284,0.4982698961937716,13.745840000000051,27.71187623849027,0.01648721722298018,7.761284722222222,31.0,61.0,75.0,0.9259259259259258,0.4645649109316929,271,350,0,79,802,350,0.3038194444444444
Published QMIX,103.0,3025,volatile,coordinated,83.23466666666667,0.5213675213675214,0.4786324786324786,13.645840000000106,27.62663751191855,0.019286394998727103,8.354166666666666,33.0,62.0,68.0,0.9484953703703705,0.49451468027856926,269,325,0,56,827,325,0.2821180555555556
Published QMIX,103.0,3026,volatile,coordinated,112.45699999999998,0.6549295774647887,0.34507042253521125,13.845840000000067,27.844778964859096,0.15488119803204775,7.890625,34.450000000000045,74.0,51.0,0.9791666666666666,0.6412852112676056,273,308,0,35,844,308,0.2673611111111111
Published QMIX,103.0,3027,volatile,coordinated,79.87666666666672,0.5303030303030303,0.4696969696969697,11.74583999999996,27.499076027649426,0.023550364707580974,9.35329861111111,38.450000000000045,63.0,50.0,0.9398148148148149,0.4983866442199776,231,277,0,46,875,277,0.2404513888888889
Published QMIX,103.0,3028,volatile,coordinated,-23.241666666666646,0.38596491228070173,0.6140350877192983,12.745840000000047,27.63507648640927,0.1072214392619728,7.739583333333333,34.0,62.0,46.0,0.9065393518518517,0.34989238141650414,251,296,0,45,856,296,0.2569444444444444
Published QMIX,103.0,3029,volatile,coordinated,78.4906666666667,0.4864864864864865,0.5135135135135135,14.045840000000124,27.497347482787532,0.024301160475315844,7.666666666666667,34.0,53.0,73.0,0.8955439814814815,0.4356700450450451,277,342,0,65,810,342,0.296875
Published QMIX,103.0,3030,volatile,coordinated,77.10666666666664,0.5221674876847291,0.4778325123152709,12.645840000000007,27.869642024952892,0.030238977694730378,6.659722222222222,25.0,47.0,57.0,0.9415509259259258,0.49164728151797116,249,285,0,36,867,285,0.24739583333333334
Improved QMIX,101.0,3001,volatile,coordinated,115.9596666666666,0.5518867924528302,0.44811320754716977,12.645840000000035,27.62894994555471,0.12139314584904903,4.559027777777778,16.0,38.0,52.0,0.9519675925925924,0.5253783411949685,249,285,0,36,867,285,0.24739583333333334
Improved QMIX,101.0,3002,volatile,coordinated,205.0520000000001,0.5621468926553672,0.4378531073446328,15.295840000000055,27.861430036513966,0.024513170667173824,5.157118055555555,25.0,54.0,83.0,0.9149305555555556,0.5143253688010044,302,376,0,74,776,376,0.3263888888888889
Improved QMIX,101.0,3003,volatile,coordinated,131.65666666666672,0.5611814345991561,0.43881856540084385,13.045840000000059,27.548637494574557,0.02294922055808049,4.444444444444445,16.0,33.0,58.0,0.9424189814814815,0.5288680360212533,257,297,0,40,855,297,0.2578125
Improved QMIX,101.0,3004,volatile,coordinated,152.39733333333334,0.62,0.38,13.495840000000054,27.924650112487644,0.0379490885967787,4.293402777777778,16.450000000000045,33.0,52.0,0.9525462962962964,0.5905787037037038,266,300,0,34,852,300,0.2604166666666667
Improved QMIX,101.0,3005,volatile,coordinated,121.35833333333333,0.582089552238806,0.417910447761194,12.745840000000042,28.08026909765794,0.013581003125364232,5.269965277777778,22.0,40.0,62.0,0.9577546296296295,0.5574989635157546,251,285,0,34,867,285,0.24739583333333334
Improved QMIX,101.0,3006,volatile,coordinated,139.22100000000006,0.6645569620253164,0.33544303797468356,12.69584000000013,27.970602109231812,0.2115874348548667,4.611111111111111,15.0,51.0,56.0,0.9739583333333334,0.6472507911392406,250,285,0,35,867,285,0.24739583333333334
Improved QMIX,101.0,3007,volatile,coordinated,103.8246666666666,0.5572139303482587,0.4427860696517413,12.195840000000041,27.72584938019354,0.145411461291232,5.796006944444445,23.450000000000045,43.0,56.0,0.952835648148148,0.5309332964805601,240,275,0,35,877,275,0.2387152777777778
Improved QMIX,101.0,3008,volatile,coordinated,75.59866666666666,0.5185185185185185,0.4814814814814815,12.395840000000058,27.678808363663382,0.2805616684443008,4.930555555555555,17.0,34.0,57.0,0.9398148148148147,0.4873113854595335,244,289,0,45,863,289,0.2508680555555556
Improved QMIX,101.0,3009,volatile,coordinated,190.36699999999996,0.6435185185185185,0.3564814814814815,12.745840000000083,27.35706781838024,0.32021850647360706,5.440104166666667,25.450000000000045,56.0,56.0,0.9722222222222222,0.6256430041152263,251,309,0,58,843,309,0.2682291666666667
Improved QMIX,101.0,3010,volatile,coordinated,116.31833333333331,0.583756345177665,0.41624365482233505,13.945840000000098,27.819657651968942,0.15267672705123247,4.427951388888889,18.0,30.0,64.0,0.969039351851852,0.5656828703703705,275,317,0,42,835,317,0.2751736111111111
Improved QMIX,101.0,3011,volatile,coordinated,41.40599999999997,0.5057471264367817,0.49425287356321834,11.895840000000032,27.82161901589394,0.1585153141191644,4.9609375,18.450000000000045,43.0,58.0,0.9392361111111112,0.47501596424010223,234,274,0,40,878,274,0.2378472222222222
Improved QMIX,101.0,3012,volatile,coordinated,127.15300000000002,0.632183908045977,0.367816091954023,11.695839999999993,27.90835789481917,0.14654304116600725,6.998263888888889,35.450000000000045,74.0,55.0,0.984375,0.6223060344827587,230,281,0,51,871,281,0.2439236111111111
Improved QMIX,101.0,3013,volatile,coordinated,75.7273333333333,0.5196078431372549,0.48039215686274506,11.345840000000093,27.60629658153886,0.4109826047258657,6.134548611111111,24.0,49.0,48.0,0.9377893518518517,0.48728270243282495,223,263,0,40,889,263,0.2282986111111111
Improved QMIX,101.0,3014,volatile,coordinated,83.14466666666661,0.5463917525773195,0.45360824742268047,11.895840000000039,27.965147343052877,0.18556012038607447,5.115451388888889,18.0,38.0,60.0,0.9580439814814815,0.5234673300878198,234,279,0,45,873,279,0.2421875
Improved QMIX,101.0,3015,volatile,coordinated,140.91933333333333,0.5551470588235294,0.44485294117647056,14.045840000000085,28.124213368859103,0.06218663636311457,4.166666666666667,15.0,43.0,69.0,0.9273726851851853,0.5148282186138345,277,334,0,57,818,334,0.2899305555555556
Improved QMIX,101.0,3016,volatile,coordinated,135.00500000000002,0.6304347826086957,0.3695652173913043,13.29584000000009,27.86800081186195,0.1269072500090796,5.036458333333333,20.0,51.0,64.0,0.9774305555555556,0.6162062198067634,262,307,0,45,845,307,0.2664930555555556
Improved QMIX,101.0,3017,volatile,coordinated,128.72833333333335,0.6477987421383647,0.35220125786163525,12.595840000000013,27.5129058183247,0.02484867109090188,4.980034722222222,19.0,35.0,55.0,0.9898726851851853,0.6412382803400886,248,272,0,24,880,272,0.2361111111111111
Improved QMIX,101.0,3018,volatile,coordinated,69.91633333333333,0.5333333333333333,0.4666666666666667,11.89584000000003,27.62835490570601,0.17732128088042476,4.729166666666667,16.0,34.0,50.0,0.9525462962962963,0.5080246913580246,234,270,0,36,882,270,0.234375
Improved QMIX,101.0,3019,volatile,coordinated,110.13,0.610062893081761,0.389937106918239,11.495840000000014,27.7691952184056,0.13173602492652736,5.658854166666667,20.450000000000045,41.0,50.0,0.9722222222222222,0.5931167016072676,226,254,0,28,898,254,0.2204861111111111
Improved QMIX,101.0,3020,volatile,coordinated,29.574333333333307,0.4587628865979381,0.5412371134020619,10.545839999999929,27.88644548435911,0.09614377101044287,7.449652777777778,33.0,58.0,43.0,0.9065393518518517,0.4158866098701794,207,230,0,23,922,230,0.1996527777777778
Improved QMIX,101.0,3021,volatile,coordinated,183.57733333333337,0.6331877729257642,0.3668122270742358,14.295840000000133,27.356435250194345,0.11680986510871276,4.045138888888889,15.0,30.0,75.0,0.9837962962962964,0.6229277858644672,282,336,0,54,816,336,0.2916666666666667
Improved QMIX,101.0,3022,volatile,coordinated,68.59900000000002,0.5873015873015873,0.4126984126984127,11.595840000000024,27.392636233701687,0.15555624303832016,4.802951388888889,16.0,30.0,43.0,0.9791666666666666,0.5750661375661376,228,254,0,26,898,254,0.2204861111111111
Improved QMIX,101.0,3023,volatile,coordinated,148.44933333333321,0.5598455598455598,0.44015444015444016,13.745840000000069,27.617549127455494,0.027601701355555064,3.7213541666666665,13.0,26.0,67.0,0.9395254629629631,0.5259891588016589,271,314,0,43,838,314,0.2725694444444444
Improved QMIX,101.0,3024,volatile,coordinated,195.02199999999993,0.5916955017301038,0.40830449826989623,13.545840000000055,27.71187623849027,0.038753653188001905,5.355902777777778,23.0,34.0,79.0,0.9600694444444444,0.5680687716262975,267,339,0,72,813,339,0.2942708333333333
Improved QMIX,101.0,3025,volatile,coordinated,144.2416666666667,0.5769230769230769,0.42307692307692313,12.845840000000054,27.62663751191855,0.10046217684744174,5.528645833333333,20.450000000000045,43.0,58.0,0.9658564814814815,0.5572248931623931,253,301,0,48,851,301,0.2612847222222222
Improved QMIX,101.0,3026,volatile,coordinated,130.63099999999997,0.676056338028169,0.323943661971831,12.295840000000071,27.844778964859096,0.31049060972076903,4.409722222222222,14.0,45.0,52.0,0.9861111111111112,0.6666666666666667,242,283,0,41,869,283,0.2456597222222222
Improved QMIX,101.0,3027,volatile,coordinated,138.66166666666675,0.601010101010101,0.398989898989899,11.945839999999986,27.499076027649426,0.0224405491429929,7.46875,33.0,67.0,52.0,0.9675925925925927,0.5815329218106996,235,271,0,36,881,271,0.23524305555555555
Improved QMIX,101.0,3028,volatile,coordinated,53.148333333333305,0.47368421052631576,0.5263157894736843,12.34584000000005,27.63507648640927,0.18899209756222993,5.424479166666667,21.0,52.0,53.0,0.9273726851851851,0.439281798245614,243,282,0,39,870,282,0.24479166666666666
Improved QMIX,101.0,3029,volatile,coordinated,148.42133333333334,0.5405405405405406,0.45945945945945943,13.845840000000095,27.497347482787532,0.07356844294826985,4.347222222222222,17.450000000000045,41.0,71.0,0.9204282407407409,0.4975287787787789,273,322,0,49,830,322,0.2795138888888889
Improved QMIX,101.0,3030,volatile,coordinated,139.7596666666667,0.5960591133004927,0.40394088669950734,12.345840000000015,27.869642024952892,0.08023897769473026,4.28125,15.0,28.0,55.0,0.9623842592592591,0.5736379082284254,243,280,0,37,872,280,0.24305555555555555
Improved QMIX,102.0,3001,volatile,coordinated,111.85699999999994,0.5471698113207547,0.4528301886792453,12.345840000000033,27.62894994555471,0.12139314584904905,5.116319444444445,18.450000000000045,46.0,50.0,0.9461805555555556,0.5177214360587002,243,278,0,35,874,278,0.24131944444444445
Improved QMIX,102.0,3002,volatile,coordinated,202.3690000000001,0.559322033898305,0.44067796610169496,15.09584000000006,27.861430036513966,0.028533160509864847,5.848958333333333,28.450000000000045,56.0,79.0,0.9114583333333334,0.5097987288135593,298,370,0,72,782,370,0.3211805555555556
Improved QMIX,102.0,3003,volatile,coordinated,126.52566666666668,0.5527426160337553,0.4472573839662447,13.04584000000006,27.548637494574557,0.02294922055808049,4.728298611111111,18.0,42.0,55.0,0.9441550925925924,0.521874755821222,257,295,0,38,857,295,0.2560763888888889
Improved QMIX,102.0,3004,volatile,coordinated,146.28233333333333,0.615,0.385,13.195840000000059,27.924650112487644,0.056815693338492665,4.5703125,19.0,35.0,56.0,0.9508101851851853,0.584748263888889,260,298,0,38,854,298,0.2586805555555556
Improved QMIX,102.0,3005,volatile,coordinated,121.27833333333326,0.582089552238806,0.417910447761194,12.445840000000041,28.08026909765794,0.02195114217910832,5.427083333333333,22.0,40.0,61.0,0.9542824074074073,0.5554778192371476,245,279,0,34,873,279,0.2421875
Improved QMIX,102.0,3006,volatile,coordinated,140.42500000000013,0.6645569620253164,0.33544303797468356,12.195840000000128,27.970602109231812,0.24386085503824764,4.884548611111111,15.0,56.0,53.0,0.9704861111111112,0.6449433016877637,240,275,0,35,877,275,0.2387152777777778
Improved QMIX,102.0,3007,volatile,coordinated,97.87233333333326,0.5522388059701493,0.4477611940298507,12.145840000000023,27.72584938019354,0.10791146129123205,6.072916666666667,25.0,47.0,57.0,0.9464699074074076,0.5226774115533445,239,273,0,34,879,273,0.23697916666666666
Improved QMIX,102.0,3008,volatile,coordinated,76.80033333333331,0.5185185185185185,0.4814814814814815,12.295840000000052,27.678808363663382,0.2731710686083888,5.073784722222222,18.0,41.0,55.0,0.9386574074074073,0.4867112482853223,242,282,0,40,870,282,0.24479166666666666
Improved QMIX,102.0,3009,volatile,coordinated,190.6479999999999,0.6435185185185185,0.3564814814814815,12.745840000000088,27.35706781838024,0.30771850647360705,5.667534722222222,27.0,61.0,57.0,0.9756944444444444,0.6278774434156378,251,309,0,58,843,309,0.2682291666666667
Improved QMIX,102.0,3010,volatile,coordinated,118.96733333333327,0.583756345177665,0.41624365482233505,13.495840000000102,27.819657651968942,0.15267672705123247,4.647569444444445,18.0,36.0,61.0,0.969039351851852,0.5656828703703705,266,303,0,37,849,303,0.2630208333333333
Improved QMIX,102.0,3011,volatile,coordinated,40.257333333333335,0.5057471264367817,0.49425287356321834,11.845840000000008,27.82161901589394,0.08351531411916442,5.548611111111111,22.0,49.0,57.0,0.9351851851851853,0.472967220093657,233,272,0,39,880,272,0.2361111111111111
Improved QMIX,102.0,3012,volatile,coordinated,130.64499999999995,0.6379310344827587,0.3620689655172413,11.39583999999996,27.90835789481917,0.13825523164125925,8.07204861111111,41.0,77.0,53.0,0.9826388888888888,0.6268558429118775,224,275,0,51,877,275,0.2387152777777778
Improved QMIX,102.0,3013,volatile,coordinated,71.83933333333329,0.5098039215686274,0.4901960784313726,10.895840000000101,27.60629658153886,0.48042763752708567,6.514756944444445,25.0,49.0,42.0,0.9369212962962963,0.4776461510530138,214,255,0,41,897,255,0.22135416666666666
Improved QMIX,102.0,3014,volatile,coordinated,65.66466666666665,0.5257731958762887,0.4742268041237113,11.945840000000029,27.965147343052877,0.1355601203860745,5.488715277777778,21.0,42.0,61.0,0.9484953703703705,0.49869344215349376,235,277,0,42,875,277,0.2404513888888889
Improved QMIX,102.0,3015,volatile,coordinated,138.82966666666664,0.5514705882352942,0.44852941176470584,13.945840000000084,28.124213368859103,0.044132875592830356,4.357638888888889,17.0,44.0,70.0,0.9337384259259258,0.5149292790032679,275,331,0,56,821,331,0.2873263888888889
Improved QMIX,102.0,3016,volatile,coordinated,122.64099999999999,0.6141304347826086,0.38586956521739135,13.145840000000094,27.86800081186195,0.1394072500090796,5.350694444444445,21.0,51.0,66.0,0.9756944444444444,0.5992036533816425,259,307,0,48,845,307,0.2664930555555556
Improved QMIX,102.0,3017,volatile,coordinated,120.20166666666667,0.6289308176100629,0.37106918238993714,12.495840000000014,27.5129058183247,0.011891164221302639,5.464409722222222,23.0,41.0,47.0,0.984085648148148,0.6189217912881434,246,270,0,24,882,270,0.234375
Improved QMIX,102.0,3018,volatile,coordinated,68.97733333333338,0.5333333333333333,0.4666666666666667,11.745840000000024,27.62835490570601,0.16482128088042475,5.111979166666667,18.0,37.0,52.0,0.9525462962962963,0.5080246913580246,231,265,0,34,887,265,0.2300347222222222
Improved QMIX,102.0,3019,volatile,coordinated,107.84500000000003,0.6037735849056604,0.39622641509433965,11.445840000000002,27.7691952184056,0.11632413883346826,5.564236111111111,21.0,41.0,48.0,0.9722222222222222,0.5870020964360587,225,253,0,28,899,253,0.21961805555555555
Improved QMIX,102.0,3020,volatile,coordinated,21.082999999999966,0.44329896907216493,0.5567010309278351,10.395839999999907,27.88644548435911,0.09614377101044287,7.700520833333333,34.450000000000045,61.0,41.0,0.9088541666666666,0.4028941151202749,204,224,0,20,928,224,0.19444444444444445
Improved QMIX,102.0,3021,volatile,coordinated,186.42199999999997,0.6331877729257642,0.3668122270742358,14.045840000000133,27.356435250194345,0.1340252165127716,4.069444444444445,15.0,30.0,69.0,0.9809027777777778,0.6210956453178069,277,329,0,52,823,329,0.2855902777777778
Improved QMIX,102.0,3022,volatile,coordinated,71.06199999999998,0.5952380952380952,0.40476190476190477,11.395840000000025,27.392636233701687,0.18055624303832019,5.358506944444445,19.0,41.0,45.0,0.9791666666666666,0.5828373015873015,224,248,0,24,904,248,0.2152777777777778
Improved QMIX,102.0,3023,volatile,coordinated,155.83366666666655,0.5675675675675675,0.43243243243243246,13.595840000000067,27.617549127455494,0.02760170135555506,4.108506944444445,16.0,35.0,66.0,0.9406828703703705,0.5339010885885886,268,314,0,46,838,314,0.2725694444444444
Improved QMIX,102.0,3024,volatile,coordinated,184.58566666666673,0.5813148788927336,0.4186851211072664,13.195840000000054,27.71187623849027,0.05787718746599753,5.883680555555555,25.0,41.0,76.0,0.9519675925925924,0.55339292579777,260,324,0,64,828,324,0.28125
Improved QMIX,102.0,3025,volatile,coordinated,138.91466666666668,0.5683760683760684,0.43162393162393164,12.595840000000036,27.62663751191855,0.10678639499872702,6.533854166666667,26.0,51.0,54.0,0.9658564814814815,0.5489697095599874,248,293,0,45,859,293,0.2543402777777778
Improved QMIX,102.0,3026,volatile,coordinated,136.80399999999977,0.6830985915492958,0.31690140845070425,12.19584000000007,27.844778964859096,0.3419663144897255,4.875868055555555,16.0,54.0,47.0,0.9861111111111112,0.6736111111111112,240,276,0,36,876,276,0.23958333333333334
Improved QMIX,102.0,3027,volatile,coordinated,119.44733333333332,0.5757575757575758,0.4242424242424242,11.545839999999968,27.499076027649426,0.022440549142992906,8.59375,37.0,70.0,49.0,0.956886574074074,0.5509346941638608,227,260,0,33,892,260,0.22569444444444445
Improved QMIX,102.0,3028,volatile,coordinated,60.23366666666666,0.4780701754385965,0.5219298245614035,11.895840000000048,27.63507648640927,0.22537739062224754,5.838541666666667,22.450000000000045,57.0,47.0,0.9267939814814814,0.4430725613222872,234,270,0,36,882,270,0.234375
Improved QMIX,102.0,3029,volatile,coordinated,133.2866666666667,0.5304054054054054,0.4695945945945946,13.69584000000009,27.497347482787532,0.08606844294826986,5.239583333333333,24.0,50.0,69.0,0.9033564814814815,0.4791451607857858,270,319,0,49,833,319,0.2769097222222222
Improved QMIX,102.0,3030,volatile,coordinated,128.47966666666662,0.5812807881773399,0.41871921182266014,12.195840000000004,27.869642024952892,0.042738977694730285,4.4921875,16.0,29.0,55.0,0.9597800925925924,0.5579017286991423,240,278,0,38,874,278,0.24131944444444445
Improved QMIX,103.0,3001,volatile,coordinated,113.547,0.5518867924528302,0.44811320754716977,12.895840000000032,27.62894994555471,0.07139314584904904,4.598958333333333,17.0,38.0,55.0,0.9513888888888888,0.5250589622641509,254,292,0,38,860,292,0.2534722222222222
Improved QMIX,103.0,3002,volatile,coordinated,191.7886666666667,0.5536723163841808,0.4463276836158192,15.345840000000054,27.861430036513966,0.026258911798290038,5.711805555555555,30.0,54.0,82.0,0.9068287037037036,0.5020859489432935,303,379,0,76,773,379,0.3289930555555556
Improved QMIX,103.0,3003,volatile,coordinated,116.04266666666666,0.5443037974683544,0.45569620253164556,13.245840000000058,27.548637494574557,0.022949220558080498,4.111979166666667,15.0,30.0,59.0,0.9389467592592593,0.5110722866854196,261,302,0,41,850,302,0.2621527777777778
Improved QMIX,103.0,3004,volatile,coordinated,138.97133333333338,0.605,0.395,13.495840000000063,27.924650112487644,0.04053764159292127,4.232638888888889,17.0,31.0,57.0,0.9525462962962964,0.5762905092592593,266,305,0,39,847,305,0.2647569444444444
Improved QMIX,103.0,3005,volatile,coordinated,132.23933333333326,0.5970149253731343,0.4029850746268657,12.795840000000053,28.08026909765794,0.013764683805387892,4.503472222222222,16.0,29.0,62.0,0.9577546296296295,0.5717938087341071,252,290,0,38,862,290,0.2517361111111111
Improved QMIX,103.0,3006,volatile,coordinated,140.08000000000004,0.6708860759493671,0.3291139240506329,13.245840000000145,27.970602109231812,0.13740184038402517,4.131944444444445,13.0,45.0,59.0,0.9722222222222222,0.6522503516174403,261,297,0,36,855,297,0.2578125
Improved QMIX,103.0,3007,volatile,coordinated,84.58533333333331,0.5373134328358209,0.4626865671641791,12.445840000000034,27.72584938019354,0.11004629878827132,6.063368055555555,26.0,46.0,57.0,0.9395254629629629,0.5048196517412935,245,281,0,36,871,281,0.2439236111111111
Improved QMIX,103.0,3008,volatile,coordinated,75.13866666666665,0.5185185185185185,0.4814814814814815,12.445840000000048,27.678808363663382,0.24777567852142002,4.725694444444445,16.450000000000045,34.0,58.0,0.9398148148148147,0.4873113854595335,245,291,0,46,861,291,0.2526041666666667
Improved QMIX,103.0,3009,volatile,coordinated,196.58266666666668,0.6481481481481481,0.35185185185185186,13.145840000000081,27.35706781838024,0.2634053975619629,4.250868055555555,15.450000000000045,42.0,55.0,0.9780092592592591,0.6338948902606308,259,317,0,58,835,317,0.2751736111111111
Improved QMIX,103.0,3010,volatile,coordinated,115.51833333333329,0.583756345177665,0.41624365482233505,14.145840000000096,27.819657651968942,0.0787115953314114,3.998263888888889,15.0,28.0,65.0,0.9673032407407409,0.5646694044933259,279,320,0,41,832,320,0.2777777777777778
Improved QMIX,103.0,3011,volatile,coordinated,47.05533333333332,0.5114942528735632,0.4885057471264368,11.945840000000025,27.82161901589394,0.13370335508348874,4.599826388888889,16.450000000000045,33.0,55.0,0.9403935185185186,0.481005880161771,235,275,0,40,877,275,0.2387152777777778
Improved QMIX,103.0,3012,volatile,coordinated,130.92399999999992,0.6379310344827587,0.3620689655172413,12.09583999999999,27.90835789481917,0.08610132557842691,5.114583333333333,20.0,51.0,58.0,0.9878472222222222,0.6301784003831418,238,292,0,54,860,292,0.2534722222222222
Improved QMIX,103.0,3013,volatile,coordinated,62.28599999999995,0.5049019607843137,0.4950980392156863,12.045840000000103,27.60629658153886,0.32729097703251864,5.705729166666667,22.0,47.0,49.0,0.9331597222222222,0.47115417347494554,237,279,0,42,873,279,0.2421875
Improved QMIX,103.0,3014,volatile,coordinated,77.51166666666667,0.5412371134020618,0.4587628865979382,12.195840000000036,27.965147343052877,0.1230601203860745,4.798611111111111,18.0,34.0,65.0,0.9615162037037037,0.5204082545819014,240,289,0,49,863,289,0.2508680555555556
Improved QMIX,103.0,3015,volatile,coordinated,158.14333333333326,0.5698529411764706,0.43014705882352944,13.995840000000083,28.124213368859103,0.03718663636311458,4.066840277777778,15.0,43.0,68.0,0.9360532407407409,0.5334126923338781,276,333,0,57,819,333,0.2890625
Improved QMIX,103.0,3016,volatile,coordinated,134.28499999999997,0.6304347826086957,0.3695652173913043,13.545840000000087,27.86800081186195,0.09649196891826897,4.188368055555555,15.0,39.0,67.0,0.9774305555555556,0.6162062198067634,267,309,0,42,843,309,0.2682291666666667
Improved QMIX,103.0,3017,volatile,coordinated,127.76366666666672,0.6477987421383647,0.35220125786163525,12.64584000000001,27.5129058183247,0.012348671090901892,4.801215277777778,18.0,35.0,57.0,0.9910300925925927,0.6419880474027487,249,277,0,28,875,277,0.2404513888888889
Improved QMIX,103.0,3018,volatile,coordinated,76.67333333333335,0.5444444444444444,0.4555555555555556,12.095840000000026,27.62835490570601,0.13964868697170407,4.5078125,15.0,30.0,54.0,0.9594907407407407,0.522389403292181,238,275,0,37,877,275,0.2387152777777778
Improved QMIX,103.0,3019,volatile,coordinated,109.07966666666671,0.610062893081761,0.389937106918239,11.795840000000018,27.7691952184056,0.12069227853627053,4.807291666666667,17.0,30.0,52.0,0.9710648148148147,0.5924106102958303,232,261,0,29,891,261,0.2265625
Improved QMIX,103.0,3020,volatile,coordinated,26.437333333333328,0.4536082474226804,0.5463917525773196,10.74583999999994,27.88644548435911,0.07014448672853345,7.103298611111111,31.0,59.0,45.0,0.9108796296296298,0.4131825124093166,211,233,0,22,919,233,0.20225694444444445
Improved QMIX,103.0,3021,volatile,coordinated,175.87999999999988,0.6244541484716157,0.37554585152838427,14.49584000000013,27.356435250194345,0.07235130235215365,3.7552083333333335,13.0,33.0,76.0,0.9826388888888888,0.6136129306162057,286,338,0,52,814,338,0.2934027777777778
Improved QMIX,103.0,3022,volatile,coordinated,73.60699999999999,0.6031746031746031,0.39682539682539686,11.995840000000019,27.392636233701687,0.10555624303832016,4.794270833333333,17.0,29.0,46.0,0.9791666666666666,0.5906084656084656,236,259,0,23,893,259,0.2248263888888889
Improved QMIX,103.0,3023,volatile,coordinated,138.33599999999987,0.5521235521235521,0.44787644787644787,13.895840000000064,27.617549127455494,0.027601701355555067,3.662326388888889,13.0,34.0,70.0,0.9357638888888888,0.5166572822822822,274,320,0,46,832,320,0.2777777777777778
Improved QMIX,103.0,3024,volatile,coordinated,198.07300000000006,0.5951557093425606,0.40484429065743943,13.69584000000006,27.71187623849027,0.018472088709611995,5.140625,23.0,36.0,80.0,0.9583333333333334,0.5703575547866205,270,336,0,66,816,336,0.2916666666666667
Improved QMIX,103.0,3025,volatile,coordinated,132.57166666666666,0.5641025641025641,0.4358974358974359,12.995840000000053,27.62663751191855,0.08796217684744174,5.364583333333333,20.0,44.0,57.0,0.9615162037037037,0.5423937559354226,256,307,0,51,845,307,0.2664930555555556
Improved QMIX,103.0,3026,volatile,coordinated,125.1220000000001,0.6690140845070423,0.33098591549295775,12.895840000000062,27.844778964859096,0.22299060972076903,4.0703125,13.0,42.0,54.0,0.984375,0.6585607394366197,254,292,0,38,860,292,0.2534722222222222
Improved QMIX,103.0,3027,volatile,coordinated,124.14133333333338,0.5808080808080808,0.4191919191919192,12.09583999999999,27.499076027649426,0.02244054914299291,7.277777777777778,32.0,63.0,51.0,0.9655671296296295,0.5608091914515525,238,277,0,39,875,277,0.2404513888888889
Improved QMIX,103.0,3028,volatile,coordinated,47.042333333333296,0.4649122807017544,0.5350877192982456,12.54584000000005,27.63507648640927,0.15833614620195513,5.264756944444445,20.0,52.0,51.0,0.9273726851851851,0.43114695012995446,247,285,0,38,867,285,0.24739583333333334
Improved QMIX,103.0,3029,volatile,coordinated,146.83333333333343,0.5405405405405406,0.45945945945945943,13.895840000000094,27.497347482787532,0.04856844294826987,4.474826388888889,18.0,39.0,72.0,0.9178240740740742,0.4961211211211212,274,324,0,50,828,324,0.28125
Improved QMIX,103.0,3030,volatile,coordinated,122.19966666666667,0.5763546798029556,0.4236453201970444,12.345840000000013,27.869642024952892,0.08023897769473026,4.440972222222222,15.0,27.0,57.0,0.9554398148148147,0.5506722085385877,243,284,0,41,868,284,0.2465277777777778
Extended QMIX,101.0,3001,volatile,coordinated,140.073,0.5754716981132075,0.42452830188679247,11.545840000000027,27.62894994555471,0.221393145849049,4.657986111111111,16.0,32.0,46.0,0.9565972222222222,0.5504946278825995,227,261,0,34,891,261,0.2265625
Extended QMIX,101.0,3002,volatile,coordinated,226.35433333333333,0.5734463276836158,0.4265536723163842,14.345840000000054,27.861430036513966,0.028533160509864847,5.493055555555555,24.450000000000045,61.0,72.0,0.9126157407407407,0.5233361451140406,283,348,0,65,804,348,0.3020833333333333
Extended QMIX,101.0,3003,volatile,coordinated,163.95633333333336,0.5949367088607594,0.40506329113924056,12.695840000000064,27.548637494574557,0.06044922055808043,4.158854166666667,14.0,31.0,58.0,0.9542824074074076,0.5677376347866855,250,291,0,41,861,291,0.2526041666666667
Extended QMIX,101.0,3004,volatile,coordinated,177.75099999999995,0.65,0.35,12.445840000000034,27.924650112487644,0.08974711825953581,4.517361111111111,15.0,36.0,52.0,0.9609375,0.624609375,245,278,0,33,874,278,0.24131944444444445
Extended QMIX,101.0,3005,volatile,coordinated,144.63333333333324,0.6019900497512438,0.3980099502487562,11.895840000000012,28.08026909765794,0.03387763033060476,4.625868055555555,15.0,31.0,51.0,0.9620949074074073,0.5791715611756034,234,267,0,33,885,267,0.23177083333333334
Extended QMIX,101.0,3006,volatile,coordinated,153.75100000000006,0.6835443037974683,0.31645569620253167,11.395840000000094,27.970602109231812,0.3063608550382476,5.191840277777778,18.0,44.0,51.0,0.9722222222222222,0.6645569620253164,224,258,0,34,894,258,0.22395833333333334
Extended QMIX,101.0,3007,volatile,coordinated,126.81633333333329,0.5771144278606966,0.42288557213930345,11.39583999999999,27.72584938019354,0.17551472270940224,5.380208333333333,18.450000000000045,43.0,46.0,0.9586226851851851,0.5532349824949327,224,256,0,32,896,256,0.2222222222222222
Extended QMIX,101.0,3008,volatile,coordinated,93.31033333333333,0.5370370370370371,0.4629629629629629,11.695840000000064,27.678808363663382,0.3878080395737635,4.721354166666667,16.0,28.0,56.0,0.9438657407407409,0.5068908607681757,230,271,0,41,881,271,0.23524305555555555
Extended QMIX,101.0,3009,volatile,coordinated,222.8336666666668,0.6759259259259259,0.32407407407407407,12.145840000000094,27.35706781838024,0.35771850647360703,4.553819444444445,15.0,42.0,52.0,0.9832175925925927,0.664582261659808,239,291,0,52,861,291,0.2526041666666667
Extended QMIX,101.0,3010,volatile,coordinated,162.67433333333335,0.6345177664974619,0.36548223350253806,12.645840000000096,27.819657651968942,0.19017672705123248,4.374131944444445,15.0,33.0,54.0,0.9794560185185185,0.6214822452528671,249,284,0,35,868,284,0.2465277777777778
Extended QMIX,101.0,3011,volatile,coordinated,63.481000000000016,0.5287356321839081,0.47126436781609193,10.64584000000001,27.82161901589394,0.27101531411916435,5.244791666666667,18.0,38.0,49.0,0.9427083333333334,0.49844348659003834,209,245,0,36,907,245,0.2126736111111111
Extended QMIX,101.0,3012,volatile,coordinated,144.08300000000006,0.6494252873563219,0.3505747126436781,10.595839999999967,27.90835789481917,0.2257552316412592,6.2734375,26.450000000000045,63.0,52.0,0.9913194444444444,0.6437879150702427,208,258,0,50,894,258,0.22395833333333334
Extended QMIX,101.0,3013,volatile,coordinated,91.71566666666655,0.5343137254901961,0.46568627450980393,10.145840000000069,27.60629658153886,0.5679276375270856,6.529513888888889,23.0,46.0,42.0,0.9389467592592593,0.5016921409767611,199,237,0,38,915,237,0.20572916666666666
Extended QMIX,101.0,3014,volatile,coordinated,107.22166666666668,0.5721649484536082,0.4278350515463918,11.345840000000047,27.965147343052877,0.27306012038607447,4.911458333333333,17.0,32.0,55.0,0.9675925925925927,0.5536225658648339,223,268,0,45,884,268,0.2326388888888889
Extended QMIX,101.0,3015,volatile,coordinated,186.12199999999987,0.5919117647058824,0.40808823529411764,13.495840000000078,28.124213368859103,0.08163287559283035,4.084201388888889,14.0,39.0,62.0,0.9461805555555556,0.5600554023692811,266,322,0,56,830,322,0.2795138888888889
Extended QMIX,101.0,3016,volatile,coordinated,141.88400000000001,0.6358695652173914,0.36413043478260865,12.095840000000038,27.86800081186195,0.20190725000907958,4.789930555555555,17.0,39.0,60.0,0.9739583333333334,0.6193104619565218,238,286,0,48,866,286,0.2482638888888889
Extended QMIX,101.0,3017,volatile,coordinated,139.82366666666675,0.6540880503144654,0.3459119496855346,11.19583999999998,27.5129058183247,0.042703930564636575,5.09375,18.0,35.0,46.0,0.9910300925925927,0.648220941066853,220,243,0,23,909,243,0.2109375
Extended QMIX,101.0,3018,volatile,coordinated,106.96999999999989,0.5777777777777777,0.4222222222222223,10.995839999999987,27.62835490570601,0.2398212808804247,4.729166666666667,16.0,27.0,48.0,0.9739583333333334,0.5627314814814814,216,251,0,35,901,251,0.21788194444444445
Extended QMIX,101.0,3019,volatile,coordinated,138.24733333333327,0.6477987421383647,0.35220125786163525,10.445839999999954,27.7691952184056,0.19696341194196604,5.041666666666667,16.0,30.0,43.0,0.9733796296296298,0.6305540996971815,205,228,0,23,924,228,0.19791666666666666
Extended QMIX,101.0,3020,volatile,coordinated,66.21366666666668,0.4948453608247423,0.5051546391752577,9.845839999999864,27.88644548435911,0.13364377101044284,6.978298611111111,29.0,53.0,34.0,0.9267939814814815,0.45861970217640324,193,217,0,24,935,217,0.18836805555555555
Extended QMIX,101.0,3021,volatile,coordinated,195.93200000000024,0.6375545851528385,0.36244541484716153,12.845840000000099,27.356435250194345,0.2465252165127716,4.410590277777778,16.0,31.0,62.0,0.9809027777777778,0.6253790635613781,253,300,0,47,852,300,0.2604166666666667
Extended QMIX,101.0,3022,volatile,coordinated,81.49999999999993,0.6111111111111112,0.38888888888888884,10.545839999999984,27.392636233701687,0.24305624303832013,5.745659722222222,19.0,41.0,41.0,0.9791666666666666,0.5983796296296297,207,229,0,22,923,229,0.1987847222222222
Extended QMIX,101.0,3023,volatile,coordinated,185.00899999999996,0.5984555984555985,0.4015444015444015,13.345840000000077,27.617549127455494,0.027452789974982107,3.7994791666666665,13.0,25.0,71.0,0.9505208333333334,0.5688445141570142,263,309,0,46,843,309,0.2682291666666667
Extended QMIX,101.0,3024,volatile,coordinated,242.7583333333333,0.6332179930795848,0.3667820069204152,13.145840000000042,27.71187623849027,0.052449011270769494,4.913194444444445,19.0,34.0,74.0,0.9612268518518517,0.608666138023837,259,315,0,56,837,315,0.2734375
Extended QMIX,101.0,3025,volatile,coordinated,176.17533333333344,0.6068376068376068,0.3931623931623932,12.14584000000004,27.62663751191855,0.18178639499872695,5.035590277777778,17.0,38.0,54.0,0.9785879629629631,0.5938439775245331,239,289,0,50,863,289,0.2508680555555556
Extended QMIX,101.0,3026,volatile,coordinated,152.37699999999995,0.704225352112676,0.295774647887324,10.645840000000094,27.844778964859096,0.44196631448972545,5.9375,21.450000000000045,53.0,41.0,0.984375,0.6932218309859155,209,238,0,29,914,238,0.2065972222222222
Extended QMIX,101.0,3027,volatile,coordinated,145.93366666666657,0.6060606060606061,0.3939393939393939,10.945839999999976,27.499076027649426,0.13633602735461414,7.177083333333333,29.0,53.0,47.0,0.9658564814814815,0.5853675645342312,215,255,0,40,897,255,0.22135416666666666
Extended QMIX,101.0,3028,volatile,coordinated,73.4953333333333,0.49122807017543857,0.5087719298245614,11.345840000000036,27.63507648640927,0.28787739062224754,5.169270833333333,17.0,40.0,47.0,0.9299768518518517,0.45683073424301485,223,259,0,36,893,259,0.2248263888888889
Extended QMIX,101.0,3029,volatile,coordinated,174.83666666666667,0.5608108108108109,0.43918918918918914,13.245840000000102,27.497347482787532,0.09856844294826979,3.9453125,14.0,26.0,62.0,0.9172453703703705,0.5144011198698699,261,308,0,47,844,308,0.2673611111111111
Extended QMIX,101.0,3030,volatile,coordinated,158.66266666666672,0.6157635467980296,0.3842364532019704,11.445840000000013,27.869642024952892,0.15523897769473022,4.546875,15.0,24.0,52.0,0.9675925925925924,0.5958082466703156,225,258,0,33,894,258,0.22395833333333334
Extended QMIX,102.0,3001,volatile,coordinated,139.22833333333338,0.5754716981132075,0.42452830188679247,11.44584000000003,27.62894994555471,0.24639314584904903,4.991319444444445,17.0,38.0,46.0,0.9542824074074076,0.5491625174703005,225,259,0,34,893,259,0.2248263888888889
Extended QMIX,102.0,3002,volatile,coordinated,230.17133333333345,0.576271186440678,0.423728813559322,14.44584000000006,27.861430036513966,0.028533160509864843,4.899305555555555,19.450000000000045,51.0,74.0,0.9160879629629629,0.5279150973006905,285,351,0,66,801,351,0.3046875
Extended QMIX,102.0,3003,volatile,coordinated,159.2723333333333,0.5907172995780591,0.4092827004219409,12.845840000000065,27.548637494574557,0.04794922055808044,4.059895833333333,14.0,31.0,60.0,0.9542824074074076,0.563711126738553,253,294,0,41,858,294,0.2552083333333333
Extended QMIX,102.0,3004,volatile,coordinated,180.44499999999994,0.65,0.35,12.395840000000037,27.924650112487644,0.1122120571690269,4.348958333333333,15.0,30.0,49.0,0.9644097222222222,0.6268663194444445,244,278,0,34,874,278,0.24131944444444445
Extended QMIX,102.0,3005,volatile,coordinated,149.6896666666665,0.6069651741293532,0.39303482587064675,11.79584000000001,28.08026909765794,0.03387763033060476,4.778645833333333,16.0,31.0,49.0,0.9632523148148147,0.5846606089920766,232,263,0,31,889,263,0.2282986111111111
Extended QMIX,102.0,3006,volatile,coordinated,158.35500000000008,0.689873417721519,0.310126582278481,11.345840000000093,27.970602109231812,0.3063608550382476,5.1015625,17.0,43.0,51.0,0.9756944444444444,0.6731056610407876,223,258,0,35,894,258,0.22395833333333334
Extended QMIX,102.0,3007,volatile,coordinated,125.53833333333333,0.5771144278606966,0.42288557213930345,11.345839999999987,27.72584938019354,0.17764956020644154,5.533854166666667,19.450000000000045,43.0,48.0,0.9586226851851851,0.5532349824949327,223,257,0,34,895,257,0.2230902777777778
Extended QMIX,102.0,3008,volatile,coordinated,105.66633333333333,0.5509259259259259,0.44907407407407407,11.645840000000062,27.678808363663382,0.3878080395737634,4.717013888888889,15.0,28.0,55.0,0.9482060185185186,0.5223912787208506,229,270,0,41,882,270,0.234375
Extended QMIX,102.0,3009,volatile,coordinated,222.5526666666668,0.6759259259259259,0.32407407407407407,12.145840000000097,27.35706781838024,0.35771850647360703,4.493923611111111,15.0,42.0,54.0,0.9858217592592593,0.6663424854252401,239,292,0,53,860,292,0.2534722222222222
Extended QMIX,102.0,3010,volatile,coordinated,166.87366666666668,0.6395939086294417,0.36040609137055835,12.695840000000095,27.819657651968942,0.16517672705123249,4.264756944444445,15.0,26.0,55.0,0.9849537037037036,0.6299703891708968,250,289,0,39,863,289,0.2508680555555556
Extended QMIX,102.0,3011,volatile,coordinated,71.51599999999996,0.5402298850574713,0.45977011494252873,10.49584000000001,27.82161901589394,0.28351531411916436,5.387152777777778,19.0,38.0,49.0,0.9461805555555556,0.5111550127713921,206,243,0,37,909,243,0.2109375
Extended QMIX,102.0,3012,volatile,coordinated,150.71400000000006,0.6609195402298851,0.3390804597701149,10.795839999999972,27.90835789481917,0.2382552316412592,5.0390625,16.0,41.0,57.0,0.9947916666666666,0.6574772509578544,212,260,0,48,892,260,0.22569444444444445
Extended QMIX,102.0,3013,volatile,coordinated,90.83766666666651,0.5343137254901961,0.46568627450980393,10.345840000000075,27.60629658153886,0.5554276375270857,6.511284722222222,23.0,46.0,43.0,0.9389467592592593,0.5016921409767611,203,241,0,38,911,241,0.2092013888888889
Extended QMIX,102.0,3014,volatile,coordinated,103.91866666666664,0.5670103092783505,0.4329896907216495,11.195840000000036,27.965147343052877,0.2855601203860744,5.000868055555555,17.0,32.0,55.0,0.9675925925925927,0.548634975181367,220,265,0,45,887,265,0.2300347222222222
Extended QMIX,102.0,3015,volatile,coordinated,182.1879999999999,0.5882352941176471,0.4117647058823529,13.445840000000077,28.124213368859103,0.08163287559283035,4.113715277777778,14.0,39.0,61.0,0.9427083333333334,0.5545343137254902,265,321,0,56,831,321,0.2786458333333333
Extended QMIX,102.0,3016,volatile,coordinated,142.96299999999997,0.6358695652173914,0.36413043478260865,12.145840000000037,27.86800081186195,0.1769072500090796,4.636284722222222,16.0,37.0,58.0,0.9739583333333334,0.6193104619565218,239,287,0,48,865,287,0.24913194444444445
Extended QMIX,102.0,3017,volatile,coordinated,137.09033333333335,0.6477987421383647,0.35220125786163525,11.095839999999985,27.5129058183247,0.04478750300573388,5.183159722222222,18.0,35.0,44.0,0.9898726851851853,0.6412382803400886,218,241,0,23,911,241,0.2092013888888889
Extended QMIX,102.0,3018,volatile,coordinated,110.93499999999996,0.5833333333333334,0.41666666666666663,10.845839999999992,27.62835490570601,0.27732128088042474,4.672743055555555,16.0,25.0,48.0,0.9739583333333334,0.5681423611111112,213,247,0,34,905,247,0.2144097222222222
Extended QMIX,102.0,3019,volatile,coordinated,133.95833333333331,0.6415094339622641,0.3584905660377359,10.545839999999961,27.7691952184056,0.2163241388334682,5.034722222222222,16.0,30.0,44.0,0.9733796296296298,0.6244322152341021,207,231,0,24,921,231,0.20052083333333334
Extended QMIX,102.0,3020,volatile,coordinated,69.435,0.5,0.5,10.045839999999885,27.88644548435911,0.13364377101044284,7.165798611111111,28.450000000000045,53.0,34.0,0.9279513888888888,0.4639756944444444,197,221,0,24,931,221,0.1918402777777778
Extended QMIX,102.0,3021,volatile,coordinated,199.98966666666675,0.6419213973799127,0.3580786026200873,12.795840000000089,27.356435250194345,0.2590252165127716,4.506076388888889,17.0,31.0,60.0,0.9797453703703702,0.6289195172246482,252,300,0,48,852,300,0.2604166666666667
Extended QMIX,102.0,3022,volatile,coordinated,85.76299999999993,0.6190476190476191,0.38095238095238093,10.695839999999986,27.392636233701687,0.2180562430383201,5.517361111111111,19.0,41.0,43.0,0.9861111111111112,0.6104497354497355,210,234,0,24,918,234,0.203125
Extended QMIX,102.0,3023,volatile,coordinated,188.55533333333327,0.6023166023166023,0.39768339768339767,13.245840000000081,27.617549127455494,0.027452789974982114,3.7916666666666665,13.0,25.0,70.0,0.9482060185185186,0.5711202273702274,261,307,0,46,845,307,0.2664930555555556
Extended QMIX,102.0,3024,volatile,coordinated,241.4173333333332,0.6332179930795848,0.3667820069204152,13.24584000000006,27.71187623849027,0.052449011270769494,4.947916666666667,19.450000000000045,34.0,74.0,0.9577546296296295,0.606467464436755,261,318,0,57,834,318,0.2760416666666667
Extended QMIX,102.0,3025,volatile,coordinated,176.52533333333335,0.6068376068376068,0.3931623931623932,12.145840000000039,27.62663751191855,0.18178639499872692,5.518229166666667,20.0,38.0,54.0,0.9820601851851853,0.5959510525482749,239,290,0,51,862,290,0.2517361111111111
Extended QMIX,102.0,3026,volatile,coordinated,151.967,0.704225352112676,0.295774647887324,10.995840000000092,27.844778964859096,0.4044663144897255,5.333333333333333,18.450000000000045,41.0,42.0,0.984375,0.6932218309859155,216,244,0,28,908,244,0.21180555555555555
Extended QMIX,102.0,3027,volatile,coordinated,147.42966666666658,0.6060606060606061,0.3939393939393939,10.995839999999982,27.499076027649426,0.1613360273546141,7.005208333333333,29.0,52.0,47.0,0.9710648148148149,0.588524130190797,216,257,0,41,895,257,0.2230902777777778
Extended QMIX,102.0,3028,volatile,coordinated,72.81733333333331,0.49122807017543857,0.5087719298245614,11.44584000000004,27.63507648640927,0.2878773906222475,5.150173611111111,17.0,40.0,48.0,0.9299768518518517,0.45683073424301485,225,261,0,36,891,261,0.2265625
Extended QMIX,102.0,3029,volatile,coordinated,174.8646666666667,0.5608108108108109,0.43918918918918914,13.1958400000001,27.497347482787532,0.0985684429482698,3.9270833333333335,14.0,26.0,62.0,0.9172453703703705,0.5144011198698699,260,308,0,48,844,308,0.2673611111111111
Extended QMIX,102.0,3030,volatile,coordinated,158.90066666666672,0.6157635467980296,0.3842364532019704,11.445840000000013,27.869642024952892,0.15523897769473022,4.513888888888889,15.0,24.0,52.0,0.9693287037037036,0.5968772806057289,225,261,0,36,891,261,0.2265625
Extended QMIX,103.0,3001,volatile,coordinated,137.05600000000007,0.5707547169811321,0.4292452830188679,11.345840000000019,27.62894994555471,0.208893145849049,5.111979166666667,18.0,38.0,45.0,0.9565972222222222,0.5459823768343816,223,256,0,33,896,256,0.2222222222222222
Extended QMIX,103.0,3002,volatile,coordinated,234.5003333333334,0.5790960451977402,0.42090395480225984,14.545840000000059,27.861430036513966,0.028533160509864843,4.874131944444445,19.450000000000045,51.0,74.0,0.9195601851851851,0.5325136665620422,287,353,0,66,799,353,0.3064236111111111
Extended QMIX,103.0,3003,volatile,coordinated,160.28566666666666,0.5907172995780591,0.4092827004219409,12.645840000000062,27.548637494574557,0.047949220558080444,4.166666666666667,14.0,31.0,57.0,0.9519675925925927,0.5623437255821222,249,291,0,42,861,291,0.2526041666666667
Extended QMIX,103.0,3004,volatile,coordinated,176.01099999999994,0.645,0.355,12.295840000000036,27.924650112487644,0.08974711825953581,4.335069444444445,15.0,30.0,50.0,0.9618055555555556,0.6203645833333333,242,275,0,33,877,275,0.2387152777777778
Extended QMIX,103.0,3005,volatile,coordinated,144.48833333333326,0.6019900497512438,0.3980099502487562,11.745840000000003,28.08026909765794,0.03387763033060476,4.664930555555555,15.0,31.0,52.0,0.9620949074074073,0.5791715611756034,231,263,0,32,889,263,0.2282986111111111
Extended QMIX,103.0,3006,volatile,coordinated,152.429,0.6772151898734177,0.32278481012658233,11.145840000000055,27.970602109231812,0.2938608550382476,5.297743055555555,17.0,43.0,49.0,0.9756944444444444,0.6607550984528832,219,255,0,36,897,255,0.22135416666666666
Extended QMIX,103.0,3007,volatile,coordinated,131.08933333333331,0.582089552238806,0.417910447761194,11.295839999999988,27.72584938019354,0.17551472270940224,5.532986111111111,19.0,43.0,46.0,0.9612268518518517,0.5595201077943615,222,254,0,32,898,254,0.2204861111111111
Extended QMIX,103.0,3008,volatile,coordinated,102.00633333333333,0.5462962962962963,0.4537037037037037,11.595840000000054,27.678808363663382,0.37530803957376346,4.8125,16.0,28.0,54.0,0.945601851851852,0.5165787894375857,228,268,0,40,884,268,0.2326388888888889
Extended QMIX,103.0,3009,volatile,coordinated,215.79266666666678,0.6666666666666666,0.33333333333333337,11.895840000000096,27.35706781838024,0.35771850647360703,4.6328125,16.0,42.0,52.0,0.9823495370370371,0.6548996913580247,234,288,0,54,864,288,0.25
Extended QMIX,103.0,3010,volatile,coordinated,167.07733333333337,0.6395939086294417,0.36040609137055835,12.44584000000008,27.819657651968942,0.1776767270512325,4.371527777777778,15.0,26.0,54.0,0.9811921296296295,0.6275645093062605,245,280,0,35,872,280,0.24305555555555555
Extended QMIX,103.0,3011,volatile,coordinated,62.92633333333333,0.5287356321839081,0.47126436781609193,10.495840000000006,27.82161901589394,0.27101531411916435,5.407118055555555,19.0,38.0,50.0,0.9421296296296298,0.49813750532141343,206,242,0,36,910,242,0.21006944444444445
Extended QMIX,103.0,3012,volatile,coordinated,145.24400000000009,0.6494252873563219,0.3505747126436781,10.395839999999966,27.90835789481917,0.2257552316412592,5.620659722222222,21.0,46.0,52.0,0.9913194444444444,0.6437879150702427,204,253,0,49,899,253,0.21961805555555555
Extended QMIX,103.0,3013,volatile,coordinated,92.28766666666651,0.5343137254901961,0.46568627450980393,10.145840000000067,27.60629658153886,0.5554276375270857,6.5546875,23.0,46.0,41.0,0.9389467592592593,0.5016921409767611,199,236,0,37,916,236,0.2048611111111111
Extended QMIX,103.0,3014,volatile,coordinated,103.14666666666659,0.5670103092783505,0.4329896907216495,11.045840000000027,27.965147343052877,0.29564470327773895,5.150173611111111,18.0,32.0,57.0,0.9675925925925927,0.548634975181367,217,261,0,44,891,261,0.2265625
Extended QMIX,103.0,3015,volatile,coordinated,182.38699999999992,0.5882352941176471,0.4117647058823529,13.345840000000079,28.124213368859103,0.08163287559283035,4.201388888888889,15.0,39.0,61.0,0.9427083333333334,0.5545343137254902,263,318,0,55,834,318,0.2760416666666667
Extended QMIX,103.0,3016,volatile,coordinated,143.55200000000008,0.6358695652173914,0.36413043478260865,11.99584000000002,27.86800081186195,0.1769072500090796,4.90625,17.450000000000045,38.0,57.0,0.9739583333333334,0.6193104619565218,236,283,0,47,869,283,0.2456597222222222
Extended QMIX,103.0,3017,volatile,coordinated,139.26866666666672,0.6540880503144654,0.3459119496855346,11.095839999999976,27.5129058183247,0.042703930564636575,5.318576388888889,19.0,35.0,47.0,0.9910300925925927,0.648220941066853,218,241,0,23,911,241,0.2092013888888889
Extended QMIX,103.0,3018,volatile,coordinated,111.52999999999997,0.5833333333333334,0.41666666666666663,10.995839999999987,27.62835490570601,0.22732128088042472,4.633680555555555,15.0,25.0,47.0,0.9748263888888888,0.5686487268518519,216,249,0,33,903,249,0.21614583333333334
Extended QMIX,103.0,3019,volatile,coordinated,138.2193333333333,0.6477987421383647,0.35220125786163525,10.245839999999953,27.7691952184056,0.20382413883346823,5.415798611111111,17.0,32.0,43.0,0.9733796296296298,0.6305540996971815,201,224,0,23,928,224,0.19444444444444445
Extended QMIX,103.0,3020,volatile,coordinated,52.17499999999999,0.4793814432989691,0.5206185567010309,9.695839999999858,27.88644548435911,0.14614377101044285,7.636284722222222,31.0,58.0,34.0,0.9149305555555556,0.43860073024054985,190,211,0,21,941,211,0.1831597222222222
Extended QMIX,103.0,3021,volatile,coordinated,204.99566666666692,0.6462882096069869,0.35371179039301315,12.695840000000087,27.356435250194345,0.2590252165127716,4.4140625,16.0,31.0,58.0,0.9797453703703702,0.6331978812874008,250,296,0,46,856,296,0.2569444444444444
Extended QMIX,103.0,3022,volatile,coordinated,85.52499999999995,0.6190476190476191,0.38095238095238093,10.495839999999983,27.392636233701687,0.2180562430383201,5.734375,20.0,41.0,42.0,0.9826388888888888,0.6083002645502645,206,229,0,23,923,229,0.1987847222222222
Extended QMIX,103.0,3023,volatile,coordinated,194.9706666666666,0.61003861003861,0.38996138996138996,13.095840000000084,27.617549127455494,0.027601701355555036,3.7569444444444446,13.0,25.0,72.0,0.9502314814814814,0.5796778921778921,258,309,0,51,843,309,0.2682291666666667
Extended QMIX,103.0,3024,volatile,coordinated,243.44933333333327,0.6332179930795848,0.3667820069204152,12.94584000000004,27.71187623849027,0.0399490112707695,5.006944444444445,19.0,34.0,73.0,0.9612268518518517,0.608666138023837,255,312,0,57,840,312,0.2708333333333333
Extended QMIX,103.0,3025,volatile,coordinated,172.77833333333336,0.6025641025641025,0.39743589743589747,12.09584000000004,27.62663751191855,0.18178639499872692,5.602430555555555,20.0,38.0,54.0,0.9811921296296298,0.5912311550332384,238,289,0,51,863,289,0.2508680555555556
Extended QMIX,103.0,3026,volatile,coordinated,149.33199999999988,0.6971830985915493,0.30281690140845074,10.845840000000084,27.844778964859096,0.3794663144897255,5.190104166666667,17.0,41.0,41.0,0.984375,0.6862896126760563,213,242,0,29,910,242,0.21006944444444445
Extended QMIX,103.0,3027,volatile,coordinated,152.27166666666662,0.6111111111111112,0.38888888888888884,10.795839999999972,27.499076027649426,0.13633602735461414,7.578993055555555,31.0,53.0,44.0,0.9710648148148149,0.593428497942387,212,252,0,40,900,252,0.21875
Extended QMIX,103.0,3028,volatile,coordinated,72.7903333333333,0.49122807017543857,0.5087719298245614,11.445840000000024,27.63507648640927,0.25037739062224756,5.173611111111111,17.0,40.0,47.0,0.9282407407407409,0.45597790773229374,225,261,0,36,891,261,0.2265625
Extended QMIX,103.0,3029,volatile,coordinated,167.5086666666667,0.5540540540540541,0.44594594594594594,12.995840000000097,27.497347482787532,0.09856844294826982,4.112847222222222,14.0,26.0,63.0,0.9163773148148149,0.5077225663163164,256,302,0,46,850,302,0.2621527777777778
Extended QMIX,103.0,3030,volatile,coordinated,159.1636666666667,0.6157635467980296,0.3842364532019704,11.345840000000006,27.869642024952892,0.15523897769473022,4.546006944444445,15.0,24.0,52.0,0.9693287037037036,0.5968772806057289,223,258,0,35,894,258,0.22395833333333334
