policy,training_seed,environment_seed,scenario,regime,raw_episode_reward,event_recall,missed_event_rate,total_energy_consumption,harvested_energy,final_battery,mean_aoi,p95_aoi,max_aoi,redundant_sampling,network_coverage,network_utility,samples_delivered,samples_requested,sample_rejections,channel_blocks,sleep_actions,sample_actions,sample_action_fraction
Always Sleep,,211,volatile,coordinated,-313.4999999999983,0.0,1.0,0.1958400000000021,27.58635165301026,0.9875899999999997,144.5,274.0,288.0,0.0,0.7395833333333334,0.0,0,0,0,0,1152,0,0.0
Always Sleep,,212,volatile,coordinated,-415.4999999999976,0.0,1.0,0.1958400000000021,27.919764761552692,0.9875899999999997,144.5,274.0,288.0,0.0,0.6493055555555556,0.0,0,0,0,0,1152,0,0.0
Always Sleep,,213,volatile,coordinated,-358.4999999999985,0.0,1.0,0.1958400000000021,27.724887803272157,0.9875899999999997,144.5,274.0,288.0,0.0,0.6875,0.0,0,0,0,0,1152,0,0.0
Always Sleep,,214,volatile,coordinated,-496.4999999999973,0.0,1.0,0.1958400000000021,27.94823480825298,0.9875899999999997,144.5,274.0,288.0,0.0,0.5694444444444444,0.0,0,0,0,0,1152,0,0.0
Always Sleep,,215,volatile,coordinated,-500.99999999999756,0.0,1.0,0.1958400000000021,27.457604887378945,0.9875899999999997,144.5,274.0,288.0,0.0,0.5486111111111112,0.0,0,0,0,0,1152,0,0.0
Always Sleep,,216,volatile,coordinated,-406.4999999999975,0.0,1.0,0.1958400000000021,27.32361408507136,0.9875899999999997,144.5,274.0,288.0,0.0,0.6388888888888888,0.0,0,0,0,0,1152,0,0.0
Always Sleep,,217,volatile,coordinated,-569.9999999999992,0.0,1.0,0.1958400000000021,28.049193411107996,0.9875899999999997,144.5,274.0,288.0,0.0,0.4930555555555556,0.0,0,0,0,0,1152,0,0.0
Always Sleep,,218,volatile,coordinated,-347.9999999999981,0.0,1.0,0.1958400000000021,27.828259921270625,0.9875899999999997,144.5,274.0,288.0,0.0,0.6805555555555556,0.0,0,0,0,0,1152,0,0.0
Always Sleep,,219,volatile,coordinated,-359.9999999999983,0.0,1.0,0.1958400000000021,27.502366090802504,0.9875899999999997,144.5,274.0,288.0,0.0,0.6875,0.0,0,0,0,0,1152,0,0.0
Always Sleep,,220,volatile,coordinated,-368.99999999999807,0.0,1.0,0.1958400000000021,27.96253468956628,0.9875899999999997,144.5,274.0,288.0,0.0,0.6805555555555556,0.0,0,0,0,0,1152,0,0.0
Always Sleep,,221,volatile,coordinated,-398.99999999999847,0.0,1.0,0.1958400000000021,27.87188910352081,0.9875899999999997,144.5,274.0,288.0,0.0,0.6840277777777778,0.0,0,0,0,0,1152,0,0.0
Always Sleep,,222,volatile,coordinated,-413.9999999999981,0.0,1.0,0.1958400000000021,27.42557524730638,0.9875899999999997,144.5,274.0,288.0,0.0,0.6284722222222222,0.0,0,0,0,0,1152,0,0.0
Always Sleep,,223,volatile,coordinated,-340.49999999999807,0.0,1.0,0.1958400000000021,27.78823108417696,0.9875899999999997,144.5,274.0,288.0,0.0,0.6875,0.0,0,0,0,0,1152,0,0.0
Always Sleep,,224,volatile,coordinated,-346.49999999999847,0.0,1.0,0.1958400000000021,28.08723978600349,0.9875899999999997,144.5,274.0,288.0,0.0,0.6944444444444444,0.0,0,0,0,0,1152,0,0.0
Always Sleep,,225,volatile,coordinated,-371.9999999999974,0.0,1.0,0.1958400000000021,27.77582209554403,0.9875899999999997,144.5,274.0,288.0,0.0,0.6944444444444444,0.0,0,0,0,0,1152,0,0.0
Always Sleep,,226,volatile,coordinated,-313.49999999999744,0.0,1.0,0.1958400000000021,27.863677478080206,0.9875899999999997,144.5,274.0,288.0,0.0,0.7291666666666666,0.0,0,0,0,0,1152,0,0.0
Always Sleep,,227,volatile,coordinated,-332.99999999999875,0.0,1.0,0.1958400000000021,27.470396163705733,0.9875899999999997,144.5,274.0,288.0,0.0,0.7222222222222222,0.0,0,0,0,0,1152,0,0.0
Always Sleep,,228,volatile,coordinated,-349.49999999999744,0.0,1.0,0.1958400000000021,27.692085219615866,0.9875899999999997,144.5,274.0,288.0,0.0,0.6631944444444444,0.0,0,0,0,0,1152,0,0.0
Always Sleep,,229,volatile,coordinated,-439.49999999999784,0.0,1.0,0.1958400000000021,27.916316505075454,0.9875899999999997,144.5,274.0,288.0,0.0,0.6180555555555556,0.0,0,0,0,0,1152,0,0.0
Always Sleep,,230,volatile,coordinated,-346.499999999998,0.0,1.0,0.1958400000000021,27.74166292968646,0.9875899999999997,144.5,274.0,288.0,0.0,0.6944444444444444,0.0,0,0,0,0,1152,0,0.0
Always Sample,,211,volatile,coordinated,-236.59299999999962,0.26436781609195403,0.735632183908046,19.4958400000002,27.58635165301026,0.024554568249104427,8.680555555555555,41.0,57.0,186.0,0.8802083333333334,0.23269875478927204,386,743,0,357,409,743,0.6449652777777778
Always Sample,,212,volatile,coordinated,-238.06933333333228,0.2892561983471074,0.7107438016528926,19.19584000000018,27.919764761552692,0.02316451279709596,9.190972222222221,42.0,58.0,182.0,0.8373842592592593,0.24221858738904192,380,729,0,349,423,729,0.6328125
Always Sample,,213,volatile,coordinated,-190.7103333333341,0.31862745098039214,0.6813725490196079,18.99584000000017,27.724887803272157,0.01983670220374214,9.519097222222221,43.0,59.0,180.0,0.8981481481481483,0.2861746550472041,376,722,0,346,430,722,0.6267361111111112
Always Sample,,214,volatile,coordinated,-209.52799999999976,0.31756756756756754,0.6824324324324325,19.14584000000018,27.94823480825298,0.01992384210776065,9.493055555555555,43.0,62.0,180.0,0.84375,0.2679476351351351,379,729,0,350,423,729,0.6328125
Always Sample,,215,volatile,coordinated,-168.66933333333415,0.34448160535117056,0.6555183946488294,19.09584000000018,27.457604887378945,0.01855411927079527,9.30295138888889,43.0,61.0,180.0,0.8686342592592592,0.2992285240926545,378,724,0,346,428,724,0.6284722222222222
Always Sample,,216,volatile,coordinated,-116.7360000000008,0.3983050847457627,0.6016949152542372,19.345840000000187,27.32361408507136,0.024813587715293167,9.0078125,42.0,60.0,180.0,0.921875,0.3671875,383,731,0,348,421,731,0.6345486111111112
Always Sample,,217,volatile,coordinated,-259.9053333333322,0.28695652173913044,0.7130434782608696,18.895840000000167,28.049193411107996,0.01630600687802856,9.770833333333334,44.0,62.0,179.0,0.7826967592592593,0.2245999396135266,374,719,0,345,433,719,0.6241319444444444
Always Sample,,218,volatile,coordinated,-227.88299999999984,0.26903553299492383,0.7309644670050761,19.045840000000176,27.828259921270625,0.016678817832853583,9.43576388888889,43.0,61.0,183.0,0.8784722222222222,0.23634024252679073,377,728,0,351,424,728,0.6319444444444444
Always Sample,,219,volatile,coordinated,-171.24500000000046,0.3463414634146341,0.6536585365853659,19.295840000000187,27.502366090802504,0.019046817072825697,9.035590277777779,42.0,60.0,181.0,0.9027777777777778,0.31266937669376693,382,736,0,354,416,736,0.6388888888888888
Always Sample,,220,volatile,coordinated,-201.32000000000033,0.3127962085308057,0.6872037914691943,19.245840000000186,27.96253468956628,0.03012973156946764,8.97482638888889,42.0,57.0,183.0,0.8854166666666666,0.27695497630331756,381,732,0,351,420,732,0.6354166666666666
Always Sample,,221,volatile,coordinated,-224.54066666666733,0.30303030303030304,0.696969696969697,19.695840000000207,27.87188910352081,0.01322251520845795,7.983506944444445,39.0,51.0,189.0,0.8787615740740742,0.2662913860830528,390,756,0,366,396,756,0.65625
Always Sample,,222,volatile,coordinated,-178.03700000000038,0.3360995850622407,0.6639004149377593,19.14584000000018,27.42557524730638,0.01699892284887263,9.180555555555555,42.0,56.0,186.0,0.8940972222222222,0.3005057053941909,379,732,0,353,420,732,0.6354166666666666
Always Sample,,223,volatile,coordinated,-228.76499999999936,0.2760416666666667,0.7239583333333333,19.34584000000019,27.78823108417696,0.029668434622776966,9.139756944444445,42.0,61.0,183.0,0.8559027777777778,0.23626482928240744,383,730,0,347,422,730,0.6336805555555556
Always Sample,,224,volatile,coordinated,-174.7350000000004,0.34183673469387754,0.6581632653061225,19.39584000000019,28.08723978600349,0.021313914938783485,8.816840277777779,41.0,59.0,188.0,0.9097222222222222,0.3109764739229025,384,733,0,349,419,733,0.6362847222222222
Always Sample,,225,volatile,coordinated,-260.29733333333263,0.25821596244131456,0.7417840375586855,19.645840000000206,27.77582209554403,0.0198357802996191,8.160590277777779,39.450000000000045,55.0,190.0,0.8521412037037037,0.22003646105025215,389,745,0,356,407,745,0.6467013888888888
Always Sample,,226,volatile,coordinated,-189.49000000000024,0.3333333333333333,0.6666666666666667,19.4958400000002,27.863677478080206,0.01608722649300224,8.830729166666666,41.0,59.0,185.0,0.8845486111111112,0.29484953703703703,386,738,0,352,414,738,0.640625
Always Sample,,227,volatile,coordinated,-193.48000000000022,0.32620320855614976,0.6737967914438503,19.4958400000002,27.470396163705733,0.031238347973406657,8.668402777777779,41.0,56.0,190.0,0.9027777777777778,0.29448900772430187,386,737,0,351,415,737,0.6397569444444444
Always Sample,,228,volatile,coordinated,-322.93599999999884,0.16161616161616163,0.8383838383838383,19.295840000000187,27.692085219615866,0.024319454554515993,9.039930555555555,42.0,57.0,181.0,0.7890625,0.12752525252525254,382,735,0,353,417,735,0.6380208333333334
Always Sample,,229,volatile,coordinated,-271.2190000000001,0.2596899224806202,0.7403100775193798,19.04584000000018,27.916316505075454,0.02436901407006833,9.2578125,43.0,58.0,187.0,0.8194444444444444,0.21280146425495264,377,728,0,351,424,728,0.6319444444444444
Always Sample,,230,volatile,coordinated,-230.77266666666708,0.2857142857142857,0.7142857142857143,19.345840000000187,27.74166292968646,0.019754878327826915,8.702256944444445,41.0,59.0,186.0,0.8466435185185186,0.24189814814814817,383,738,0,355,414,738,0.640625
Random Feasible,,211,volatile,coordinated,-150.59466666666663,0.27011494252873564,0.7298850574712643,16.995840000000126,27.58635165301026,0.016711860668959893,7.235243055555555,35.0,55.0,102.0,0.8995949074074073,0.2429940267134951,336,410,0,74,742,410,0.3559027777777778
Random Feasible,,212,volatile,coordinated,-194.51433333333347,0.256198347107438,0.743801652892562,17.045840000000126,27.919764761552692,0.02594950364276352,7.961805555555555,38.0,58.0,104.0,0.833912037037037,0.2136468855218855,337,407,0,70,745,407,0.3532986111111111
Random Feasible,,213,volatile,coordinated,-124.3566666666666,0.3137254901960784,0.6862745098039216,16.495840000000094,27.724887803272157,0.022104961516420277,8.887152777777779,43.0,64.0,98.0,0.8839699074074073,0.2773238925199709,326,400,0,74,752,400,0.3472222222222222
Random Feasible,,214,volatile,coordinated,-154.33333333333323,0.2972972972972973,0.7027027027027026,16.595840000000095,27.94823480825298,0.013958270574730935,8.01388888888889,38.0,58.0,98.0,0.8434606481481483,0.25075857107107113,328,392,0,64,760,392,0.3402777777777778
Random Feasible,,215,volatile,coordinated,-135.29866666666663,0.3110367892976589,0.6889632107023411,16.895840000000117,27.457604887378945,0.01082525893845213,7.661458333333333,36.450000000000045,59.0,95.0,0.839699074074074,0.261177303976217,334,400,0,66,752,400,0.3472222222222222
Random Feasible,,216,volatile,coordinated,-115.65666666666661,0.3177966101694915,0.6822033898305084,16.745840000000097,27.32361408507136,0.02076422154278322,7.546875,36.0,54.0,101.0,0.8995949074074073,0.28588821209981163,331,402,0,71,750,402,0.3489583333333333
Random Feasible,,217,volatile,coordinated,-222.78100000000032,0.2579710144927536,0.7420289855072464,16.69584000000011,28.049193411107996,0.028853046119121786,8.355034722222221,41.0,61.0,97.0,0.7743055555555556,0.19974838969404188,330,399,0,69,753,399,0.3463541666666667
Random Feasible,,218,volatile,coordinated,-156.84566666666663,0.26903553299492383,0.7309644670050761,17.49584000000013,27.828259921270625,0.015404428957527746,7.921006944444445,39.450000000000045,54.0,106.0,0.8796296296296297,0.23665162624553485,346,422,0,76,730,422,0.3663194444444444
Random Feasible,,219,volatile,coordinated,-116.00566666666668,0.32195121951219513,0.6780487804878048,16.695840000000107,27.502366090802504,0.022731362430842925,7.341145833333333,36.0,58.0,103.0,0.890914351851852,0.28683096205962066,330,383,0,53,769,383,0.3324652777777778
Random Feasible,,220,volatile,coordinated,-144.797,0.2890995260663507,0.7109004739336493,16.445840000000103,27.96253468956628,0.023446992824098165,7.728298611111111,38.0,54.0,95.0,0.8689236111111112,0.25120540416008424,325,398,0,73,754,398,0.3454861111111111
Random Feasible,,221,volatile,coordinated,-151.59999999999982,0.29004329004329005,0.7099567099567099,17.045840000000133,27.87188910352081,0.015306837572524476,6.0546875,31.0,48.0,94.0,0.8706597222222222,0.2525290103415103,337,395,0,58,757,395,0.3428819444444444
Random Feasible,,222,volatile,coordinated,-152.7316666666667,0.27800829875518673,0.7219917012448133,16.645840000000106,27.42557524730638,0.013243740806867852,8.059027777777779,38.0,59.0,97.0,0.8778935185185185,0.24406168357153835,329,400,0,71,752,400,0.3472222222222222
Random Feasible,,223,volatile,coordinated,-210.30300000000017,0.20833333333333334,0.7916666666666666,17.09584000000013,27.78823108417696,0.0276195866992087,7.758680555555555,38.0,63.0,101.0,0.8159722222222222,0.16999421296296297,338,401,0,63,751,401,0.3480902777777778
Random Feasible,,224,volatile,coordinated,-95.9896666666666,0.34183673469387754,0.6581632653061225,17.195840000000132,28.08723978600349,0.019518810241620138,7.448784722222222,37.0,60.0,98.0,0.9117476851851851,0.3116688515684051,340,417,0,77,735,417,0.3619791666666667
Random Feasible,,225,volatile,coordinated,-183.42000000000002,0.24882629107981222,0.7511737089201878,17.39584000000014,27.77582209554403,0.023025710638996225,6.5078125,33.0,52.0,98.0,0.8654513888888888,0.2153470592070944,344,423,0,79,729,423,0.3671875
Random Feasible,,226,volatile,coordinated,-112.27366666666667,0.3275862068965517,0.6724137931034483,16.895840000000117,27.863677478080206,0.024476499678710125,6.391493055555555,32.0,56.0,105.0,0.902199074074074,0.295547972541507,334,409,0,75,743,409,0.3550347222222222
Random Feasible,,227,volatile,coordinated,-141.92600000000002,0.2887700534759358,0.7112299465240641,17.19584000000013,27.470396163705733,0.00977329318824949,7.133680555555555,35.450000000000045,50.0,105.0,0.9019097222222222,0.26044451871657753,340,416,0,76,736,416,0.3611111111111111
Random Feasible,,228,volatile,coordinated,-214.4306666666668,0.19696969696969696,0.803030303030303,16.5458400000001,27.692085219615866,0.022258831293654906,7.310763888888889,36.0,57.0,94.0,0.8049768518518517,0.15855604657687988,327,395,0,68,757,395,0.3428819444444444
Random Feasible,,229,volatile,coordinated,-245.05733333333353,0.2054263565891473,0.7945736434108527,16.695840000000096,27.916316505075454,0.011615775663702645,7.619791666666667,37.0,54.0,98.0,0.8113425925925927,0.1666711527418892,330,416,0,86,736,416,0.3611111111111111
Random Feasible,,230,volatile,coordinated,-189.27700000000002,0.22448979591836735,0.7755102040816326,16.445840000000103,27.74166292968646,0.009100974020928049,7.943576388888889,38.0,56.0,97.0,0.8559027777777778,0.19214143990929705,325,383,0,58,769,383,0.3324652777777778
Fixed Interval,,211,volatile,coordinated,-210.0880000000004,0.07471264367816093,0.9252873563218391,4.995839999999857,27.58635165301026,0.6700685147246224,5.4375,11.0,11.0,0.0,0.8133680555555556,0.060768877713920824,96,96,0,0,1056,96,0.08333333333333333
Fixed Interval,,212,volatile,coordinated,-293.5879999999993,0.0743801652892562,0.9256198347107438,4.995839999999857,27.919764761552692,0.6698988882376119,5.4375,11.0,11.0,0.0,0.7265625,0.054041838842975205,96,96,0,0,1056,96,0.08333333333333333
Fixed Interval,,213,volatile,coordinated,-258.83799999999997,0.06372549019607843,0.9362745098039216,4.995839999999857,27.724887803272157,0.6699229363498653,5.4375,11.0,11.0,0.0,0.7482638888888888,0.047683483115468404,96,96,0,0,1056,96,0.08333333333333333
Fixed Interval,,214,volatile,coordinated,-322.5879999999989,0.10135135135135136,0.8986486486486487,4.995839999999857,27.94823480825298,0.6700316156900371,5.4375,11.0,11.0,0.0,0.6814236111111112,0.06906320382882884,96,96,0,0,1056,96,0.08333333333333333
Fixed Interval,,215,volatile,coordinated,-366.6713333333311,0.06688963210702341,0.9331103678929766,4.995839999999857,27.457604887378945,0.6698309493788689,5.4375,11.0,11.0,0.0,0.644675925925926,0.043122135513439866,96,96,0,0,1056,96,0.08333333333333333
Fixed Interval,,216,volatile,coordinated,-278.3379999999993,0.08050847457627118,0.9194915254237288,4.995839999999857,27.32361408507136,0.6697848034622227,5.4375,11.0,11.0,0.0,0.7256944444444444,0.05842455273069679,96,96,0,0,1056,96,0.08333333333333333
Fixed Interval,,217,volatile,coordinated,-403.3379999999979,0.08115942028985507,0.9188405797101449,4.995839999999857,28.049193411107996,0.6697262103188772,5.4375,11.0,11.0,0.0,0.6041666666666666,0.049033816425120766,96,96,0,0,1056,96,0.08333333333333333
Fixed Interval,,218,volatile,coordinated,-232.42133333333345,0.08121827411167512,0.9187817258883249,4.995839999999857,27.828259921270625,0.6700413999340781,5.4375,11.0,11.0,0.0,0.7601273148148149,0.0617362286144012,96,96,0,0,1056,96,0.08333333333333333
Fixed Interval,,219,volatile,coordinated,-224.25466666666676,0.1024390243902439,0.8975609756097561,4.995839999999857,27.502366090802504,0.6696100345627081,5.4375,11.0,11.0,0.0,0.7763310185185186,0.0795265921409214,96,96,0,0,1056,96,0.08333333333333333
Fixed Interval,,220,volatile,coordinated,-238.7546666666665,0.0947867298578199,0.9052132701421801,4.995839999999857,27.96253468956628,0.6695261742909312,5.4375,11.0,11.0,0.0,0.7624421296296295,0.0722693961734246,96,96,0,0,1056,96,0.08333333333333333
Fixed Interval,,221,volatile,coordinated,-289.0046666666664,0.06493506493506493,0.935064935064935,4.995839999999857,27.87188910352081,0.6696757742662567,5.4375,11.0,11.0,0.0,0.7563657407407407,0.04911465848965848,96,96,0,0,1056,96,0.08333333333333333
Fixed Interval,,222,volatile,coordinated,-265.92133333333305,0.0954356846473029,0.9045643153526971,4.995839999999857,27.42557524730638,0.6690629055188271,5.4375,11.0,11.0,0.0,0.7358217592592592,0.0702236533732903,96,96,0,0,1056,96,0.08333333333333333
Fixed Interval,,223,volatile,coordinated,-213.92133333333345,0.10416666666666667,0.8958333333333334,4.995839999999857,27.78823108417696,0.6695356863498985,5.4375,11.0,11.0,0.0,0.7566550925925927,0.0788182388117284,96,96,0,0,1056,96,0.08333333333333333
Fixed Interval,,224,volatile,coordinated,-220.92133333333325,0.09693877551020408,0.903061224489796,4.995839999999857,28.08723978600349,0.6699324402792235,5.4375,11.0,11.0,0.0,0.7722800925925927,0.07486388652683296,96,96,0,0,1056,96,0.08333333333333333
Fixed Interval,,225,volatile,coordinated,-247.58800000000014,0.0892018779342723,0.9107981220657277,4.995839999999857,27.77582209554403,0.6695992533547828,5.4375,11.0,11.0,0.0,0.7682291666666666,0.06852748435054773,96,96,0,0,1056,96,0.08333333333333333
Fixed Interval,,226,volatile,coordinated,-192.7546666666667,0.10344827586206896,0.896551724137931,4.995839999999857,27.863677478080206,0.6694366610029834,5.4375,11.0,11.0,0.0,0.8023726851851851,0.08300407088122605,96,96,0,0,1056,96,0.08333333333333333
Fixed Interval,,227,volatile,coordinated,-226.92133333333345,0.0748663101604278,0.9251336898395722,4.995839999999857,27.470396163705733,0.6697624540950567,5.4375,11.0,11.0,0.0,0.7931134259259259,0.05937747573776985,96,96,0,0,1056,96,0.08333333333333333
Fixed Interval,,228,volatile,coordinated,-243.75466666666645,0.0707070707070707,0.9292929292929293,4.995839999999857,27.692085219615866,0.6700485475391026,5.4375,11.0,11.0,0.0,0.7329282407407407,0.05182320894126449,96,96,0,0,1056,96,0.08333333333333333
Fixed Interval,,229,volatile,coordinated,-272.42133333333305,0.10852713178294573,0.8914728682170543,4.995839999999857,27.916316505075454,0.6681628218447163,5.4375,11.0,11.0,0.0,0.730613425925926,0.07929137955785244,96,96,0,0,1056,96,0.08333333333333333
Fixed Interval,,230,volatile,coordinated,-228.00466666666674,0.08673469387755102,0.9132653061224489,4.995839999999857,27.74166292968646,0.6699109136946721,5.4375,11.0,11.0,0.0,0.7719907407407407,0.066958380574452,96,96,0,0,1056,96,0.08333333333333333
Entropy Threshold,,211,volatile,coordinated,117.41566666666671,0.5919540229885057,0.40804597701149425,9.695839999999885,27.58635165301026,0.1528601176743658,5.924479166666667,21.0,40.0,40.0,0.9719328703703702,0.5753395726905065,190,222,0,32,930,222,0.19270833333333334
Entropy Threshold,,212,volatile,coordinated,144.18500000000006,0.5661157024793388,0.43388429752066116,11.245839999999994,27.919764761552692,0.13583726394156542,5.5078125,21.0,39.0,47.0,0.9409722222222222,0.5326991505968779,221,265,0,44,887,265,0.2300347222222222
Entropy Threshold,,213,volatile,coordinated,184.63299999999995,0.6519607843137255,0.3480392156862745,11.395839999999971,27.724887803272157,0.0657476540674751,4.717881944444445,16.0,36.0,53.0,0.9782986111111112,0.6378123297930284,224,267,0,43,885,267,0.23177083333333334
Entropy Threshold,,214,volatile,coordinated,188.39033333333336,0.5777027027027027,0.42229729729729726,12.245840000000063,27.94823480825298,0.10614822632378021,7.619791666666667,35.0,60.0,64.0,0.9317129629629629,0.5382530968468469,241,298,0,57,854,298,0.2586805555555556
Entropy Threshold,,215,volatile,coordinated,182.9050000000001,0.5652173913043478,0.4347826086956522,12.095840000000049,27.457604887378945,0.17620922171693684,6.774305555555555,30.450000000000045,52.0,60.0,0.9184027777777778,0.5190972222222222,238,288,0,50,864,288,0.25
Entropy Threshold,,216,volatile,coordinated,208.47599999999994,0.6313559322033898,0.3686440677966102,11.345839999999958,27.32361408507136,0.09225004097892384,6.221354166666667,24.0,50.0,46.0,0.9739583333333334,0.6149143714689266,223,254,0,31,898,254,0.2204861111111111
Entropy Threshold,,217,volatile,coordinated,155.23433333333335,0.5159420289855072,0.48405797101449277,12.545840000000066,28.049193411107996,0.08778582438933437,5.061631944444445,19.450000000000045,45.0,56.0,0.886574074074074,0.4574208266237251,247,298,0,51,854,298,0.2586805555555556
Entropy Threshold,,218,volatile,coordinated,179.70133333333342,0.6446700507614214,0.35532994923857864,10.945839999999972,27.828259921270625,0.18144640133592677,6.032118055555555,23.0,42.0,46.0,0.9751157407407407,0.6286279140815944,215,242,0,27,910,242,0.21006944444444445
Entropy Threshold,,219,volatile,coordinated,179.948,0.6390243902439025,0.36097560975609755,10.995839999999992,27.502366090802504,0.24585309483049,6.900173611111111,29.0,57.0,43.0,0.9765625,0.624047256097561,216,249,0,33,903,249,0.21614583333333334
Entropy Threshold,,220,volatile,coordinated,184.30533333333335,0.6445497630331753,0.35545023696682465,11.945840000000114,27.96253468956628,0.25397494009416133,4.689236111111111,16.0,26.0,57.0,0.9777199074074076,0.6301891346322627,235,269,0,34,883,269,0.23350694444444445
Entropy Threshold,,221,volatile,coordinated,183.0773333333333,0.6233766233766234,0.37662337662337664,11.145839999999987,27.87188910352081,0.061091062178869976,4.930555555555555,15.450000000000045,25.0,53.0,0.976851851851852,0.608946608946609,219,266,0,47,886,266,0.2309027777777778
Entropy Threshold,,222,volatile,coordinated,201.10200000000006,0.6224066390041494,0.3775933609958506,10.64583999999997,27.42557524730638,0.18378023114756215,7.394965277777778,29.450000000000045,54.0,49.0,0.9574652777777778,0.595932745504841,209,242,0,33,910,242,0.21006944444444445
Entropy Threshold,,223,volatile,coordinated,137.04299999999992,0.59375,0.40625,10.295840000000005,27.78823108417696,0.2873427506849951,5.274305555555555,17.450000000000045,34.0,41.0,0.9496527777777778,0.5638563368055556,202,229,0,27,923,229,0.1987847222222222
Entropy Threshold,,224,volatile,coordinated,179.45299999999997,0.6479591836734694,0.3520408163265306,11.095839999999988,28.08723978600349,0.17383960329493423,4.336805555555555,13.0,21.0,50.0,0.9878472222222222,0.6400846797052154,218,256,0,38,896,256,0.2222222222222222
Entropy Threshold,,225,volatile,coordinated,117.77766666666653,0.5633802816901409,0.43661971830985913,10.795839999999952,27.77582209554403,0.21058793522042252,5.058159722222222,18.450000000000045,37.0,53.0,0.9519675925925927,0.5363197704747001,212,246,0,34,906,246,0.21354166666666666
Entropy Threshold,,226,volatile,coordinated,81.70233333333334,0.5459770114942529,0.45402298850574707,8.895839999999833,27.863677478080206,0.3194408428116319,9.207465277777779,36.0,57.0,36.0,0.9317129629629631,0.5086938590889741,174,196,0,22,956,196,0.1701388888888889
Entropy Threshold,,227,volatile,coordinated,134.07633333333337,0.6096256684491979,0.39037433155080214,10.445839999999919,27.470396163705733,0.08947259650714688,4.803819444444445,15.0,29.0,49.0,0.9655671296296295,0.5886345068330362,205,245,0,40,907,245,0.2126736111111111
Entropy Threshold,,228,volatile,coordinated,66.27333333333335,0.494949494949495,0.505050505050505,8.895839999999833,27.692085219615866,0.3250309079831847,7.613715277777778,28.0,49.0,33.0,0.8900462962962963,0.4405279648335204,174,198,0,24,954,198,0.171875
Entropy Threshold,,229,volatile,coordinated,203.33299999999986,0.6085271317829457,0.3914728682170543,11.545840000000048,27.916316505075454,0.22128397792469423,5.317708333333333,18.0,29.0,48.0,0.9574652777777778,0.5826435992678725,227,268,0,41,884,268,0.2326388888888889
Entropy Threshold,,230,volatile,coordinated,165.41099999999977,0.6326530612244898,0.36734693877551017,10.245839999999893,27.74166292968646,0.1748495826233689,5.631944444444445,17.450000000000045,28.0,47.0,0.9661458333333334,0.6112351190476191,201,229,0,28,923,229,0.1987847222222222
Battery + Entropy,,211,volatile,coordinated,110.04000000000002,0.5804597701149425,0.41954022988505746,9.445839999999857,27.58635165301026,0.1653601176743658,6.323784722222222,23.0,41.0,39.0,0.96875,0.5623204022988506,185,217,0,32,935,217,0.18836805555555555
Battery + Entropy,,212,volatile,coordinated,136.41200000000003,0.5578512396694215,0.4421487603305785,11.045839999999995,27.919764761552692,0.14833726394156543,5.847222222222222,22.0,41.0,46.0,0.9357638888888888,0.5220170454545454,217,259,0,42,893,259,0.2248263888888889
Battery + Entropy,,213,volatile,coordinated,185.68199999999993,0.6519607843137255,0.3480392156862745,11.14583999999997,27.724887803272157,0.09074765406747506,4.954861111111111,17.0,36.0,52.0,0.9782986111111112,0.6378123297930284,219,259,0,40,893,259,0.2248263888888889
Battery + Entropy,,214,volatile,coordinated,174.65333333333342,0.5641891891891891,0.43581081081081086,11.995840000000044,27.94823480825298,0.1311482263237802,8.491319444444445,40.0,71.0,61.0,0.9273726851851851,0.5232136433308308,236,290,0,54,862,290,0.2517361111111111
Battery + Entropy,,215,volatile,coordinated,168.46233333333333,0.5518394648829431,0.4481605351170569,11.895840000000042,27.457604887378945,0.17620922171693684,7.025173611111111,32.0,53.0,58.0,0.9126157407407407,0.5036173820141211,234,283,0,49,869,283,0.2456597222222222
Battery + Entropy,,216,volatile,coordinated,199.625,0.6228813559322034,0.3771186440677966,11.145839999999957,27.32361408507136,0.10475004097892382,6.986979166666667,29.0,51.0,46.0,0.96875,0.603416313559322,219,249,0,30,903,249,0.21614583333333334
Battery + Entropy,,217,volatile,coordinated,135.04866666666672,0.5014492753623189,0.49855072463768113,12.245840000000065,28.049193411107996,0.11278582438933438,5.390625,21.0,46.0,56.0,0.8764467592592592,0.43949359232420826,241,292,0,51,860,292,0.2534722222222222
Battery + Entropy,,218,volatile,coordinated,170.885,0.6345177664974619,0.36548223350253806,10.795839999999954,27.828259921270625,0.1814464013359267,6.462673611111111,25.0,46.0,47.0,0.9704861111111112,0.6157906796390299,212,237,0,25,915,237,0.20572916666666666
Battery + Entropy,,219,volatile,coordinated,168.50200000000007,0.624390243902439,0.375609756097561,10.795839999999975,27.502366090802504,0.24585309483048995,7.399305555555555,31.450000000000045,59.0,42.0,0.9713541666666666,0.6065040650406504,212,243,0,31,909,243,0.2109375
Battery + Entropy,,220,volatile,coordinated,178.296,0.6350710900473934,0.36492890995260663,11.745840000000099,27.96253468956628,0.2664749400941614,4.756076388888889,16.0,26.0,55.0,0.9765625,0.6201866113744076,231,265,0,34,887,265,0.2300347222222222
Battery + Entropy,,221,volatile,coordinated,183.7103333333333,0.6233766233766234,0.37662337662337664,11.095839999999988,27.87188910352081,0.07359106217886996,4.993923611111111,16.0,25.0,52.0,0.976851851851852,0.608946608946609,218,264,0,46,888,264,0.22916666666666666
Battery + Entropy,,222,volatile,coordinated,192.75600000000009,0.6141078838174274,0.3858921161825726,10.495839999999973,27.42557524730638,0.19628023114756216,7.171006944444445,27.0,55.0,49.0,0.9505208333333334,0.583722337482711,206,238,0,32,914,238,0.2065972222222222
Battery + Entropy,,223,volatile,coordinated,124.70233333333327,0.578125,0.421875,10.095840000000003,27.78823108417696,0.2873427506849951,5.425347222222222,18.0,35.0,41.0,0.9421296296296298,0.5446686921296298,198,224,0,26,928,224,0.19444444444444445
Battery + Entropy,,224,volatile,coordinated,175.2199999999999,0.6428571428571429,0.3571428571428571,10.945839999999988,28.08723978600349,0.1863396032949342,4.805555555555555,16.0,29.0,49.0,0.984375,0.6328125,215,253,0,38,899,253,0.21961805555555555
Battery + Entropy,,225,volatile,coordinated,101.80866666666658,0.5446009389671361,0.45539906103286387,10.595839999999923,27.77582209554403,0.21058793522042252,5.337673611111111,20.0,38.0,52.0,0.9424189814814815,0.5132422622152669,208,240,0,32,912,240,0.20833333333333334
Battery + Entropy,,226,volatile,coordinated,71.06933333333335,0.5287356321839081,0.47126436781609193,8.745839999999818,27.863677478080206,0.3069408428116319,9.621527777777779,38.0,60.0,34.0,0.9282407407407409,0.49079395487441474,171,193,0,22,959,193,0.1675347222222222
Battery + Entropy,,227,volatile,coordinated,125.20633333333335,0.5989304812834224,0.4010695187165776,10.245839999999923,27.470396163705733,0.11447259650714685,5.481770833333333,18.0,43.0,49.0,0.9603587962962963,0.575188156070509,201,241,0,40,911,241,0.2092013888888889
Battery + Entropy,,228,volatile,coordinated,54.728999999999985,0.4797979797979798,0.5202020202020202,8.795839999999822,27.692085219615866,0.3125309079831847,7.623263888888889,28.0,43.0,32.0,0.8836805555555556,0.423988145342312,172,195,0,23,957,195,0.16927083333333334
Battery + Entropy,,229,volatile,coordinated,189.18133333333316,0.5930232558139535,0.40697674418604646,11.345840000000047,27.916316505075454,0.23378397792469421,5.614583333333333,19.0,32.0,45.0,0.9508101851851853,0.5638525516795867,223,262,0,39,890,262,0.22743055555555555
Battery + Entropy,,230,volatile,coordinated,158.26199999999977,0.6224489795918368,0.37755102040816324,10.045839999999894,27.74166292968646,0.19984958262336883,5.763888888888889,18.0,30.0,46.0,0.9626736111111112,0.5992152069160999,197,224,0,27,928,224,0.19444444444444445
Greedy,,211,volatile,coordinated,-236.59299999999962,0.26436781609195403,0.735632183908046,19.4958400000002,27.58635165301026,0.024554568249104427,8.680555555555555,41.0,57.0,186.0,0.8802083333333334,0.23269875478927204,386,743,0,357,409,743,0.6449652777777778
Greedy,,212,volatile,coordinated,-238.06933333333228,0.2892561983471074,0.7107438016528926,19.19584000000018,27.919764761552692,0.02316451279709596,9.190972222222221,42.0,58.0,182.0,0.8373842592592593,0.24221858738904192,380,729,0,349,423,729,0.6328125
Greedy,,213,volatile,coordinated,-190.7103333333341,0.31862745098039214,0.6813725490196079,18.99584000000017,27.724887803272157,0.01983670220374214,9.519097222222221,43.0,59.0,180.0,0.8981481481481483,0.2861746550472041,376,722,0,346,430,722,0.6267361111111112
Greedy,,214,volatile,coordinated,-209.52799999999976,0.31756756756756754,0.6824324324324325,19.14584000000018,27.94823480825298,0.01992384210776065,9.493055555555555,43.0,62.0,180.0,0.84375,0.2679476351351351,379,729,0,350,423,729,0.6328125
Greedy,,215,volatile,coordinated,-168.66933333333415,0.34448160535117056,0.6555183946488294,19.09584000000018,27.457604887378945,0.01855411927079527,9.30295138888889,43.0,61.0,180.0,0.8686342592592592,0.2992285240926545,378,724,0,346,428,724,0.6284722222222222
Greedy,,216,volatile,coordinated,-116.7360000000008,0.3983050847457627,0.6016949152542372,19.345840000000187,27.32361408507136,0.024813587715293167,9.0078125,42.0,60.0,180.0,0.921875,0.3671875,383,731,0,348,421,731,0.6345486111111112
Greedy,,217,volatile,coordinated,-259.9053333333322,0.28695652173913044,0.7130434782608696,18.895840000000167,28.049193411107996,0.01630600687802856,9.770833333333334,44.0,62.0,179.0,0.7826967592592593,0.2245999396135266,374,719,0,345,433,719,0.6241319444444444
Greedy,,218,volatile,coordinated,-227.88299999999984,0.26903553299492383,0.7309644670050761,19.045840000000176,27.828259921270625,0.016678817832853583,9.43576388888889,43.0,61.0,183.0,0.8784722222222222,0.23634024252679073,377,728,0,351,424,728,0.6319444444444444
Greedy,,219,volatile,coordinated,-171.24500000000046,0.3463414634146341,0.6536585365853659,19.295840000000187,27.502366090802504,0.019046817072825697,9.035590277777779,42.0,60.0,181.0,0.9027777777777778,0.31266937669376693,382,736,0,354,416,736,0.6388888888888888
Greedy,,220,volatile,coordinated,-201.32000000000033,0.3127962085308057,0.6872037914691943,19.245840000000186,27.96253468956628,0.03012973156946764,8.97482638888889,42.0,57.0,183.0,0.8854166666666666,0.27695497630331756,381,732,0,351,420,732,0.6354166666666666
Greedy,,221,volatile,coordinated,-224.54066666666733,0.30303030303030304,0.696969696969697,19.695840000000207,27.87188910352081,0.01322251520845795,7.983506944444445,39.0,51.0,189.0,0.8787615740740742,0.2662913860830528,390,756,0,366,396,756,0.65625
Greedy,,222,volatile,coordinated,-178.03700000000038,0.3360995850622407,0.6639004149377593,19.14584000000018,27.42557524730638,0.01699892284887263,9.180555555555555,42.0,56.0,186.0,0.8940972222222222,0.3005057053941909,379,732,0,353,420,732,0.6354166666666666
Greedy,,223,volatile,coordinated,-228.76499999999936,0.2760416666666667,0.7239583333333333,19.34584000000019,27.78823108417696,0.029668434622776966,9.139756944444445,42.0,61.0,183.0,0.8559027777777778,0.23626482928240744,383,730,0,347,422,730,0.6336805555555556
Greedy,,224,volatile,coordinated,-174.7350000000004,0.34183673469387754,0.6581632653061225,19.39584000000019,28.08723978600349,0.021313914938783485,8.816840277777779,41.0,59.0,188.0,0.9097222222222222,0.3109764739229025,384,733,0,349,419,733,0.6362847222222222
Greedy,,225,volatile,coordinated,-260.29733333333263,0.25821596244131456,0.7417840375586855,19.645840000000206,27.77582209554403,0.0198357802996191,8.160590277777779,39.450000000000045,55.0,190.0,0.8521412037037037,0.22003646105025215,389,745,0,356,407,745,0.6467013888888888
Greedy,,226,volatile,coordinated,-189.49000000000024,0.3333333333333333,0.6666666666666667,19.4958400000002,27.863677478080206,0.01608722649300224,8.830729166666666,41.0,59.0,185.0,0.8845486111111112,0.29484953703703703,386,738,0,352,414,738,0.640625
Greedy,,227,volatile,coordinated,-193.48000000000022,0.32620320855614976,0.6737967914438503,19.4958400000002,27.470396163705733,0.031238347973406657,8.668402777777779,41.0,56.0,190.0,0.9027777777777778,0.29448900772430187,386,737,0,351,415,737,0.6397569444444444
Greedy,,228,volatile,coordinated,-322.93599999999884,0.16161616161616163,0.8383838383838383,19.295840000000187,27.692085219615866,0.024319454554515993,9.039930555555555,42.0,57.0,181.0,0.7890625,0.12752525252525254,382,735,0,353,417,735,0.6380208333333334
Greedy,,229,volatile,coordinated,-271.2190000000001,0.2596899224806202,0.7403100775193798,19.04584000000018,27.916316505075454,0.02436901407006833,9.2578125,43.0,58.0,187.0,0.8194444444444444,0.21280146425495264,377,728,0,351,424,728,0.6319444444444444
Greedy,,230,volatile,coordinated,-230.77266666666708,0.2857142857142857,0.7142857142857143,19.345840000000187,27.74166292968646,0.019754878327826915,8.702256944444445,41.0,59.0,186.0,0.8466435185185186,0.24189814814814817,383,738,0,355,414,738,0.640625
Published IQL,101.0,211,volatile,coordinated,-44.10266666666671,0.3850574712643678,0.6149425287356323,13.045840000000036,27.58635165301026,0.032030484767830165,8.780381944444445,36.0,61.0,58.0,0.9195601851851851,0.35408351958280115,257,305,0,48,847,305,0.2647569444444444
Published IQL,101.0,212,volatile,coordinated,2.8176666666667094,0.4380165289256198,0.5619834710743802,14.495840000000094,27.919764761552692,0.018076218524625987,8.288194444444445,36.0,56.0,70.0,0.9076967592592593,0.3975861838077747,286,352,0,66,800,352,0.3055555555555556
Published IQL,101.0,213,volatile,coordinated,14.97200000000003,0.47058823529411764,0.5294117647058824,14.29584000000008,27.724887803272157,0.019695403758341605,8.003472222222221,35.0,60.0,77.0,0.9253472222222222,0.4354575163398693,282,360,0,78,792,360,0.3125
Published IQL,101.0,214,volatile,coordinated,-13.156666666666712,0.4189189189189189,0.5810810810810811,14.745840000000108,27.94823480825298,0.028556564340511917,9.09201388888889,40.0,66.0,86.0,0.8831018518518519,0.3699480730730731,291,403,0,112,749,403,0.3498263888888889
Published IQL,101.0,215,volatile,coordinated,23.153333333333357,0.4414715719063545,0.5585284280936456,14.845840000000061,27.457604887378945,0.028574636628302393,8.902777777777779,40.0,63.0,83.0,0.8926504629629631,0.3940798030471944,293,379,0,86,773,379,0.3289930555555556
Published IQL,101.0,216,volatile,coordinated,64.55399999999999,0.5042372881355932,0.4957627118644068,14.545840000000085,27.32361408507136,0.020154002182595544,9.305555555555555,39.0,56.0,74.0,0.9392361111111112,0.4735978695856874,287,369,0,82,783,369,0.3203125
Published IQL,101.0,217,volatile,coordinated,-57.111000000000054,0.37681159420289856,0.6231884057971014,15.445840000000086,28.049193411107996,0.012785824389334498,9.286458333333334,42.0,66.0,84.0,0.8281250000000001,0.3120471014492754,305,387,0,82,765,387,0.3359375
Published IQL,101.0,218,volatile,coordinated,44.796000000000014,0.49746192893401014,0.5025380710659899,14.84584000000008,27.828259921270625,0.017598656600221453,8.9453125,37.0,63.0,61.0,0.9314236111111112,0.4633477862380147,293,344,0,51,808,344,0.2986111111111111
Published IQL,101.0,219,volatile,coordinated,-18.411333333333335,0.4292682926829268,0.5707317073170732,14.84584000000008,27.502366090802504,0.022040172994984508,9.581597222222221,39.450000000000045,60.0,73.0,0.9094328703703702,0.3903906955736223,293,355,0,62,797,355,0.3081597222222222
Published IQL,101.0,220,volatile,coordinated,23.76766666666666,0.4786729857819905,0.5213270142180095,15.195840000000135,27.96253468956628,0.04209698301871406,8.543402777777779,37.0,59.0,80.0,0.9380787037037036,0.449032934000351,300,377,0,77,775,377,0.3272569444444444
Published IQL,101.0,221,volatile,coordinated,-31.22633333333333,0.39826839826839827,0.6017316017316017,14.295840000000135,27.87188910352081,0.020314084522758288,7.774305555555555,31.450000000000045,62.0,61.0,0.9163773148148147,0.364964125380792,282,344,0,62,808,344,0.2986111111111111
Published IQL,101.0,222,volatile,coordinated,62.475333333333296,0.4979253112033195,0.5020746887966805,15.04584000000005,27.42557524730638,0.03066177721285928,10.580729166666666,42.450000000000045,60.0,65.0,0.9195601851851853,0.45787229137851554,297,354,0,57,798,354,0.3072916666666667
Published IQL,101.0,223,volatile,coordinated,-8.50599999999998,0.421875,0.578125,14.095840000000093,27.78823108417696,0.011898417133016412,7.998263888888889,35.0,63.0,60.0,0.921875,0.388916015625,278,325,0,47,827,325,0.2821180555555556
Published IQL,101.0,224,volatile,coordinated,46.48200000000003,0.5102040816326531,0.4897959183673469,14.745840000000106,28.08723978600349,0.021253347100020328,8.908854166666666,38.0,66.0,74.0,0.9505208333333334,0.48495960884353745,291,363,0,72,789,363,0.3151041666666667
Published IQL,101.0,225,volatile,coordinated,-63.352666666666615,0.3755868544600939,0.6244131455399061,14.545840000000084,27.77582209554403,0.023954182349726093,6.888888888888889,29.0,53.0,76.0,0.8961226851851851,0.33657190053903663,287,361,0,74,791,361,0.3133680555555556
Published IQL,101.0,226,volatile,coordinated,-20.66999999999999,0.43103448275862066,0.5689655172413793,12.895840000000002,27.863677478080206,0.019440842811632046,9.286458333333334,39.0,59.0,64.0,0.9001736111111112,0.38800586685823757,254,289,0,35,863,289,0.2508680555555556
Published IQL,101.0,227,volatile,coordinated,-16.40366666666668,0.43315508021390375,0.5668449197860963,14.245840000000108,27.470396163705733,0.040635435381080554,7.300347222222222,30.0,53.0,73.0,0.9291087962962963,0.4024481951871658,281,342,0,61,810,342,0.296875
Published IQL,101.0,228,volatile,coordinated,-100.75966666666658,0.30303030303030304,0.696969696969697,13.245840000000062,27.692085219615866,0.027201086867474092,9.52951388888889,39.0,61.0,51.0,0.8431712962962963,0.2555064534231201,261,293,0,32,859,293,0.2543402777777778
Published IQL,101.0,229,volatile,coordinated,-24.34533333333338,0.40310077519379844,0.5968992248062015,14.945840000000132,27.916316505075454,0.02165402471499769,9.09982638888889,40.0,62.0,65.0,0.8833912037037037,0.3560956790123457,295,350,0,55,802,350,0.3038194444444444
Published IQL,101.0,230,volatile,coordinated,26.592999999999993,0.4642857142857143,0.5357142857142857,13.195840000000063,27.74166292968646,0.03585462881648695,7.572048611111111,30.0,47.0,58.0,0.9409722222222222,0.43687996031746035,260,313,0,53,839,313,0.2717013888888889
Published IQL,102.0,211,volatile,coordinated,-83.36033333333337,0.3505747126436782,0.6494252873563218,16.995840000000122,27.58635165301026,0.027015603289451268,9.651041666666666,40.0,57.0,59.0,0.8964120370370369,0.3142593922945934,336,406,0,70,746,406,0.3524305555555556
Published IQL,102.0,212,volatile,coordinated,-58.94666666666666,0.40082644628099173,0.5991735537190083,15.995840000000081,27.919764761552692,0.018076218524625993,8.586805555555555,37.0,54.0,104.0,0.8822337962962963,0.3536226373584328,316,408,0,92,744,408,0.3541666666666667
Published IQL,102.0,213,volatile,coordinated,-22.72100000000001,0.4215686274509804,0.5784313725490196,16.29584000000009,27.724887803272157,0.02381238821348918,10.390625,45.0,65.0,70.0,0.9244791666666666,0.38973141339869277,322,394,0,72,758,394,0.3420138888888889
Published IQL,102.0,214,volatile,coordinated,-51.62266666666665,0.3918918918918919,0.6081081081081081,16.345840000000102,27.94823480825298,0.025933778055387623,10.72482638888889,44.0,59.0,91.0,0.8761574074074074,0.343358983983984,323,444,0,121,708,444,0.3854166666666667
Published IQL,102.0,215,volatile,coordinated,-9.062000000000033,0.42474916387959866,0.5752508361204014,16.4458400000001,27.457604887378945,0.02643377223499725,9.17795138888889,40.0,61.0,92.0,0.8810763888888888,0.37423645949461165,325,445,0,120,707,445,0.3862847222222222
Published IQL,102.0,216,volatile,coordinated,-5.997333333333374,0.4364406779661017,0.5635593220338984,16.295840000000123,27.32361408507136,0.02876581492143331,11.09548611111111,45.0,62.0,83.0,0.9224537037037037,0.40259631983678595,322,402,0,80,750,402,0.3489583333333333
Published IQL,102.0,217,volatile,coordinated,-112.28899999999992,0.34782608695652173,0.6521739130434783,16.595840000000102,28.049193411107996,0.009052154123268194,9.952256944444445,44.0,66.0,97.0,0.8012152777777778,0.27868357487922707,328,439,0,111,713,439,0.3810763888888889
Published IQL,102.0,218,volatile,coordinated,-49.25266666666667,0.39086294416243655,0.6091370558375635,16.845840000000113,27.828259921270625,0.03264684502687674,11.550347222222221,47.450000000000045,65.0,63.0,0.894386574074074,0.3495825695619477,333,405,0,72,747,405,0.3515625
Published IQL,102.0,219,volatile,coordinated,-67.56699999999998,0.375609756097561,0.624390243902439,17.59584000000013,27.502366090802504,0.013165727999552122,10.567708333333334,43.0,65.0,84.0,0.921875,0.346265243902439,348,432,0,84,720,432,0.375
Published IQL,102.0,220,volatile,coordinated,-56.22266666666666,0.4075829383886256,0.5924170616113744,16.69584000000014,27.96253468956628,0.022169268469914582,8.61111111111111,38.0,55.0,101.0,0.8969907407407409,0.36559812181850104,330,428,0,98,724,428,0.3715277777777778
Published IQL,102.0,221,volatile,coordinated,-66.12333333333333,0.36796536796536794,0.6320346320346321,16.49584000000013,27.87188910352081,0.025682589175707107,10.505208333333334,45.0,64.0,56.0,0.8972800925925927,0.3301679994388328,326,388,0,62,764,388,0.3368055555555556
Published IQL,102.0,222,volatile,coordinated,-7.718000000000008,0.42738589211618255,0.5726141078838174,17.345840000000127,27.42557524730638,0.03381186781009816,12.49826388888889,47.0,60.0,63.0,0.9053819444444444,0.3869474700322729,343,409,0,66,743,409,0.3550347222222222
Published IQL,102.0,223,volatile,coordinated,-97.57333333333331,0.3229166666666667,0.6770833333333333,15.695840000000095,27.78823108417696,0.01832476166374717,9.22482638888889,41.0,62.0,68.0,0.8825231481481483,0.28498143325617287,310,384,0,74,768,384,0.3333333333333333
Published IQL,102.0,224,volatile,coordinated,15.044666666666654,0.4897959183673469,0.5102040816326531,16.495840000000126,28.08723978600349,0.029744914598683926,9.249131944444445,40.0,67.0,93.0,0.9415509259259258,0.4611678004535147,326,413,0,87,739,413,0.3585069444444444
Published IQL,102.0,225,volatile,coordinated,-109.21766666666663,0.3333333333333333,0.6666666666666667,16.395840000000103,27.77582209554403,0.01976910025209132,7.853298611111111,35.450000000000045,52.0,87.0,0.8857060185185186,0.29523533950617287,324,409,0,85,743,409,0.3550347222222222
Published IQL,102.0,226,volatile,coordinated,-86.19899999999994,0.3505747126436782,0.6494252873563218,16.99584000000012,27.863677478080206,0.02256736226577035,9.941840277777779,41.0,59.0,66.0,0.8862847222222222,0.31070901181353766,336,397,0,61,755,397,0.3446180555555556
Published IQL,102.0,227,volatile,coordinated,-50.29666666666667,0.40106951871657753,0.5989304812834224,16.145840000000113,27.470396163705733,0.024629089484891106,9.051215277777779,39.0,56.0,80.0,0.9212962962962963,0.36950386215092096,319,394,0,75,758,394,0.3420138888888889
Published IQL,102.0,228,volatile,coordinated,-126.84899999999989,0.2828282828282828,0.7171717171717171,16.89584000000011,27.692085219615866,0.027418956682290916,11.457465277777779,45.0,62.0,47.0,0.8298611111111112,0.23470819304152638,334,375,0,41,777,375,0.3255208333333333
Published IQL,102.0,229,volatile,coordinated,-97.71533333333328,0.3488372093023256,0.6511627906976745,16.245840000000126,27.916316505075454,0.017965752546883734,10.45486111111111,46.0,64.0,83.0,0.849537037037037,0.2963501291989664,321,392,0,71,760,392,0.3402777777777778
Published IQL,102.0,230,volatile,coordinated,-73.81599999999997,0.3520408163265306,0.6479591836734694,16.2458400000001,27.74166292968646,0.029063139780377598,11.934895833333334,48.0,68.0,45.0,0.875,0.3080357142857143,321,376,0,55,776,376,0.3263888888888889
Published IQL,103.0,211,volatile,coordinated,-13.295333333333337,0.43103448275862066,0.5689655172413793,13.695840000000054,27.58635165301026,0.024690682153753384,7.752604166666667,32.450000000000045,53.0,59.0,0.9320023148148147,0.4017251356960408,270,319,0,49,833,319,0.2769097222222222
Published IQL,103.0,212,volatile,coordinated,0.31433333333327473,0.45041322314049587,0.5495867768595042,15.095840000000091,27.919764761552692,0.014479106740575235,7.53125,31.0,48.0,87.0,0.8995949074074073,0.4051894417661463,298,382,0,84,770,382,0.3315972222222222
Published IQL,103.0,213,volatile,coordinated,-4.270999999999987,0.45098039215686275,0.5490196078431373,14.795840000000076,27.724887803272157,0.02682779283889838,8.848090277777779,38.0,60.0,82.0,0.921875,0.41574754901960786,292,368,0,76,784,368,0.3194444444444444
Published IQL,103.0,214,volatile,coordinated,-21.772333333333314,0.4155405405405405,0.5844594594594594,15.345840000000107,27.94823480825298,0.02244456540387246,8.893229166666666,39.450000000000045,67.0,97.0,0.8929398148148147,0.37105269331831825,303,430,0,127,722,430,0.3732638888888889
Published IQL,103.0,215,volatile,coordinated,28.587666666666685,0.44816053511705684,0.5518394648829432,15.69584000000007,27.457604887378945,0.0264337722349972,8.105902777777779,37.0,61.0,88.0,0.9042245370370369,0.40523775238449145,310,412,0,102,740,412,0.3576388888888889
Published IQL,103.0,216,volatile,coordinated,60.28533333333334,0.5084745762711864,0.4915254237288136,15.445840000000105,27.32361408507136,0.023239151849623767,9.311631944444445,39.0,56.0,83.0,0.9369212962962964,0.47640065913371,305,395,0,90,757,395,0.3428819444444444
Published IQL,103.0,217,volatile,coordinated,-40.891999999999996,0.39710144927536234,0.6028985507246376,16.245840000000108,28.049193411107996,0.019895180408188596,7.960069444444445,36.0,59.0,103.0,0.8402777777777778,0.3336755233494364,321,424,0,103,728,424,0.3680555555555556
Published IQL,103.0,218,volatile,coordinated,40.311,0.49238578680203043,0.5076142131979695,15.69584000000009,27.828259921270625,0.03197332124588465,8.661458333333334,36.0,60.0,64.0,0.9375,0.46161167512690354,310,359,0,49,793,359,0.3116319444444444
Published IQL,103.0,219,volatile,coordinated,33.57299999999997,0.4926829268292683,0.5073170731707317,14.995840000000078,27.502366090802504,0.023206106846593147,8.302083333333334,37.450000000000045,62.0,74.0,0.9366319444444444,0.4614625677506775,296,378,0,82,774,378,0.328125
Published IQL,103.0,220,volatile,coordinated,3.3896666666666704,0.4597156398104265,0.5402843601895735,15.845840000000132,27.96253468956628,0.024330941827152376,7.826388888888889,34.450000000000045,72.0,92.0,0.9398148148148149,0.4320475688959101,313,396,0,83,756,396,0.34375
Published IQL,103.0,221,volatile,coordinated,-38.36166666666666,0.3939393939393939,0.6060606060606061,15.04584000000011,27.87188910352081,0.01194271523987983,7.377604166666667,33.0,57.0,69.0,0.9204282407407407,0.36259294332210995,297,356,0,59,796,356,0.3090277777777778
Published IQL,103.0,222,volatile,coordinated,70.06833333333336,0.5103734439834025,0.48962655601659755,14.945840000000034,27.42557524730638,0.024740820350124614,8.616319444444445,37.0,55.0,86.0,0.9403935185185186,0.4799518787459659,295,360,0,65,792,360,0.3125
Published IQL,103.0,223,volatile,coordinated,0.592000000000005,0.4427083333333333,0.5572916666666667,14.39584000000011,27.78823108417696,0.03301701539071454,6.817708333333333,28.450000000000045,51.0,72.0,0.9244791666666666,0.40927463107638884,284,334,0,50,818,334,0.2899305555555556
Published IQL,103.0,224,volatile,coordinated,54.28233333333334,0.5204081632653061,0.47959183673469385,14.795840000000105,28.08723978600349,0.02139370674124905,8.190104166666666,36.0,59.0,78.0,0.9594907407407409,0.499326814058957,292,368,0,76,784,368,0.3194444444444444
Published IQL,103.0,225,volatile,coordinated,-39.14266666666662,0.40375586854460094,0.596244131455399,15.345840000000095,27.77582209554403,0.023087935220422653,6.566840277777778,29.0,46.0,78.0,0.9160879629629631,0.3698758911493654,303,380,0,77,772,380,0.3298611111111111
Published IQL,103.0,226,volatile,coordinated,-19.205000000000016,0.4367816091954023,0.5632183908045977,13.345840000000038,27.863677478080206,0.03194084281163203,9.114583333333334,39.450000000000045,59.0,68.0,0.9071180555555556,0.3962124840357599,263,311,0,48,841,311,0.2699652777777778
Published IQL,103.0,227,volatile,coordinated,8.452666666666655,0.46524064171123,0.53475935828877,14.2958400000001,27.470396163705733,0.03607954540637847,6.75,30.0,54.0,75.0,0.9476273148148147,0.44087474004753413,282,353,0,71,799,353,0.3064236111111111
Published IQL,103.0,228,volatile,coordinated,-69.31566666666656,0.3484848484848485,0.6515151515151515,13.74584000000007,27.692085219615866,0.030537806075388717,7.196180555555555,30.0,49.0,58.0,0.8570601851851851,0.2986724887766554,271,324,0,53,828,324,0.28125
Published IQL,103.0,229,volatile,coordinated,-6.673666666666659,0.43410852713178294,0.5658914728682171,15.445840000000143,27.916316505075454,0.028616883127200538,6.1015625,24.0,45.0,92.0,0.8943865740740742,0.3882608383577376,305,383,0,78,769,383,0.3324652777777778
Published IQL,103.0,230,volatile,coordinated,9.961999999999993,0.4489795918367347,0.5510204081632653,13.295840000000053,27.74166292968646,0.030463495597098367,7.1015625,28.0,51.0,65.0,0.9383680555555556,0.42130810657596374,262,337,0,75,815,337,0.2925347222222222
Published VDN,101.0,211,volatile,coordinated,-38.38999999999997,0.40229885057471265,0.5977011494252873,14.345840000000072,27.58635165301026,0.032030484767830186,7.979166666666667,34.0,58.0,66.0,0.9262152777777778,0.3726153416347382,283,341,0,58,811,341,0.2960069444444444
Published VDN,101.0,212,volatile,coordinated,-13.511000000000001,0.43388429752066116,0.5661157024793388,15.695840000000086,27.919764761552692,0.01807621852462598,8.430555555555555,37.0,55.0,84.0,0.8984375,0.389817923553719,310,382,0,72,770,382,0.3315972222222222
Published VDN,101.0,213,volatile,coordinated,-1.3809999999999918,0.46078431372549017,0.5392156862745099,15.245840000000072,27.724887803272157,0.018275542529764724,7.677083333333333,34.0,58.0,90.0,0.9253472222222222,0.4263854847494553,301,392,0,91,760,392,0.3402777777777778
Published VDN,101.0,214,volatile,coordinated,-34.7743333333334,0.40878378378378377,0.5912162162162162,15.395840000000097,27.94823480825298,0.034637438975295434,9.546875,43.0,70.0,105.0,0.8912037037037036,0.3643096221221221,304,439,0,135,713,439,0.3810763888888889
Published VDN,101.0,215,volatile,coordinated,16.71366666666668,0.4414715719063545,0.5585284280936456,15.84584000000007,27.457604887378945,0.019854496466615884,8.744791666666666,40.0,63.0,91.0,0.8946759259259258,0.39497398736529166,313,411,0,98,741,411,0.3567708333333333
Published VDN,101.0,216,volatile,coordinated,63.349666666666664,0.5127118644067796,0.4872881355932204,15.795840000000098,27.32361408507136,0.0248049567800596,9.473958333333334,40.0,56.0,85.0,0.9450231481481483,0.48452458019460143,312,411,0,99,741,411,0.3567708333333333
Published VDN,101.0,217,volatile,coordinated,-68.04666666666671,0.3826086956521739,0.6173913043478261,16.5458400000001,28.049193411107996,0.030069913644376358,8.38454861111111,39.0,58.0,107.0,0.8206018518518517,0.3139694041867955,327,439,0,112,713,439,0.3810763888888889
Published VDN,101.0,218,volatile,coordinated,34.306666666666686,0.49746192893401014,0.5025380710659899,15.845840000000083,27.828259921270625,0.030690918266134723,8.109375,35.0,64.0,78.0,0.9320023148148147,0.4636356692987403,313,375,0,62,777,375,0.3255208333333333
Published VDN,101.0,219,volatile,coordinated,-2.4003333333333727,0.4585365853658537,0.5414634146341464,15.645840000000078,27.502366090802504,0.028417528529647313,8.93923611111111,39.0,63.0,87.0,0.9241898148148147,0.42377484191508574,309,385,0,76,767,385,0.3342013888888889
Published VDN,101.0,220,volatile,coordinated,-36.79233333333329,0.41706161137440756,0.5829383886255924,15.995840000000126,27.96253468956628,0.024330941827152397,7.368055555555555,33.0,55.0,96.0,0.9189814814814814,0.3832718974899069,316,406,0,90,746,406,0.3524305555555556
Published VDN,101.0,221,volatile,coordinated,-45.88399999999999,0.38961038961038963,0.6103896103896104,15.445840000000116,27.87188910352081,0.014408357494696978,6.262152777777778,27.0,49.0,80.0,0.9288194444444444,0.36187770562770566,305,378,0,73,774,378,0.328125
Published VDN,101.0,222,volatile,coordinated,46.861,0.4979253112033195,0.5020746887966805,15.695840000000038,27.42557524730638,0.02571996841044142,9.433159722222221,39.450000000000045,55.0,97.0,0.9262152777777778,0.46118603042876904,310,382,0,72,770,382,0.3315972222222222
Published VDN,101.0,223,volatile,coordinated,-20.284666666666663,0.4166666666666667,0.5833333333333333,15.245840000000095,27.78823108417696,0.022703847856002976,6.350694444444445,27.0,50.0,74.0,0.9247685185185186,0.38532021604938277,301,364,0,63,788,364,0.3159722222222222
Published VDN,101.0,224,volatile,coordinated,23.00666666666667,0.4846938775510204,0.5153061224489797,14.995840000000095,28.08723978600349,0.021458806145987032,8.631944444444445,37.0,62.0,85.0,0.9545717592592593,0.46267508739606955,296,382,0,86,770,382,0.3315972222222222
Published VDN,101.0,225,volatile,coordinated,-65.35566666666668,0.38497652582159625,0.6150234741784038,15.695840000000098,27.77582209554403,0.0297271949597826,6.809027777777778,30.0,51.0,90.0,0.8995949074074073,0.34632292210050425,310,392,0,82,760,392,0.3402777777777778
Published VDN,101.0,226,volatile,coordinated,-35.52699999999998,0.41954022988505746,0.5804597701149425,13.695840000000048,27.863677478080206,0.019440842811632057,8.375868055555555,37.0,56.0,76.0,0.9045138888888888,0.37947996487867175,270,330,0,60,822,330,0.2864583333333333
Published VDN,101.0,227,volatile,coordinated,-34.611333333333334,0.41711229946524064,0.5828877005347594,14.795840000000103,27.470396163705733,0.026115378198239746,6.999131944444445,30.0,50.0,82.0,0.9250578703703702,0.3858530154486036,292,366,0,74,786,366,0.3177083333333333
Published VDN,101.0,228,volatile,coordinated,-94.49133333333344,0.32323232323232326,0.6767676767676767,14.34584000000009,27.692085219615866,0.03429934716477406,7.335069444444445,31.0,53.0,67.0,0.849537037037037,0.27459783015338574,283,333,0,50,819,333,0.2890625
Published VDN,101.0,229,volatile,coordinated,-31.958666666666677,0.4069767441860465,0.5930232558139534,15.89584000000012,27.916316505075454,0.02187341080993171,7.157986111111111,30.0,60.0,86.0,0.8865740740740741,0.3608150301464255,314,387,0,73,765,387,0.3359375
Published VDN,101.0,230,volatile,coordinated,15.750000000000016,0.4642857142857143,0.5357142857142857,14.245840000000086,27.74166292968646,0.026327069815164646,7.261284722222222,30.0,52.0,69.0,0.9340277777777778,0.433655753968254,281,350,0,69,802,350,0.3038194444444444
Published VDN,102.0,211,volatile,coordinated,-48.336,0.39655172413793105,0.603448275862069,14.995840000000078,27.58635165301026,0.018108405812561484,8.322916666666666,36.450000000000045,53.0,65.0,0.9079861111111112,0.3600634578544062,296,354,0,58,798,354,0.3072916666666667
Published VDN,102.0,212,volatile,coordinated,6.835333333333352,0.45867768595041325,0.5413223140495868,15.59584000000009,27.919764761552692,0.018076218524625987,7.954861111111111,34.450000000000045,58.0,85.0,0.8952546296296295,0.41063332185491275,308,380,0,72,772,380,0.3298611111111111
Published VDN,102.0,213,volatile,coordinated,-15.504333333333314,0.4411764705882353,0.5588235294117647,15.145840000000078,27.724887803272157,0.020455022057655724,8.57638888888889,38.0,61.0,84.0,0.913773148148148,0.4031352124183006,299,380,0,81,772,380,0.3298611111111111
Published VDN,102.0,214,volatile,coordinated,-6.4783333333333495,0.42905405405405406,0.5709459459459459,15.495840000000102,27.94823480825298,0.025933778055387574,8.940104166666666,39.0,61.0,90.0,0.880787037037037,0.37790524899899897,306,416,0,110,736,416,0.3611111111111111
Published VDN,102.0,215,volatile,coordinated,3.9393333333333045,0.4280936454849498,0.5719063545150502,15.545840000000073,27.457604887378945,0.026433772234997224,8.4296875,40.0,62.0,83.0,0.8796296296296297,0.3765638548247244,307,399,0,92,753,399,0.3463541666666667
Published VDN,102.0,216,volatile,coordinated,88.87766666666666,0.5423728813559322,0.4576271186440678,15.795840000000098,27.32361408507136,0.027209452576697702,8.788194444444445,39.0,56.0,87.0,0.9406828703703705,0.5102008788449467,312,386,0,74,766,386,0.3350694444444444
Published VDN,102.0,217,volatile,coordinated,-54.662666666666574,0.3855072463768116,0.6144927536231883,16.245840000000097,28.049193411107996,0.02019105796212956,8.983506944444445,41.450000000000045,62.0,91.0,0.8188657407407407,0.31567867686527107,321,409,0,88,743,409,0.3550347222222222
Published VDN,102.0,218,volatile,coordinated,-3.0176666666666687,0.4517766497461929,0.5482233502538071,15.795840000000084,27.828259921270625,0.030690918266134723,8.253472222222221,37.0,61.0,81.0,0.9169560185185185,0.4142593180109043,312,373,0,61,779,373,0.3237847222222222
Published VDN,102.0,219,volatile,coordinated,-6.327333333333315,0.44878048780487806,0.551219512195122,15.845840000000079,27.502366090802504,0.02064595958103045,9.210069444444445,39.450000000000045,61.0,76.0,0.9172453703703702,0.4116418247515808,313,386,0,73,766,386,0.3350694444444444
Published VDN,102.0,220,volatile,coordinated,-9.01399999999995,0.4597156398104265,0.5402843601895735,15.945840000000118,27.96253468956628,0.021458760402475418,7.329861111111111,34.0,53.0,101.0,0.9079861111111112,0.41741541600842547,315,387,0,72,765,387,0.3359375
Published VDN,102.0,221,volatile,coordinated,-54.002666666666656,0.38095238095238093,0.6190476190476191,15.89584000000011,27.87188910352081,0.017311219892828637,8.72482638888889,39.0,64.0,66.0,0.906539351851852,0.3453483245149912,314,368,0,54,784,368,0.3194444444444444
Published VDN,102.0,222,volatile,coordinated,58.805333333333316,0.5020746887966805,0.4979253112033195,15.695840000000059,27.42557524730638,0.028522471338472914,9.288194444444445,40.0,55.0,79.0,0.9212962962962964,0.46255955125249737,310,375,0,65,777,375,0.3255208333333333
Published VDN,102.0,223,volatile,coordinated,-61.886333333333326,0.3697916666666667,0.6302083333333333,15.195840000000087,27.78823108417696,0.03536221374608631,6.526909722222222,30.450000000000045,52.0,78.0,0.8955439814814815,0.33116470148533955,300,359,0,59,793,359,0.3116319444444444
Published VDN,102.0,224,volatile,coordinated,27.136999999999993,0.4897959183673469,0.5102040816326531,15.7458400000001,28.08723978600349,0.021458806145987035,8.785590277777779,39.0,62.0,80.0,0.9479166666666666,0.46428571428571425,311,380,0,69,772,380,0.3298611111111111
Published VDN,102.0,225,volatile,coordinated,-89.21566666666651,0.352112676056338,0.647887323943662,15.495840000000086,27.77582209554403,0.029727194959782623,6.785590277777778,32.0,49.0,86.0,0.890914351851852,0.31370223656755347,306,381,0,75,771,381,0.3307291666666667
Published VDN,102.0,226,volatile,coordinated,-55.200333333333326,0.39080459770114945,0.6091954022988506,14.645840000000064,27.863677478080206,0.015123157202390205,8.628472222222221,38.450000000000045,59.0,71.0,0.8929398148148147,0.34896498510004254,289,341,0,52,811,341,0.2960069444444444
Published VDN,102.0,227,volatile,coordinated,-29.86666666666666,0.42245989304812837,0.5775401069518716,15.195840000000105,27.470396163705733,0.02032095024389194,7.552951388888889,35.0,54.0,82.0,0.9308449074074073,0.39324464002772824,300,364,0,64,788,364,0.3159722222222222
Published VDN,102.0,228,volatile,coordinated,-121.02899999999995,0.29292929292929293,0.7070707070707071,14.695840000000084,27.692085219615866,0.0340972354410067,7.688368055555555,34.0,54.0,63.0,0.8263888888888888,0.24207351290684623,290,338,0,48,814,338,0.2934027777777778
Published VDN,102.0,229,volatile,coordinated,-53.064666666666675,0.38372093023255816,0.6162790697674418,15.74584000000012,27.916316505075454,0.030748911768425133,8.977430555555555,41.0,62.0,77.0,0.8726851851851852,0.33486757105943155,311,373,0,62,779,373,0.3237847222222222
Published VDN,102.0,230,volatile,coordinated,-17.91299999999999,0.413265306122449,0.5867346938775511,14.745840000000102,27.74166292968646,0.024910444428347406,9.362847222222221,41.0,58.0,53.0,0.9123263888888888,0.3770328443877551,291,331,0,40,821,331,0.2873263888888889
Published VDN,103.0,211,volatile,coordinated,-4.025999999999984,0.4482758620689655,0.5517241379310345,13.895840000000035,27.58635165301026,0.018108405812561457,7.585069444444445,34.0,49.0,63.0,0.9340277777777778,0.4187021072796935,274,319,0,45,833,319,0.2769097222222222
Published VDN,103.0,212,volatile,coordinated,17.352333333333288,0.45867768595041325,0.5413223140495868,14.745840000000088,27.919764761552692,0.014479106740575239,7.589409722222222,32.0,52.0,70.0,0.8978587962962963,0.41182779499540867,291,361,0,70,791,361,0.3133680555555556
Published VDN,103.0,213,volatile,coordinated,3.166333333333348,0.45588235294117646,0.5441176470588236,14.595840000000061,27.724887803272157,0.02385037368868773,7.952256944444445,36.0,52.0,78.0,0.9186921296296295,0.4188155296840958,288,349,0,61,803,349,0.3029513888888889
Published VDN,103.0,214,volatile,coordinated,8.51966666666666,0.4391891891891892,0.5608108108108107,14.895840000000103,27.94823480825298,0.03730882517645262,9.1953125,42.0,74.0,93.0,0.8946759259259258,0.39293199449449445,294,395,0,101,757,395,0.3428819444444444
Published VDN,103.0,215,volatile,coordinated,41.97666666666668,0.45484949832775917,0.5451505016722409,15.145840000000057,27.457604887378945,0.02306040950189428,7.999131944444445,36.0,68.0,78.0,0.8972800925925924,0.40812739997522596,299,380,0,81,772,380,0.3298611111111111
Published VDN,103.0,216,volatile,coordinated,109.45599999999997,0.5635593220338984,0.43644067796610164,15.09584000000008,27.32361408507136,0.01687805581576271,9.319444444444445,39.0,59.0,87.0,0.9453125,0.5327396716101696,298,363,0,65,789,363,0.3151041666666667
Published VDN,103.0,217,volatile,coordinated,-30.03100000000001,0.4,0.6,15.695840000000087,28.049193411107996,0.019895180408188592,7.360243055555555,35.0,55.0,94.0,0.8402777777777778,0.33611111111111114,310,402,0,92,750,402,0.3489583333333333
Published VDN,103.0,218,volatile,coordinated,56.428333333333406,0.5177664974619289,0.48223350253807107,15.345840000000072,27.828259921270625,0.0231139396530563,7.318576388888889,33.0,54.0,70.0,0.9351851851851853,0.4842075578116188,303,351,0,48,801,351,0.3046875
Published VDN,103.0,219,volatile,coordinated,34.32933333333332,0.4926829268292683,0.5073170731707317,14.745840000000051,27.502366090802504,0.023662711607621033,8.668402777777779,38.450000000000045,63.0,76.0,0.933449074074074,0.4598944218608852,291,348,0,57,804,348,0.3020833333333333
Published VDN,103.0,220,volatile,coordinated,19.94266666666668,0.4834123222748815,0.5165876777251185,15.545840000000133,27.96253468956628,0.04189178464178788,6.566840277777778,30.0,59.0,89.0,0.9189814814814815,0.444246972090574,307,373,0,66,779,373,0.3237847222222222
Published VDN,103.0,221,volatile,coordinated,-2.582999999999968,0.4329004329004329,0.5670995670995671,14.845840000000093,27.87188910352081,0.017690966398145665,5.983506944444445,27.450000000000045,48.0,71.0,0.9305555555555556,0.40283790283790283,293,348,0,55,804,348,0.3020833333333333
Published VDN,103.0,222,volatile,coordinated,81.15166666666661,0.5186721991701245,0.4813278008298755,14.545840000000036,27.42557524730638,0.028522471338472903,8.261284722222221,36.0,51.0,79.0,0.9372106481481483,0.48610510796065787,287,349,0,62,803,349,0.3029513888888889
Published VDN,103.0,223,volatile,coordinated,18.827000000000023,0.4635416666666667,0.5364583333333333,14.295840000000096,27.78823108417696,0.029938127917278456,6.885416666666667,32.0,68.0,66.0,0.9270833333333334,0.42974175347222227,282,330,0,48,822,330,0.2864583333333333
Published VDN,103.0,224,volatile,coordinated,56.64833333333332,0.5255102040816326,0.4744897959183674,14.795840000000087,28.08723978600349,0.027555016818761987,7.319444444444445,33.0,48.0,83.0,0.9577546296296298,0.5033098308767953,292,359,0,67,793,359,0.3116319444444444
Published VDN,103.0,225,volatile,coordinated,-36.61500000000005,0.4084507042253521,0.5915492957746479,14.945840000000084,27.77582209554403,0.03047156669795245,6.481770833333333,29.450000000000045,50.0,80.0,0.9105902777777778,0.37193124021909235,295,365,0,70,787,365,0.3168402777777778
Published VDN,103.0,226,volatile,coordinated,-14.90966666666666,0.4367816091954023,0.5632183908045977,13.445840000000034,27.863677478080206,0.015123157202390158,8.408854166666666,38.0,59.0,67.0,0.9160879629629631,0.4001303746275012,265,307,0,42,845,307,0.2664930555555556
Published VDN,103.0,227,volatile,coordinated,7.180666666666671,0.45989304812834225,0.5401069518716577,14.29584000000006,27.470396163705733,0.020320950243891918,6.552951388888889,29.0,44.0,70.0,0.9424189814814814,0.4334119380075262,282,343,0,61,809,343,0.2977430555555556
Published VDN,103.0,228,volatile,coordinated,-69.68500000000002,0.35353535353535354,0.6464646464646464,13.795840000000053,27.692085219615866,0.03778655242084851,6.717013888888889,30.0,51.0,65.0,0.8506944444444444,0.3007505611672278,272,315,0,43,837,315,0.2734375
Published VDN,103.0,229,volatile,coordinated,39.512999999999984,0.4728682170542636,0.5271317829457365,15.245840000000134,27.916316505075454,0.023504331627964885,5.732638888888889,22.450000000000045,42.0,78.0,0.9019097222222222,0.42648444229112836,301,367,0,66,785,367,0.3185763888888889
Published VDN,103.0,230,volatile,coordinated,42.28666666666661,0.49489795918367346,0.5051020408163265,13.545840000000052,27.74166292968646,0.020822784723220227,6.225694444444445,26.0,48.0,64.0,0.9293981481481483,0.45995724678760397,267,318,0,51,834,318,0.2760416666666667
Published QMIX,101.0,211,volatile,coordinated,-93.03800000000008,0.3390804597701149,0.6609195402298851,14.545840000000075,27.58635165301026,0.02430210948898856,11.235243055555555,44.0,61.0,66.0,0.8854166666666666,0.3002274904214559,287,349,0,62,803,349,0.3029513888888889
Published QMIX,101.0,212,volatile,coordinated,-59.44733333333329,0.3884297520661157,0.6115702479338843,15.745840000000102,27.919764761552692,0.00989864547745353,10.733506944444445,44.450000000000045,64.0,77.0,0.8695023148148149,0.3377405685644322,311,383,0,72,769,383,0.3324652777777778
Published QMIX,101.0,213,volatile,coordinated,-38.400999999999996,0.3872549019607843,0.6127450980392157,14.695840000000084,27.724887803272157,0.027899730868890374,11.989583333333334,48.0,67.0,52.0,0.9131944444444444,0.3536390250544662,290,346,0,56,806,346,0.3003472222222222
Published QMIX,101.0,214,volatile,coordinated,-24.437666666666686,0.4189189189189189,0.5810810810810811,15.59584000000011,27.94823480825298,0.02699372093093788,10.591145833333334,43.0,63.0,96.0,0.8744212962962963,0.3663116241241241,308,424,0,116,728,424,0.3680555555555556
Published QMIX,101.0,215,volatile,coordinated,-19.779666666666646,0.4013377926421405,0.5986622073578596,15.945840000000095,27.457604887378945,0.028587822864208107,11.077256944444445,47.0,66.0,69.0,0.8726851851851851,0.3502415458937198,315,379,0,64,773,379,0.3289930555555556
Published QMIX,101.0,216,volatile,coordinated,64.36999999999996,0.5084745762711864,0.4915254237288136,15.395840000000133,27.32361408507136,0.017184721040489702,10.176215277777779,42.0,64.0,80.0,0.9461805555555556,0.4811087570621469,304,387,0,83,765,387,0.3359375
Published QMIX,101.0,217,volatile,coordinated,-134.64533333333338,0.3217391304347826,0.6782608695652175,15.8458400000001,28.049193411107996,0.015410195102549238,11.09201388888889,47.450000000000045,69.0,76.0,0.7879050925925927,0.25349989935587763,313,403,0,90,749,403,0.3498263888888889
Published QMIX,101.0,218,volatile,coordinated,-65.66799999999998,0.3604060913705584,0.6395939086294415,14.945840000000077,27.828259921270625,0.032646845026876786,12.344618055555555,50.0,65.0,55.0,0.8802083333333334,0.31723244500846026,295,350,0,55,802,350,0.3038194444444444
Published QMIX,101.0,219,volatile,coordinated,-11.689666666666675,0.44390243902439025,0.5560975609756098,15.595840000000111,27.502366090802504,0.018794999999999833,10.7265625,46.0,64.0,73.0,0.9082754629629629,0.4031856933152665,308,378,0,70,774,378,0.328125
Published QMIX,101.0,220,volatile,coordinated,-37.68666666666666,0.4075829383886256,0.5924170616113744,15.795840000000151,27.96253468956628,0.02019069206156096,10.894965277777779,46.0,65.0,70.0,0.8952546296296298,0.3648905125504652,312,369,0,57,783,369,0.3203125
Published QMIX,101.0,221,volatile,coordinated,-94.47633333333333,0.341991341991342,0.6580086580086579,15.045840000000128,27.87188910352081,0.01440835749469701,9.927083333333334,41.0,65.0,68.0,0.8799189814814815,0.3009246733205067,297,358,0,61,794,358,0.3107638888888889
Published QMIX,101.0,222,volatile,coordinated,-1.271666666666652,0.43568464730290457,0.5643153526970954,15.09584000000005,27.42557524730638,0.03164092527317609,11.703993055555555,47.0,67.0,79.0,0.9108796296296298,0.3968562701705856,298,361,0,63,791,361,0.3133680555555556
Published QMIX,101.0,223,volatile,coordinated,-77.48866666666666,0.34375,0.65625,14.99584000000011,27.78823108417696,0.021334858933479278,9.952256944444445,44.0,62.0,52.0,0.8683449074074074,0.2984935619212963,296,354,0,58,798,354,0.3072916666666667
Published QMIX,101.0,224,volatile,coordinated,-9.671999999999986,0.4387755102040816,0.5612244897959184,15.245840000000113,28.08723978600349,0.022636257225078803,10.426215277777779,44.0,62.0,74.0,0.9322916666666666,0.40906675170068024,301,365,0,64,787,365,0.3168402777777778
Published QMIX,101.0,225,volatile,coordinated,-104.78733333333321,0.3286384976525822,0.6713615023474178,15.795840000000139,27.77582209554403,0.03259050679056618,9.530381944444445,40.0,63.0,68.0,0.8747106481481481,0.2874635932881238,312,375,0,63,777,375,0.3255208333333333
Published QMIX,101.0,226,volatile,coordinated,-63.88000000000009,0.3735632183908046,0.6264367816091954,13.895840000000067,27.863677478080206,0.0111240002918659,11.909722222222221,47.0,66.0,63.0,0.8932291666666666,0.33367756226053635,274,328,0,54,824,328,0.2847222222222222
Published QMIX,101.0,227,volatile,coordinated,-44.598333333333336,0.39572192513368987,0.6042780748663101,15.395840000000124,27.470396163705733,0.031751603872058526,10.22048611111111,44.0,64.0,64.0,0.9163773148148147,0.36263059516735985,304,356,0,52,796,356,0.3090277777777778
Published QMIX,101.0,228,volatile,coordinated,-128.87500000000006,0.2828282828282828,0.7171717171717171,14.44584000000013,27.692085219615866,0.03326562794892958,10.546006944444445,42.450000000000045,63.0,54.0,0.8177083333333334,0.23127104377104377,285,335,0,50,817,335,0.2907986111111111
Published QMIX,101.0,229,volatile,coordinated,-67.8596666666667,0.3682170542635659,0.6317829457364341,15.495840000000147,27.916316505075454,0.024005439451156248,11.182291666666666,47.0,66.0,64.0,0.8501157407407407,0.31302711383864484,306,358,0,52,794,358,0.3107638888888889
Published QMIX,101.0,230,volatile,coordinated,-50.250999999999976,0.37755102040816324,0.6224489795918368,14.045840000000092,27.74166292968646,0.009298258646024786,11.416666666666666,46.0,69.0,51.0,0.8836805555555556,0.3336344954648526,277,316,0,39,836,316,0.2743055555555556
Published QMIX,102.0,211,volatile,coordinated,16.43000000000001,0.45977011494252873,0.5402298850574713,12.44584,27.58635165301026,0.019353203044179104,7.995659722222222,33.0,59.0,44.0,0.9357638888888888,0.4302362707535121,245,280,0,35,872,280,0.24305555555555555
Published QMIX,102.0,212,volatile,coordinated,40.66799999999997,0.47520661157024796,0.524793388429752,13.19584000000007,27.919764761552692,0.009898645477453472,7.763020833333333,33.450000000000045,56.0,66.0,0.90625,0.4306559917355372,260,310,0,50,842,310,0.2690972222222222
Published QMIX,102.0,213,volatile,coordinated,51.62533333333327,0.5,0.5,12.795840000000034,27.724887803272157,0.02824765406747521,7.309895833333333,32.450000000000045,53.0,62.0,0.9317129629629629,0.46585648148148145,252,304,0,52,848,304,0.2638888888888889
Published QMIX,102.0,214,volatile,coordinated,45.50133333333341,0.46283783783783783,0.5371621621621622,14.095840000000115,27.94823480825298,0.019852903420604032,9.47829861111111,40.0,61.0,70.0,0.8839699074074074,0.40913472065815815,278,349,0,71,803,349,0.3029513888888889
Published QMIX,102.0,215,volatile,coordinated,69.26833333333336,0.47491638795986624,0.5250836120401338,13.99584000000005,27.457604887378945,0.026209221716936983,7.559027777777778,34.0,52.0,70.0,0.8909143518518517,0.42310982596308677,276,342,0,66,810,342,0.296875
Published QMIX,102.0,216,volatile,coordinated,110.85966666666666,0.5508474576271186,0.4491525423728814,13.795840000000085,27.32361408507136,0.0265150982164566,9.31423611111111,37.0,62.0,67.0,0.9363425925925927,0.5157819365976146,272,318,0,46,834,318,0.2760416666666667
Published QMIX,102.0,217,volatile,coordinated,16.568666666666704,0.42318840579710143,0.5768115942028986,13.795840000000066,28.049193411107996,0.0127858243893345,8.585069444444445,39.450000000000045,58.0,65.0,0.833912037037037,0.3529019055287171,272,329,0,57,823,329,0.2855902777777778
Published QMIX,102.0,218,volatile,coordinated,69.90033333333332,0.5228426395939086,0.47715736040609136,13.295840000000025,27.828259921270625,0.019554583360963378,8.83420138888889,38.0,64.0,57.0,0.933449074074074,0.48804697781537876,262,295,0,33,857,295,0.2560763888888889
Published QMIX,102.0,219,volatile,coordinated,53.48300000000003,0.4975609756097561,0.5024390243902439,13.445840000000015,27.502366090802504,0.02173577605907943,8.875,38.0,61.0,52.0,0.9322916666666666,0.4638719512195122,265,305,0,40,847,305,0.2647569444444444
Published QMIX,102.0,220,volatile,coordinated,66.25699999999995,0.5165876777251185,0.4834123222748815,14.095840000000132,27.96253468956628,0.03127059919379002,6.623263888888889,28.0,54.0,68.0,0.9427083333333334,0.4869915086887836,278,327,0,49,825,327,0.2838541666666667
Published QMIX,102.0,221,volatile,coordinated,6.081666666666672,0.4329004329004329,0.5670995670995671,13.845840000000093,27.87188910352081,0.02031408452275829,7.482638888888889,32.0,60.0,46.0,0.9111689814814815,0.3944454465287799,273,314,0,41,838,314,0.2725694444444444
Published QMIX,102.0,222,volatile,coordinated,129.6116666666667,0.5601659751037344,0.43983402489626555,13.74584000000003,27.42557524730638,0.033780231147562366,9.116319444444445,38.0,54.0,60.0,0.9398148148148147,0.5264522821576763,271,307,0,36,845,307,0.2664930555555556
Published QMIX,102.0,223,volatile,coordinated,-2.696333333333285,0.421875,0.578125,12.945840000000048,27.78823108417696,0.01847311670258525,7.102430555555555,32.0,63.0,56.0,0.9215856481481483,0.38879394531250006,255,296,0,41,856,296,0.2569444444444444
Published QMIX,102.0,224,volatile,coordinated,94.06366666666672,0.5561224489795918,0.44387755102040816,13.795840000000062,28.08723978600349,0.02117691060120885,8.40798611111111,38.0,63.0,56.0,0.9580439814814814,0.5327897652116401,272,319,0,47,833,319,0.2769097222222222
Published QMIX,102.0,225,volatile,coordinated,-3.2956666666666807,0.4225352112676056,0.5774647887323944,13.095840000000033,27.77582209554403,0.02308793522042265,7.291666666666667,32.0,57.0,51.0,0.9186921296296298,0.38817977308294216,258,296,0,38,856,296,0.2569444444444444
Published QMIX,102.0,226,volatile,coordinated,12.04500000000002,0.45977011494252873,0.5402298850574713,12.595839999999997,27.863677478080206,0.019440842811632053,9.091145833333334,37.450000000000045,61.0,48.0,0.9210069444444444,0.4234514687100894,248,279,0,31,873,279,0.2421875
Published QMIX,102.0,227,volatile,coordinated,36.057666666666634,0.49732620320855614,0.5026737967914439,13.095840000000063,27.470396163705733,0.02802214058565964,6.392361111111111,27.0,44.0,65.0,0.9354745370370369,0.46523599970291135,258,306,0,48,846,306,0.265625
Published QMIX,102.0,228,volatile,coordinated,-68.95533333333336,0.3333333333333333,0.6666666666666667,12.195839999999992,27.692085219615866,0.03798866414461594,7.545138888888889,33.0,54.0,46.0,0.8582175925925927,0.28607253086419754,240,275,0,35,877,275,0.2387152777777778
Published QMIX,102.0,229,volatile,coordinated,35.83399999999994,0.4573643410852713,0.5426356589147288,13.745840000000113,27.916316505075454,0.030748911768425057,7.755208333333333,34.0,57.0,59.0,0.8932291666666666,0.408531169250646,271,311,0,40,841,311,0.2699652777777778
Published QMIX,102.0,230,volatile,coordinated,31.766000000000016,0.45408163265306123,0.5459183673469388,13.045840000000057,27.74166292968646,0.030463495597098416,8.87673611111111,37.0,53.0,39.0,0.9453125,0.4292490433673469,257,284,0,27,868,284,0.2465277777777778
Published QMIX,103.0,211,volatile,coordinated,16.120666666666658,0.45977011494252873,0.5402298850574713,11.595839999999958,27.58635165301026,0.01618661631085723,8.438368055555555,34.0,57.0,48.0,0.937210648148148,0.43090144742443587,228,262,0,34,890,262,0.22743055555555555
Published QMIX,103.0,212,volatile,coordinated,52.51666666666672,0.49173553719008267,0.5082644628099173,13.245840000000072,27.919764761552692,0.009898645477453463,6.974826388888889,29.0,47.0,69.0,0.9033564814814815,0.4442124846954393,261,317,0,56,835,317,0.2751736111111111
Published QMIX,103.0,213,volatile,coordinated,83.17399999999995,0.5441176470588235,0.4558823529411765,12.845840000000033,27.724887803272157,0.028247654067475224,8.105034722222221,35.0,60.0,66.0,0.9418402777777778,0.5124719158496732,253,304,0,51,848,304,0.2638888888888889
Published QMIX,103.0,214,volatile,coordinated,78.6656666666667,0.48986486486486486,0.5101351351351351,13.795840000000123,27.94823480825298,0.031148226323780323,9.02170138888889,39.0,67.0,79.0,0.913773148148148,0.44762535973473466,272,344,0,72,808,344,0.2986111111111111
Published QMIX,103.0,215,volatile,coordinated,57.76499999999994,0.46153846153846156,0.5384615384615384,13.795840000000057,27.457604887378945,0.026209221716936983,8.163194444444445,37.0,62.0,72.0,0.9036458333333334,0.4170673076923077,272,338,0,66,814,338,0.2934027777777778
Published QMIX,103.0,216,volatile,coordinated,135.602,0.576271186440678,0.423728813559322,13.54584000000009,27.32361408507136,0.02975004097892401,9.075520833333334,36.0,54.0,69.0,0.9513888888888888,0.5482580037664784,267,316,0,49,836,316,0.2743055555555556
Published QMIX,103.0,217,volatile,coordinated,9.623666666666638,0.4144927536231884,0.5855072463768116,13.995840000000083,28.049193411107996,0.012785824389334455,8.121527777777779,37.0,64.0,67.0,0.849537037037037,0.35212694578636605,276,334,0,58,818,334,0.2899305555555556
Published QMIX,103.0,218,volatile,coordinated,67.04300000000003,0.5177664974619289,0.48223350253807107,12.995840000000033,27.828259921270625,0.10705458336096332,9.229166666666666,38.0,59.0,55.0,0.9340277777777778,0.4836082910321489,256,295,0,39,857,295,0.2560763888888889
Published QMIX,103.0,219,volatile,coordinated,74.573,0.5317073170731708,0.46829268292682924,13.24584000000001,27.502366090802504,0.021735776059079427,8.64236111111111,37.0,64.0,64.0,0.9409722222222222,0.5003218157181571,261,307,0,46,845,307,0.2664930555555556
Published QMIX,103.0,220,volatile,coordinated,62.885333333333364,0.5165876777251185,0.4834123222748815,13.84584000000014,27.96253468956628,0.03207744009416161,8.081597222222221,34.0,73.0,66.0,0.9282407407407409,0.47951772862910313,273,315,0,42,837,315,0.2734375
Published QMIX,103.0,221,volatile,coordinated,20.520999999999994,0.4458874458874459,0.5541125541125541,13.245840000000088,27.87188910352081,0.02031408452275824,7.289930555555555,30.450000000000045,55.0,53.0,0.9305555555555556,0.4149230399230399,261,297,0,36,855,297,0.2578125
Published QMIX,103.0,222,volatile,coordinated,128.818,0.5518672199170125,0.4481327800829875,12.945840000000022,27.42557524730638,0.03378023114756236,9.091145833333334,37.0,59.0,55.0,0.9479166666666666,0.5231241355463347,255,294,0,39,858,294,0.2552083333333333
Published QMIX,103.0,223,volatile,coordinated,46.30600000000002,0.484375,0.515625,12.545840000000059,27.78823108417696,0.06684802320292557,8.052083333333334,37.0,67.0,53.0,0.9383680555555556,0.4545220269097222,247,279,0,32,873,279,0.2421875
Published QMIX,103.0,224,volatile,coordinated,128.34233333333324,0.5969387755102041,0.40306122448979587,13.34584000000006,28.08723978600349,0.021176910601208847,8.044270833333334,34.450000000000045,59.0,53.0,0.9699074074074076,0.5789753401360546,263,309,0,46,843,309,0.2682291666666667
Published QMIX,103.0,225,volatile,coordinated,13.553333333333356,0.4507042253521127,0.5492957746478873,12.695840000000015,27.77582209554403,0.02308793522042263,6.15625,25.450000000000045,50.0,64.0,0.9273726851851853,0.4179707876890976,250,310,0,60,842,310,0.2690972222222222
Published QMIX,103.0,226,volatile,coordinated,10.474999999999989,0.45977011494252873,0.5402298850574713,11.695839999999963,27.863677478080206,0.08194084281163198,9.48263888888889,39.0,60.0,50.0,0.9140625,0.4202586206896552,230,260,0,30,892,260,0.22569444444444445
Published QMIX,103.0,227,volatile,coordinated,59.622999999999976,0.5294117647058824,0.47058823529411764,12.69584000000003,27.470396163705733,0.03947259650714701,6.965277777777778,29.450000000000045,54.0,66.0,0.9453125,0.5004595588235294,250,297,0,47,855,297,0.2578125
Published QMIX,103.0,228,volatile,coordinated,-35.439666666666646,0.3787878787878788,0.6212121212121212,11.695839999999961,27.692085219615866,0.048439545778088705,7.649305555555555,30.450000000000045,50.0,48.0,0.8674768518518517,0.3285897166105499,230,270,0,40,882,270,0.234375
Published QMIX,103.0,229,volatile,coordinated,68.42833333333328,0.49224806201550386,0.5077519379844961,13.595840000000123,27.916316505075454,0.03378397792469432,6.7265625,25.450000000000045,53.0,68.0,0.9126157407407409,0.4492333297444732,268,322,0,54,830,322,0.2795138888888889
Published QMIX,103.0,230,volatile,coordinated,80.05599999999995,0.5306122448979592,0.4693877551020408,12.045840000000002,27.74166292968646,0.06687247713012003,7.911458333333333,30.450000000000045,66.0,49.0,0.9435763888888888,0.500673185941043,237,283,0,46,869,283,0.2456597222222222
Improved QMIX,101.0,211,volatile,coordinated,83.15066666666661,0.5574712643678161,0.44252873563218387,11.745839999999985,27.58635165301026,0.06618661631085719,5.787326388888889,24.0,50.0,51.0,0.960648148148148,0.5355337377607492,231,269,0,38,883,269,0.23350694444444445
Improved QMIX,101.0,212,volatile,coordinated,122.50099999999999,0.5537190082644629,0.44628099173553715,12.995840000000053,27.919764761552692,0.04451060037813759,5.083333333333333,22.0,40.0,55.0,0.9270833333333334,0.5133436639118458,256,302,0,46,850,302,0.2621527777777778
Improved QMIX,101.0,213,volatile,coordinated,144.27133333333333,0.6127450980392157,0.38725490196078427,13.045840000000048,27.724887803272157,0.019380627610407698,4.793402777777778,18.450000000000045,46.0,62.0,0.9646990740740742,0.5911146287218593,257,306,0,49,846,306,0.265625
Improved QMIX,101.0,214,volatile,coordinated,119.08799999999995,0.5236486486486487,0.4763513513513513,13.445840000000102,27.94823480825298,0.0823649587567362,7.7109375,38.0,64.0,75.0,0.9157986111111112,0.4795567051426427,265,330,0,65,822,330,0.2864583333333333
Improved QMIX,101.0,215,volatile,coordinated,164.20933333333332,0.5518394648829431,0.4481605351170569,13.545840000000055,27.457604887378945,0.08092043956346037,6.625868055555555,32.0,55.0,64.0,0.9186921296296298,0.5069705732069862,267,318,0,51,834,318,0.2760416666666667
Improved QMIX,101.0,216,volatile,coordinated,175.98299999999995,0.614406779661017,0.385593220338983,13.245840000000047,27.32361408507136,0.029750040978923975,6.585069444444445,30.0,54.0,64.0,0.9574652777777778,0.5882731579566856,261,298,0,37,854,298,0.2586805555555556
Improved QMIX,101.0,217,volatile,coordinated,113.80600000000008,0.4956521739130435,0.5043478260869565,14.345840000000079,28.049193411107996,0.02404744813095218,5.657986111111111,25.0,46.0,77.0,0.8828125,0.4375679347826087,283,345,0,62,807,345,0.2994791666666667
Improved QMIX,101.0,218,volatile,coordinated,146.61600000000004,0.6192893401015228,0.3807106598984772,12.845840000000027,27.828259921270625,0.0976623127018397,6.200520833333333,29.0,49.0,58.0,0.9565972222222222,0.5924104624929498,253,283,0,30,869,283,0.2456597222222222
Improved QMIX,101.0,219,volatile,coordinated,145.70466666666667,0.6097560975609756,0.3902439024390244,12.695840000000018,27.502366090802504,0.13744971002229348,6.984375,32.0,58.0,54.0,0.9623842592592591,0.586819670280036,250,285,0,35,867,285,0.24739583333333334
Improved QMIX,101.0,220,volatile,coordinated,168.8873333333332,0.6350710900473934,0.36492890995260663,13.895840000000149,27.96253468956628,0.06815734722639064,4.324652777777778,16.0,35.0,66.0,0.9785879629629631,0.6214729243461472,274,315,0,41,837,315,0.2734375
Improved QMIX,101.0,221,volatile,coordinated,129.3976666666666,0.5670995670995671,0.4329004329004329,13.195840000000072,27.87188910352081,0.012738030494058986,3.9288194444444446,13.0,23.0,57.0,0.9658564814814815,0.5477367925284592,260,308,0,48,844,308,0.2673611111111111
Improved QMIX,101.0,222,volatile,coordinated,174.8876666666667,0.5975103734439834,0.4024896265560166,12.445840000000015,27.42557524730638,0.0712802311475623,6.750868055555555,31.0,54.0,56.0,0.9623842592592591,0.5750345781466112,245,281,0,36,871,281,0.2439236111111111
Improved QMIX,101.0,223,volatile,coordinated,114.85533333333336,0.5729166666666666,0.42708333333333337,12.195840000000043,27.78823108417696,0.13819970254950284,4.782986111111111,16.450000000000045,41.0,49.0,0.9490740740740742,0.5437403549382717,240,275,0,35,877,275,0.2387152777777778
Improved QMIX,101.0,224,volatile,coordinated,157.37900000000005,0.6326530612244898,0.36734693877551017,12.895840000000044,28.08723978600349,0.09050132719351327,4.427083333333333,16.0,36.0,60.0,0.9809027777777778,0.6205711451247166,254,301,0,47,851,301,0.2612847222222222
Improved QMIX,101.0,225,volatile,coordinated,85.21566666666659,0.5352112676056338,0.46478873239436624,12.545840000000018,27.77582209554403,0.03595833062845623,4.858506944444445,21.0,36.0,63.0,0.9432870370370371,0.504857850808555,247,289,0,42,863,289,0.2508680555555556
Improved QMIX,101.0,226,volatile,coordinated,50.41333333333331,0.5057471264367817,0.49425287356321834,10.69583999999993,27.863677478080206,0.2194408428116319,8.2890625,39.0,59.0,42.0,0.929976851851852,0.47033312047679876,210,240,0,30,912,240,0.20833333333333334
Improved QMIX,101.0,227,volatile,coordinated,104.50166666666668,0.5775401069518716,0.42245989304812837,12.29584000000001,27.470396163705733,0.053695021065650786,4.870659722222222,18.0,42.0,56.0,0.9623842592592591,0.5558155080213902,242,286,0,44,866,286,0.2482638888888889
Improved QMIX,101.0,228,volatile,coordinated,45.104666666666645,0.47474747474747475,0.5252525252525253,11.245839999999976,27.692085219615866,0.14957910563307827,5.969618055555555,25.450000000000045,43.0,44.0,0.8946759259259258,0.42474513655069207,221,247,0,26,905,247,0.2144097222222222
Improved QMIX,101.0,229,volatile,coordinated,170.57466666666662,0.5852713178294574,0.4147286821705426,13.79584000000012,27.916316505075454,0.10339749703226638,4.564236111111111,17.0,36.0,59.0,0.9476273148148149,0.5546190873528568,272,311,0,39,841,311,0.2699652777777778
Improved QMIX,101.0,230,volatile,coordinated,146.69966666666667,0.6071428571428571,0.3928571428571429,11.795840000000004,27.74166292968646,0.11780659224517769,5.105034722222222,17.0,32.0,45.0,0.9701967592592593,0.5890480324074074,232,269,0,37,883,269,0.23350694444444445
Improved QMIX,102.0,211,volatile,coordinated,74.86699999999998,0.5459770114942529,0.45402298850574707,11.495839999999978,27.58635165301026,0.06618661631085719,5.888888888888889,24.0,50.0,52.0,0.9565972222222222,0.5222800925925927,226,264,0,38,888,264,0.22916666666666666
Improved QMIX,102.0,212,volatile,coordinated,103.08899999999998,0.5330578512396694,0.4669421487603306,12.795840000000041,27.919764761552692,0.023833027330965137,5.615451388888889,24.0,46.0,56.0,0.921875,0.49141270661157027,252,295,0,43,857,295,0.2560763888888889
Improved QMIX,102.0,213,volatile,coordinated,134.75533333333337,0.5980392156862745,0.4019607843137255,12.695840000000034,27.724887803272157,0.01640320846019708,5.244791666666667,22.0,48.0,57.0,0.9577546296296298,0.5727748275236021,250,296,0,46,856,296,0.2569444444444444
Improved QMIX,102.0,214,volatile,coordinated,118.37033333333328,0.5236486486486487,0.4763513513513513,13.295840000000096,27.94823480825298,0.08463743897529535,9.192708333333334,46.0,74.0,74.0,0.9152199074074076,0.4792536677302303,262,327,0,65,825,327,0.2838541666666667
Improved QMIX,102.0,215,volatile,coordinated,141.97100000000003,0.5317725752508361,0.4682274247491639,13.145840000000058,27.457604887378945,0.10592043956346038,6.924479166666667,32.0,59.0,63.0,0.9105902777777778,0.4842269370122631,259,309,0,50,843,309,0.2682291666666667
Improved QMIX,102.0,216,volatile,coordinated,176.26066666666657,0.614406779661017,0.385593220338983,12.84584000000004,27.32361408507136,0.02975004097892398,7.778645833333333,34.0,58.0,65.0,0.9623842592592591,0.5912954135279346,253,291,0,38,861,291,0.2526041666666667
Improved QMIX,102.0,217,volatile,coordinated,95.17100000000003,0.4811594202898551,0.518840579710145,14.195840000000073,28.049193411107996,0.012785824389334427,5.6015625,25.0,46.0,77.0,0.8776041666666666,0.4222675120772947,280,342,0,62,810,342,0.296875
Improved QMIX,102.0,218,volatile,coordinated,138.714,0.6040609137055838,0.3959390862944162,12.645840000000028,27.828259921270625,0.10644640133592684,6.6484375,32.0,53.0,55.0,0.9583333333333334,0.5788917089678511,249,272,0,23,880,272,0.2361111111111111
Improved QMIX,102.0,219,volatile,coordinated,125.81833333333321,0.5853658536585366,0.41463414634146345,12.39584000000001,27.502366090802504,0.1045073450076962,7.175347222222222,32.0,58.0,55.0,0.9534143518518517,0.5580962059620596,244,276,0,32,876,276,0.23958333333333334
Improved QMIX,102.0,220,volatile,coordinated,140.47333333333333,0.6018957345971564,0.3981042654028436,13.645840000000147,27.96253468956628,0.08065734722639063,4.858506944444445,20.0,38.0,68.0,0.9681712962962964,0.5827381736001405,269,308,0,39,844,308,0.2673611111111111
Improved QMIX,102.0,221,volatile,coordinated,111.14133333333336,0.5454545454545454,0.4545454545454546,12.94584000000006,27.87188910352081,0.012738030494059017,4.490451388888889,16.0,33.0,54.0,0.9542824074074073,0.5205176767676767,255,291,0,36,861,291,0.2526041666666667
Improved QMIX,102.0,222,volatile,coordinated,166.44199999999995,0.5892116182572614,0.4107883817427386,12.395840000000014,27.42557524730638,0.08378023114756229,6.8203125,30.450000000000045,53.0,57.0,0.9583333333333334,0.5646611341632088,244,278,0,34,874,278,0.24131944444444445
Improved QMIX,102.0,223,volatile,coordinated,105.18566666666669,0.5625,0.4375,12.245840000000042,27.78823108417696,0.11319970254950286,4.868055555555555,17.0,41.0,53.0,0.9484953703703705,0.5335286458333334,241,279,0,38,873,279,0.2421875
Improved QMIX,102.0,224,volatile,coordinated,151.85799999999998,0.6224489795918368,0.37755102040816324,12.59584000000003,28.08723978600349,0.10300132719351328,4.792534722222222,18.450000000000045,42.0,58.0,0.9826388888888888,0.6116425736961452,248,297,0,49,855,297,0.2578125
Improved QMIX,102.0,225,volatile,coordinated,76.44733333333323,0.5211267605633803,0.47887323943661975,12.445840000000016,27.77582209554403,0.03595833062845623,5.105034722222222,22.0,38.0,58.0,0.9395254629629631,0.4896118609806991,245,283,0,38,869,283,0.2456597222222222
Improved QMIX,102.0,226,volatile,coordinated,52.03133333333334,0.5057471264367817,0.49425287356321834,10.44583999999991,27.863677478080206,0.2319408428116319,8.544270833333334,39.0,59.0,41.0,0.9334490740740742,0.4720891868880376,205,236,0,31,916,236,0.2048611111111111
Improved QMIX,102.0,227,volatile,coordinated,97.61999999999998,0.5668449197860963,0.4331550802139037,12.045839999999988,27.470396163705733,0.041195021065650796,5.145833333333333,20.0,42.0,55.0,0.9600694444444444,0.5442104872251932,237,280,0,43,872,280,0.24305555555555555
Improved QMIX,102.0,228,volatile,coordinated,33.50933333333332,0.4595959595959596,0.5404040404040404,10.845839999999892,27.692085219615866,0.18008004991395754,6.972222222222222,31.0,50.0,42.0,0.8883101851851851,0.4082637719790497,213,238,0,25,914,238,0.2065972222222222
Improved QMIX,102.0,229,volatile,coordinated,168.85466666666662,0.5813953488372093,0.41860465116279066,13.395840000000105,27.916316505075454,0.10339749703226638,4.752604166666667,18.0,36.0,54.0,0.9424189814814815,0.5479180124892334,264,301,0,37,851,301,0.2612847222222222
Improved QMIX,102.0,230,volatile,coordinated,136.3646666666667,0.5969387755102041,0.40306122448979587,11.445839999999977,27.74166292968646,0.09694301802711142,5.732638888888889,20.0,35.0,47.0,0.9615162037037037,0.5739663052721089,225,260,0,35,892,260,0.22569444444444445
Improved QMIX,103.0,211,volatile,coordinated,82.08166666666666,0.5574712643678161,0.44252873563218387,11.945839999999984,27.58635165301026,0.041186616310857196,5.198784722222222,19.0,40.0,53.0,0.9597800925925924,0.5350498217326521,235,274,0,39,878,274,0.2378472222222222
Improved QMIX,103.0,212,volatile,coordinated,127.50000000000001,0.5619834710743802,0.4380165289256198,13.095840000000049,27.919764761552692,0.019510600378137608,5.005208333333333,22.0,41.0,61.0,0.9305555555555556,0.5229568411386594,258,303,0,45,849,303,0.2630208333333333
Improved QMIX,103.0,213,volatile,coordinated,127.45900000000003,0.5882352941176471,0.4117647058823529,13.045840000000053,27.724887803272157,0.019380627610407715,4.440104166666667,17.0,39.0,57.0,0.9548611111111112,0.5616830065359477,257,300,0,43,852,300,0.2604166666666667
Improved QMIX,103.0,214,volatile,coordinated,136.7453333333333,0.5405405405405406,0.45945945945945943,13.795840000000108,27.94823480825298,0.0698649587567362,6.421875,29.0,59.0,76.0,0.917824074074074,0.4961211211211211,272,343,0,71,809,343,0.2977430555555556
Improved QMIX,103.0,215,volatile,coordinated,162.7313333333333,0.5484949832775919,0.45150501672240806,13.545840000000053,27.457604887378945,0.05592043956346037,6.34375,30.450000000000045,55.0,62.0,0.922164351851852,0.505802520748173,267,321,0,54,831,321,0.2786458333333333
Improved QMIX,103.0,216,volatile,coordinated,197.61133333333328,0.635593220338983,0.364406779661017,13.24584000000004,27.32361408507136,0.029750040978923958,6.532986111111111,31.0,54.0,64.0,0.9716435185185186,0.6175700329566856,261,298,0,37,854,298,0.2586805555555556
Improved QMIX,103.0,217,volatile,coordinated,114.2766666666666,0.4956521739130435,0.5043478260869565,14.445840000000084,28.049193411107996,0.02404744813095218,5.309027777777778,23.450000000000045,41.0,73.0,0.8781828703703703,0.43527324879227053,285,351,0,66,801,351,0.3046875
Improved QMIX,103.0,218,volatile,coordinated,146.1730000000001,0.6243654822335025,0.3756345177664975,13.045840000000029,27.828259921270625,0.08516231270183973,5.552951388888889,25.0,45.0,64.0,0.953125,0.5950983502538071,257,290,0,33,862,290,0.2517361111111111
Improved QMIX,103.0,219,volatile,coordinated,138.59766666666667,0.6,0.4,12.845840000000013,27.502366090802504,0.0768766455708351,6.421875,30.0,58.0,54.0,0.9615162037037036,0.5769097222222221,253,290,0,37,862,290,0.2517361111111111
Improved QMIX,103.0,220,volatile,coordinated,147.36133333333333,0.6113744075829384,0.3886255924170616,13.945840000000146,27.96253468956628,0.044751952464036376,4.098090277777778,15.0,35.0,68.0,0.9681712962962964,0.5919151527119537,275,318,0,43,834,318,0.2760416666666667
Improved QMIX,103.0,221,volatile,coordinated,126.15766666666664,0.5627705627705628,0.4372294372294372,13.145840000000057,27.87188910352081,0.012738030494058989,4.138888888888889,14.0,31.0,56.0,0.9641203703703702,0.5425785634118967,259,303,0,44,849,303,0.2630208333333333
Improved QMIX,103.0,222,volatile,coordinated,175.31200000000013,0.5975103734439834,0.4024896265560166,12.445840000000015,27.42557524730638,0.08378023114756229,6.674479166666667,30.0,48.0,58.0,0.9670138888888888,0.5778008298755186,245,281,0,36,871,281,0.2439236111111111
Improved QMIX,103.0,223,volatile,coordinated,100.67900000000003,0.5520833333333334,0.44791666666666663,12.145840000000023,27.78823108417696,0.09506602293095544,4.652777777777778,16.0,41.0,48.0,0.9461805555555556,0.5223705150462964,239,275,0,36,877,275,0.2387152777777778
Improved QMIX,103.0,224,volatile,coordinated,160.04799999999997,0.6377551020408163,0.3622448979591837,13.095840000000042,28.08723978600349,0.05300132719351329,4.464409722222222,16.0,37.0,61.0,0.9809027777777778,0.6255757511337868,258,304,0,46,848,304,0.2638888888888889
Improved QMIX,103.0,225,volatile,coordinated,78.82833333333319,0.5258215962441315,0.4741784037558685,12.645840000000016,27.77582209554403,0.02345833062845624,4.9921875,22.0,36.0,61.0,0.9421296296296298,0.4953921057207443,249,288,0,39,864,288,0.25
Improved QMIX,103.0,226,volatile,coordinated,44.68999999999997,0.5,0.5,11.045839999999957,27.863677478080206,0.16758774443191726,7.462673611111111,35.0,59.0,44.0,0.9253472222222222,0.4626736111111111,217,248,0,31,904,248,0.2152777777777778
Improved QMIX,103.0,227,volatile,coordinated,95.26833333333329,0.5668449197860963,0.4331550802139037,12.445840000000015,27.470396163705733,0.04285417928644705,4.614583333333333,17.0,42.0,58.0,0.9577546296296295,0.5428983462071697,245,288,0,43,864,288,0.25
Improved QMIX,103.0,228,volatile,coordinated,44.039666666666655,0.47474747474747475,0.5252525252525253,11.645839999999986,27.692085219615866,0.08932183816392536,5.425347222222222,22.0,44.0,44.0,0.8912037037037036,0.42309670781893,229,254,0,25,898,254,0.2204861111111111
Improved QMIX,103.0,229,volatile,coordinated,176.629,0.5891472868217055,0.4108527131782945,13.99584000000013,27.916316505075454,0.0408974970322664,4.202256944444445,14.450000000000045,34.0,55.0,0.9487847222222222,0.5589739448751077,276,313,0,37,839,313,0.2717013888888889
Improved QMIX,103.0,230,volatile,coordinated,141.02566666666655,0.6020408163265306,0.3979591836734694,11.945839999999993,27.74166292968646,0.06498905175163754,4.999131944444445,17.0,30.0,48.0,0.9684606481481483,0.5830528391912321,235,272,0,37,880,272,0.2361111111111111
Extended QMIX,101.0,211,volatile,coordinated,112.80966666666667,0.5919540229885057,0.40804597701149425,10.895839999999948,27.58635165301026,0.09055899485648619,5.755208333333333,22.0,49.0,45.0,0.9736689814814814,0.5763672706470838,214,250,0,36,902,250,0.2170138888888889
Extended QMIX,101.0,212,volatile,coordinated,142.64600000000002,0.5702479338842975,0.4297520661157025,12.245840000000053,27.919764761552692,0.11083726394156543,5.107638888888889,19.0,40.0,52.0,0.9375,0.5346074380165289,241,285,0,44,867,285,0.24739583333333334
Extended QMIX,101.0,213,volatile,coordinated,170.1893333333333,0.6372549019607843,0.36274509803921573,12.395840000000042,27.724887803272157,0.04074765406747512,4.371527777777778,15.450000000000045,36.0,56.0,0.9759837962962964,0.6219504584241105,244,289,0,45,863,289,0.2508680555555556
Extended QMIX,101.0,214,volatile,coordinated,169.15200000000002,0.5641891891891891,0.43581081081081086,12.995840000000097,27.94823480825298,0.10208130539501165,7.2578125,35.0,58.0,69.0,0.9288194444444444,0.5240298892642642,256,321,0,65,831,321,0.2786458333333333
Extended QMIX,101.0,215,volatile,coordinated,179.05033333333336,0.5652173913043478,0.4347826086956522,12.945840000000063,27.457604887378945,0.1137092217169369,6.630208333333333,31.450000000000045,56.0,65.0,0.9195601851851853,0.5197514090177134,255,307,0,52,845,307,0.2664930555555556
Extended QMIX,101.0,216,volatile,coordinated,206.77299999999994,0.6398305084745762,0.36016949152542377,12.295840000000023,27.32361408507136,0.0547500409789239,6.002604166666667,24.450000000000045,53.0,55.0,0.9652777777777778,0.6176141713747646,242,274,0,32,878,274,0.2378472222222222
Extended QMIX,101.0,217,volatile,coordinated,144.72199999999995,0.5130434782608696,0.4869565217391304,13.595840000000065,28.049193411107996,0.025285824389334396,5.352430555555555,24.0,43.0,63.0,0.8862847222222222,0.4547025966183575,268,329,0,61,823,329,0.2855902777777778
Extended QMIX,101.0,218,volatile,coordinated,161.72366666666673,0.6294416243654822,0.37055837563451777,12.195840000000025,27.828259921270625,0.15644640133592677,5.709201388888889,25.0,46.0,51.0,0.9658564814814814,0.607950272607633,240,269,0,29,883,269,0.23350694444444445
Extended QMIX,101.0,219,volatile,coordinated,173.13699999999997,0.6341463414634146,0.36585365853658536,11.695840000000018,27.502366090802504,0.19585309483049002,6.828993055555555,29.450000000000045,57.0,45.0,0.9730902777777778,0.6170816395663957,230,263,0,33,889,263,0.2282986111111111
Extended QMIX,101.0,220,volatile,coordinated,187.06600000000012,0.6540284360189573,0.3459715639810427,13.045840000000165,27.96253468956628,0.1556573472263906,4.091145833333333,14.0,25.0,65.0,0.9835069444444444,0.6432415086887835,257,295,0,38,857,295,0.2560763888888889
Extended QMIX,101.0,221,volatile,coordinated,165.89400000000003,0.6060606060606061,0.3939393939393939,12.24584000000006,27.87188910352081,0.04859106217886999,4.6796875,15.0,29.0,55.0,0.9748263888888888,0.5908038720538721,241,285,0,44,867,285,0.24739583333333334
Extended QMIX,101.0,222,volatile,coordinated,176.71066666666653,0.6016597510373444,0.39834024896265563,11.695840000000004,27.42557524730638,0.13378023114756227,7.078125,30.450000000000045,54.0,57.0,0.9537037037037036,0.5738051329337636,230,264,0,34,888,264,0.22916666666666666
Extended QMIX,101.0,223,volatile,coordinated,136.20766666666668,0.5989583333333334,0.40104166666666663,11.145840000000009,27.78823108417696,0.21319970254950282,4.581597222222222,15.0,34.0,48.0,0.9519675925925927,0.570188922646605,219,252,0,33,900,252,0.21875
Extended QMIX,101.0,224,volatile,coordinated,174.16000000000003,0.6479591836734694,0.3520408163265306,12.04584000000001,28.08723978600349,0.11550132719351322,3.9730902777777777,12.0,28.0,56.0,0.9878472222222222,0.6400846797052154,237,283,0,46,869,283,0.2456597222222222
Extended QMIX,101.0,225,volatile,coordinated,105.79266666666659,0.5539906103286385,0.4460093896713615,11.845840000000017,27.77582209554403,0.1609583306284562,4.700520833333333,18.0,36.0,59.0,0.9519675925925927,0.5273811076334551,233,270,0,37,882,270,0.234375
Extended QMIX,101.0,226,volatile,coordinated,71.53366666666663,0.5344827586206896,0.4655172413793104,9.845839999999898,27.863677478080206,0.2819408428116319,9.386284722222221,41.450000000000045,75.0,36.0,0.9293981481481483,0.49674728607918267,193,222,0,29,930,222,0.19270833333333334
Extended QMIX,101.0,227,volatile,coordinated,114.1793333333333,0.5882352941176471,0.4117647058823529,11.345839999999978,27.470396163705733,0.08781343828635066,5.034722222222222,16.0,41.0,54.0,0.9612268518518517,0.565427559912854,223,264,0,41,888,264,0.22916666666666666
Extended QMIX,101.0,228,volatile,coordinated,76.89833333333334,0.51010101010101,0.48989898989898994,10.34583999999988,27.692085219615866,0.25003090798318467,6.463541666666667,25.450000000000045,42.0,37.0,0.902199074074074,0.4602126589973811,203,225,0,22,927,225,0.1953125
Extended QMIX,101.0,229,volatile,coordinated,197.21766666666662,0.6046511627906976,0.39534883720930236,12.595840000000093,27.916316505075454,0.15339749703226635,4.911458333333333,17.0,32.0,49.0,0.9554398148148147,0.5777077950043065,248,288,0,40,864,288,0.25
Extended QMIX,101.0,230,volatile,coordinated,171.1519999999999,0.6428571428571429,0.3571428571428571,10.795839999999915,27.74166292968646,0.15437247713011995,5.423611111111111,17.0,30.0,48.0,0.9678819444444444,0.6222098214285715,212,244,0,32,908,244,0.21180555555555555
Extended QMIX,102.0,211,volatile,coordinated,110.49166666666672,0.5919540229885057,0.40804597701149425,11.045839999999957,27.58635165301026,0.09055899485648622,4.994791666666667,17.450000000000045,40.0,48.0,0.968460648148148,0.573284176777352,217,252,0,35,900,252,0.21875
Extended QMIX,102.0,212,volatile,coordinated,147.826,0.5743801652892562,0.4256198347107438,12.145840000000037,27.919764761552692,0.11083726394156543,5.125,19.0,40.0,50.0,0.9392361111111112,0.5394785927456383,239,283,0,44,869,283,0.2456597222222222
Extended QMIX,102.0,213,volatile,coordinated,174.80233333333334,0.6421568627450981,0.3578431372549019,12.295840000000043,27.724887803272157,0.05324765406747512,4.569444444444445,17.0,36.0,55.0,0.9785879629629631,0.6284069762164126,242,288,0,46,864,288,0.25
Extended QMIX,102.0,214,volatile,coordinated,176.59199999999993,0.5709459459459459,0.42905405405405406,13.14584000000012,27.94823480825298,0.11458130539501164,6.768229166666667,32.0,59.0,70.0,0.9305555555555556,0.5312969219219219,259,322,0,63,830,322,0.2795138888888889
Extended QMIX,102.0,215,volatile,coordinated,172.37166666666664,0.5585284280936454,0.44147157190635455,12.945840000000063,27.457604887378945,0.12620922171693688,6.448784722222222,30.450000000000045,52.0,63.0,0.9172453703703702,0.5123076148891366,255,309,0,54,843,309,0.2682291666666667
Extended QMIX,102.0,216,volatile,coordinated,205.31799999999998,0.6398305084745762,0.36016949152542377,12.445840000000045,27.32361408507136,0.0672500409789239,6.043402777777778,26.0,53.0,57.0,0.9652777777777778,0.6176141713747646,245,278,0,33,874,278,0.24131944444444445
Extended QMIX,102.0,217,volatile,coordinated,154.17266666666671,0.518840579710145,0.48115942028985503,13.645840000000074,28.049193411107996,0.02528582438933439,4.972222222222222,21.0,39.0,63.0,0.8946759259259258,0.4641941760601181,269,333,0,64,819,333,0.2890625
Extended QMIX,102.0,218,volatile,coordinated,181.36233333333337,0.6548223350253807,0.3451776649746193,12.295840000000029,27.828259921270625,0.15644640133592674,5.469618055555555,24.0,42.0,53.0,0.9768518518518517,0.6396644106034968,242,272,0,30,880,272,0.2361111111111111
Extended QMIX,102.0,219,volatile,coordinated,172.15699999999995,0.6341463414634146,0.36585365853658536,11.895840000000023,27.502366090802504,0.19585309483049002,6.811631944444445,29.450000000000045,57.0,46.0,0.9730902777777778,0.6170816395663957,234,268,0,34,884,268,0.2326388888888889
Extended QMIX,102.0,220,volatile,coordinated,191.17200000000005,0.6587677725118484,0.34123222748815163,12.745840000000166,27.96253468956628,0.19147494009416138,4.255208333333333,15.0,25.0,64.0,0.9835069444444444,0.6479026790416008,251,292,0,41,860,292,0.2534722222222222
Extended QMIX,102.0,221,volatile,coordinated,169.689,0.6103896103896104,0.38961038961038963,12.145840000000007,27.87188910352081,0.012738030494058968,4.598958333333333,15.0,25.0,54.0,0.9748263888888888,0.5950238997113997,239,288,0,49,864,288,0.25
Extended QMIX,102.0,222,volatile,coordinated,190.9023333333334,0.6182572614107884,0.3817427385892116,11.845840000000013,27.42557524730638,0.13378023114756218,6.592013888888889,27.0,54.0,59.0,0.9577546296296295,0.5921387544183186,233,269,0,36,883,269,0.23350694444444445
Extended QMIX,102.0,223,volatile,coordinated,136.73366666666666,0.5989583333333334,0.40104166666666663,11.145840000000009,27.78823108417696,0.21319970254950282,4.645833333333333,15.0,34.0,47.0,0.9519675925925927,0.570188922646605,219,251,0,32,901,251,0.21788194444444445
Extended QMIX,102.0,224,volatile,coordinated,175.09599999999998,0.6479591836734694,0.3520408163265306,12.045840000000013,28.08723978600349,0.1155013271935132,4.026909722222222,13.0,28.0,56.0,0.9913194444444444,0.6423345379818594,237,283,0,46,869,283,0.2456597222222222
Extended QMIX,102.0,225,volatile,coordinated,110.77166666666662,0.5586854460093896,0.44131455399061037,11.945840000000022,27.77582209554403,0.1484583306284562,4.719618055555555,18.0,36.0,56.0,0.9519675925925927,0.5318504390540776,235,270,0,35,882,270,0.234375
Extended QMIX,102.0,226,volatile,coordinated,74.06666666666666,0.5402298850574713,0.45977011494252873,10.295839999999913,27.863677478080206,0.24444084281163192,7.511284722222222,31.450000000000045,57.0,40.0,0.9293981481481483,0.5020886547467008,202,230,0,28,922,230,0.1996527777777778
Extended QMIX,102.0,227,volatile,coordinated,113.9613333333333,0.5882352941176471,0.4117647058823529,11.495839999999989,27.470396163705733,0.08781343828635066,4.963541666666667,16.0,41.0,54.0,0.9612268518518517,0.565427559912854,226,267,0,41,885,267,0.23177083333333334
Extended QMIX,102.0,228,volatile,coordinated,76.56933333333336,0.51010101010101,0.48989898989898994,10.295839999999881,27.692085219615866,0.2625309079831847,6.228298611111111,24.0,38.0,39.0,0.9039351851851851,0.4610982510288065,202,226,0,24,926,226,0.19618055555555555
Extended QMIX,102.0,229,volatile,coordinated,199.50499999999994,0.6085271317829457,0.3914728682170543,12.695840000000095,27.916316505075454,0.15339749703226635,4.777777777777778,17.0,32.0,52.0,0.9565972222222222,0.5821153639104221,250,290,0,40,862,290,0.2517361111111111
Extended QMIX,102.0,230,volatile,coordinated,169.47399999999993,0.6428571428571429,0.3571428571428571,10.94583999999995,27.74166292968646,0.13689788999895658,5.231770833333333,16.0,29.0,51.0,0.9678819444444444,0.6222098214285715,215,248,0,33,904,248,0.2152777777777778
Extended QMIX,103.0,211,volatile,coordinated,104.38766666666666,0.5804597701149425,0.41954022988505746,10.845839999999944,27.58635165301026,0.07805899485648621,5.434895833333333,19.0,40.0,46.0,0.968460648148148,0.5621524451894423,213,248,0,35,904,248,0.2152777777777778
Extended QMIX,103.0,212,volatile,coordinated,143.76300000000006,0.5702479338842975,0.4297520661157025,12.045840000000025,27.919764761552692,0.09833726394156544,5.353298611111111,21.0,40.0,50.0,0.9375,0.5346074380165289,237,281,0,44,871,281,0.2439236111111111
Extended QMIX,103.0,213,volatile,coordinated,173.42633333333336,0.6421568627450981,0.3578431372549019,12.295840000000037,27.724887803272157,0.04074765406747511,4.546006944444445,17.0,36.0,57.0,0.9785879629629631,0.6284069762164126,242,292,0,50,860,292,0.2534722222222222
Extended QMIX,103.0,214,volatile,coordinated,169.29100000000005,0.5641891891891891,0.43581081081081086,12.845840000000099,27.94823480825298,0.10208130539501165,7.310763888888889,35.0,58.0,69.0,0.9288194444444444,0.5240298892642642,253,319,0,66,833,319,0.2769097222222222
Extended QMIX,103.0,215,volatile,coordinated,175.94866666666667,0.5618729096989966,0.4381270903010034,12.845840000000058,27.457604887378945,0.1137092217169369,6.470486111111111,30.450000000000045,52.0,62.0,0.913773148148148,0.5134243775548122,253,303,0,50,849,303,0.2630208333333333
Extended QMIX,103.0,216,volatile,coordinated,207.52499999999992,0.6398305084745762,0.36016949152542377,12.195840000000022,27.32361408507136,0.0672500409789239,5.950520833333333,24.450000000000045,53.0,54.0,0.9652777777777778,0.6176141713747646,240,272,0,32,880,272,0.2361111111111111
Extended QMIX,103.0,217,volatile,coordinated,154.8706666666667,0.518840579710145,0.48115942028985503,13.495840000000072,28.049193411107996,0.025285824389334393,4.975694444444445,21.0,39.0,61.0,0.8912037037037036,0.46239264626945786,266,326,0,60,826,326,0.2829861111111111
Extended QMIX,103.0,218,volatile,coordinated,183.78733333333338,0.6548223350253807,0.3451776649746193,12.095840000000024,27.828259921270625,0.15644640133592674,5.624131944444445,24.0,46.0,50.0,0.9785879629629629,0.6408012549351381,238,266,0,28,886,266,0.2309027777777778
Extended QMIX,103.0,219,volatile,coordinated,173.49199999999988,0.6341463414634146,0.36585365853658536,11.745840000000014,27.502366090802504,0.17085309483049,6.868055555555555,29.450000000000045,57.0,44.0,0.9730902777777778,0.6170816395663957,231,264,0,33,888,264,0.22916666666666666
Extended QMIX,103.0,220,volatile,coordinated,185.45066666666676,0.6492890995260664,0.3507109004739336,12.845840000000162,27.96253468956628,0.1539749400941614,4.3359375,15.0,25.0,61.0,0.9823495370370371,0.637828846322626,253,290,0,37,862,290,0.2517361111111111
Extended QMIX,103.0,221,volatile,coordinated,178.74333333333337,0.6190476190476191,0.38095238095238093,11.945840000000004,27.87188910352081,0.03609106217886998,4.618923611111111,15.0,23.0,52.0,0.976851851851852,0.6047178130511465,235,283,0,48,869,283,0.2456597222222222
Extended QMIX,103.0,222,volatile,coordinated,188.18333333333337,0.6141078838174274,0.3858921161825726,11.745840000000005,27.42557524730638,0.12128023114756224,6.975694444444445,30.0,54.0,57.0,0.9577546296296295,0.5881646688181957,231,267,0,36,885,267,0.23177083333333334
Extended QMIX,103.0,223,volatile,coordinated,132.49066666666664,0.59375,0.40625,11.095840000000006,27.78823108417696,0.21166149487887959,4.769965277777778,16.0,35.0,49.0,0.9519675925925927,0.5652307581018519,218,247,0,29,905,247,0.2144097222222222
Extended QMIX,103.0,224,volatile,coordinated,171.202,0.6428571428571429,0.3571428571428571,11.895840000000003,28.08723978600349,0.09050132719351323,4.108506944444445,13.0,28.0,55.0,0.9878472222222222,0.6350446428571429,234,281,0,47,871,281,0.2439236111111111
Extended QMIX,103.0,225,volatile,coordinated,111.03466666666664,0.5586854460093896,0.44131455399061037,11.745840000000008,27.77582209554403,0.1359583306284562,4.838541666666667,19.0,36.0,56.0,0.9519675925925927,0.5318504390540776,231,266,0,35,886,266,0.2309027777777778
Extended QMIX,103.0,226,volatile,coordinated,75.32066666666664,0.5402298850574713,0.45977011494252873,9.895839999999906,27.863677478080206,0.2569408428116319,8.012152777777779,34.0,57.0,38.0,0.9293981481481483,0.5020886547467008,194,222,0,28,930,222,0.19270833333333334
Extended QMIX,103.0,227,volatile,coordinated,114.33733333333329,0.5882352941176471,0.4117647058823529,11.29583999999997,27.470396163705733,0.07531343828635066,4.984375,16.0,41.0,54.0,0.9612268518518517,0.565427559912854,222,263,0,41,889,263,0.2282986111111111
Extended QMIX,103.0,228,volatile,coordinated,81.41233333333338,0.5151515151515151,0.48484848484848486,10.045839999999872,27.692085219615866,0.23753090798318469,6.277777777777778,24.0,38.0,37.0,0.9039351851851851,0.4656635802469135,197,222,0,25,930,222,0.19270833333333334
Extended QMIX,103.0,229,volatile,coordinated,205.776,0.6124031007751938,0.3875968992248062,12.395840000000105,27.916316505075454,0.15339749703226635,4.889756944444445,16.450000000000045,31.0,49.0,0.9600694444444444,0.5879495047372953,244,286,0,42,866,286,0.2482638888888889
Extended QMIX,103.0,230,volatile,coordinated,161.73399999999987,0.6326530612244898,0.36734693877551017,10.695839999999917,27.74166292968646,0.12194301802711141,5.440972222222222,17.0,29.0,50.0,0.9626736111111112,0.6090384070294785,210,243,0,33,909,243,0.2109375
