policy,training_seed,environment_seed,scenario,regime,raw_episode_reward,event_recall,missed_event_rate,total_energy_consumption,harvested_energy,final_battery,mean_aoi,p95_aoi,max_aoi,redundant_sampling,network_coverage,network_utility,samples_delivered,samples_requested,sample_rejections,channel_blocks,sleep_actions,sample_actions,sample_action_fraction
Always Sleep,,1001,volatile,independent,-347.9999999999981,0.0,1.0,0.1958400000000021,27.739939073151852,0.9875899999999997,144.5,274.0,288.0,0.0,0.4722222222222222,0.0,0,0,0,0,1152,0,0.0
Always Sleep,,1002,volatile,independent,-314.9999999999983,0.0,1.0,0.1958400000000021,27.508440333087822,0.9875899999999997,144.5,274.0,288.0,0.0,0.5173611111111112,0.0,0,0,0,0,1152,0,0.0
Always Sleep,,1003,volatile,independent,-334.49999999999795,0.0,1.0,0.1958400000000021,27.779501553140616,0.9875899999999997,144.5,274.0,288.0,0.0,0.4756944444444444,0.0,0,0,0,0,1152,0,0.0
Always Sleep,,1004,volatile,independent,-388.4999999999977,0.0,1.0,0.1958400000000021,27.984379276377897,0.9875899999999997,144.5,274.0,288.0,0.0,0.4409722222222222,0.0,0,0,0,0,1152,0,0.0
Always Sleep,,1005,volatile,independent,-334.4999999999984,0.0,1.0,0.1958400000000021,27.975712530041516,0.9875899999999997,144.5,274.0,288.0,0.0,0.4826388888888889,0.0,0,0,0,0,1152,0,0.0
Always Sleep,,1006,volatile,independent,-320.99999999999807,0.0,1.0,0.1958400000000021,27.890333093412796,0.9875899999999997,144.5,274.0,288.0,0.0,0.5173611111111112,0.0,0,0,0,0,1152,0,0.0
Always Sleep,,1007,volatile,independent,-365.999999999998,0.0,1.0,0.1958400000000021,27.934120924259485,0.9875899999999997,144.5,274.0,288.0,0.0,0.4652777777777778,0.0,0,0,0,0,1152,0,0.0
Always Sleep,,1008,volatile,independent,-364.499999999998,0.0,1.0,0.1958400000000021,27.525980181464767,0.9875899999999997,144.5,274.0,288.0,0.0,0.4513888888888889,0.0,0,0,0,0,1152,0,0.0
Always Sleep,,1009,volatile,independent,-364.4999999999982,0.0,1.0,0.1958400000000021,27.94306412681636,0.9875899999999997,144.5,274.0,288.0,0.0,0.4305555555555556,0.0,0,0,0,0,1152,0,0.0
Always Sleep,,1010,volatile,independent,-328.4999999999983,0.0,1.0,0.1958400000000021,27.74824410509017,0.9875899999999997,144.5,274.0,288.0,0.0,0.5,0.0,0,0,0,0,1152,0,0.0
Always Sleep,,1011,volatile,independent,-343.49999999999807,0.0,1.0,0.1958400000000021,27.70239752450926,0.9875899999999997,144.5,274.0,288.0,0.0,0.4618055555555556,0.0,0,0,0,0,1152,0,0.0
Always Sleep,,1012,volatile,independent,-325.49999999999807,0.0,1.0,0.1958400000000021,28.058029830878787,0.9875899999999997,144.5,274.0,288.0,0.0,0.5347222222222222,0.0,0,0,0,0,1152,0,0.0
Always Sleep,,1013,volatile,independent,-394.4999999999982,0.0,1.0,0.1958400000000021,27.454247731784978,0.9875899999999997,144.5,274.0,288.0,0.0,0.4479166666666667,0.0,0,0,0,0,1152,0,0.0
Always Sleep,,1014,volatile,independent,-352.4999999999982,0.0,1.0,0.1958400000000021,27.589173110752224,0.9875899999999997,144.5,274.0,288.0,0.0,0.4444444444444444,0.0,0,0,0,0,1152,0,0.0
Always Sleep,,1015,volatile,independent,-355.49999999999847,0.0,1.0,0.1958400000000021,27.465949747976207,0.9875899999999997,144.5,274.0,288.0,0.0,0.4756944444444444,0.0,0,0,0,0,1152,0,0.0
Always Sleep,,1016,volatile,independent,-313.4999999999986,0.0,1.0,0.1958400000000021,27.912523638581064,0.9875899999999997,144.5,274.0,288.0,0.0,0.53125,0.0,0,0,0,0,1152,0,0.0
Always Sleep,,1017,volatile,independent,-323.99999999999835,0.0,1.0,0.1958400000000021,27.79940033660737,0.9875899999999997,144.5,274.0,288.0,0.0,0.5243055555555556,0.0,0,0,0,0,1152,0,0.0
Always Sleep,,1018,volatile,independent,-328.4999999999982,0.0,1.0,0.1958400000000021,27.93626192510004,0.9875899999999997,144.5,274.0,288.0,0.0,0.5347222222222222,0.0,0,0,0,0,1152,0,0.0
Always Sleep,,1019,volatile,independent,-377.999999999998,0.0,1.0,0.1958400000000021,28.01763475150466,0.9875899999999997,144.5,274.0,288.0,0.0,0.4305555555555556,0.0,0,0,0,0,1152,0,0.0
Always Sleep,,1020,volatile,independent,-361.499999999998,0.0,1.0,0.1958400000000021,27.822903063404752,0.9875899999999997,144.5,274.0,288.0,0.0,0.4270833333333333,0.0,0,0,0,0,1152,0,0.0
Always Sleep,,1021,volatile,independent,-338.99999999999795,0.0,1.0,0.1958400000000021,27.789645516335348,0.9875899999999997,144.5,274.0,288.0,0.0,0.4930555555555556,0.0,0,0,0,0,1152,0,0.0
Always Sleep,,1022,volatile,independent,-361.4999999999979,0.0,1.0,0.1958400000000021,27.71280169468463,0.9875899999999997,144.5,274.0,288.0,0.0,0.4583333333333333,0.0,0,0,0,0,1152,0,0.0
Always Sleep,,1023,volatile,independent,-365.9999999999978,0.0,1.0,0.1958400000000021,27.651486251152924,0.9875899999999997,144.5,274.0,288.0,0.0,0.4409722222222222,0.0,0,0,0,0,1152,0,0.0
Always Sleep,,1024,volatile,independent,-335.9999999999982,0.0,1.0,0.1958400000000021,27.4878718435454,0.9875899999999997,144.5,274.0,288.0,0.0,0.4895833333333333,0.0,0,0,0,0,1152,0,0.0
Always Sleep,,1025,volatile,independent,-383.99999999999807,0.0,1.0,0.1958400000000021,27.56357776179843,0.9875899999999997,144.5,274.0,288.0,0.0,0.4236111111111111,0.0,0,0,0,0,1152,0,0.0
Always Sleep,,1026,volatile,independent,-340.49999999999824,0.0,1.0,0.1958400000000021,27.702533820830276,0.9875899999999997,144.5,274.0,288.0,0.0,0.4513888888888889,0.0,0,0,0,0,1152,0,0.0
Always Sleep,,1027,volatile,independent,-355.49999999999807,0.0,1.0,0.1958400000000021,27.99950208607195,0.9875899999999997,144.5,274.0,288.0,0.0,0.4861111111111111,0.0,0,0,0,0,1152,0,0.0
Always Sleep,,1028,volatile,independent,-325.4999999999982,0.0,1.0,0.1958400000000021,27.53038759107808,0.9875899999999997,144.5,274.0,288.0,0.0,0.4930555555555556,0.0,0,0,0,0,1152,0,0.0
Always Sleep,,1029,volatile,independent,-379.49999999999824,0.0,1.0,0.1958400000000021,27.664643683651576,0.9875899999999997,144.5,274.0,288.0,0.0,0.4444444444444444,0.0,0,0,0,0,1152,0,0.0
Always Sleep,,1030,volatile,independent,-346.4999999999984,0.0,1.0,0.1958400000000021,27.767372544185854,0.9875899999999997,144.5,274.0,288.0,0.0,0.4930555555555556,0.0,0,0,0,0,1152,0,0.0
Always Sample,,1001,volatile,independent,-12.812999999999914,0.5177664974619289,0.48223350253807107,29.045840000000386,27.739939073151852,0.013339144336944015,15.608506944444445,60.0,69.0,551.0,0.7395833333333334,0.3829314720812183,577,577,0,0,575,577,0.5008680555555556
Always Sample,,1002,volatile,independent,-42.462999999999944,0.48,0.52,28.79584000000038,27.508440333087822,0.017789153954102625,15.780381944444445,60.0,69.0,542.0,0.7569444444444444,0.3633333333333333,572,572,0,0,580,572,0.4965277777777778
Always Sample,,1003,volatile,independent,-31.20599999999993,0.4946808510638298,0.5053191489361701,29.245840000000392,27.779501553140616,0.01509750007024118,15.61111111111111,60.0,69.0,550.0,0.7621527777777778,0.3770223847517731,581,581,0,0,571,581,0.5043402777777778
Always Sample,,1004,volatile,independent,-78.24200000000037,0.42410714285714285,0.5758928571428572,29.095840000000386,27.984379276377897,0.01097711703065126,15.993055555555555,60.450000000000045,70.0,554.0,0.7314814814814814,0.3102265211640211,578,578,0,0,574,578,0.5017361111111112
Always Sample,,1005,volatile,independent,-3.004000000000064,0.5372340425531915,0.4627659574468085,28.995840000000385,27.975712530041516,0.008624746025199144,15.938368055555555,60.0,69.0,547.0,0.7673611111111112,0.412252511820331,576,576,0,0,576,576,0.5
Always Sample,,1006,volatile,independent,-35.05899999999995,0.49162011173184356,0.5083798882681565,29.245840000000392,27.890333093412796,0.01255385954405806,15.433159722222221,59.0,69.0,549.0,0.7777777777777778,0.3823711980136561,581,581,0,0,571,581,0.5043402777777778
Always Sample,,1007,volatile,independent,-6.897000000000044,0.5215311004784688,0.47846889952153115,29.295840000000396,27.934120924259485,0.014008424980179499,15.721354166666666,60.0,70.0,550.0,0.771412037037037,0.4023153685982633,582,582,0,0,570,582,0.5052083333333334
Always Sample,,1008,volatile,independent,-1.2069999999999035,0.5288461538461539,0.47115384615384615,28.79584000000038,27.525980181464767,0.019335066015565117,16.07378472222222,61.0,70.0,547.0,0.7731481481481481,0.40887642450142453,572,572,0,0,580,572,0.4965277777777778
Always Sample,,1009,volatile,independent,-29.304999999999975,0.49038461538461536,0.5096153846153846,28.845840000000383,27.94306412681636,0.014370408436985692,16.065104166666668,61.0,70.0,545.0,0.7239583333333334,0.35501802884615385,573,573,0,0,579,573,0.4973958333333333
Always Sample,,1010,volatile,independent,-70.45000000000007,0.43478260869565216,0.5652173913043479,28.895840000000383,27.74824410509017,0.02580276246549764,16.122395833333332,61.0,70.0,546.0,0.7326388888888888,0.31853864734299514,574,574,0,0,578,574,0.4982638888888889
Always Sample,,1011,volatile,independent,-29.400999999999943,0.4948453608247423,0.5051546391752577,28.895840000000383,27.70239752450926,0.016048631019336818,16.06423611111111,61.0,71.0,539.0,0.7413194444444444,0.3668384879725086,574,574,0,0,578,574,0.4982638888888889
Always Sample,,1012,volatile,independent,-63.26000000000008,0.44505494505494503,0.554945054945055,28.445840000000366,28.058029830878787,0.016821433839966607,16.352430555555557,61.0,70.0,534.0,0.7760416666666666,0.3453811813186813,565,565,0,0,587,565,0.4904513888888889
Always Sample,,1013,volatile,independent,-14.109000000000076,0.5043859649122807,0.4956140350877193,29.345840000000393,27.454247731784978,0.0018764670110753027,15.28125,59.0,69.0,542.0,0.7534722222222222,0.3800408138401559,583,583,0,0,569,583,0.5060763888888888
Always Sample,,1014,volatile,independent,-20.754999999999967,0.505,0.495,28.745840000000378,27.589173110752224,0.01998683595018011,16.23003472222222,61.0,69.0,539.0,0.7447916666666666,0.37611979166666665,571,571,0,0,581,571,0.4956597222222222
Always Sample,,1015,volatile,independent,-37.5580000000001,0.4801980198019802,0.5198019801980198,28.745840000000378,27.465949747976207,0.021552465218430145,16.0078125,60.450000000000045,70.0,539.0,0.75,0.36014851485148514,571,571,0,0,581,571,0.4956597222222222
Always Sample,,1016,volatile,independent,10.844999999999906,0.5689655172413793,0.43103448275862066,29.245840000000392,27.912523638581064,0.016885202537900504,15.566840277777779,59.450000000000045,69.0,551.0,0.8090277777777778,0.460308908045977,581,581,0,0,571,581,0.5043402777777778
Always Sample,,1017,volatile,independent,-27.105999999999938,0.5027624309392266,0.49723756906077343,28.745840000000374,27.79940033660737,0.01053126367238024,16.057291666666668,61.0,69.0,546.0,0.7864583333333334,0.39540170349907927,571,571,0,0,581,571,0.4956597222222222
Always Sample,,1018,volatile,independent,6.697000000000094,0.5543478260869565,0.44565217391304346,28.84584000000038,27.93626192510004,0.015200720255464498,16.06076388888889,61.0,70.0,551.0,0.7835648148148148,0.43436745169082125,573,573,0,0,579,573,0.4973958333333333
Always Sample,,1019,volatile,independent,13.339999999999854,0.543778801843318,0.45622119815668205,28.84584000000038,28.01763475150466,0.0132648231377379,15.890625,60.0,69.0,541.0,0.765625,0.4163306451612903,573,573,0,0,579,573,0.4973958333333333
Always Sample,,1020,volatile,independent,-44.10100000000002,0.470873786407767,0.529126213592233,29.14584000000039,27.822903063404752,0.02722867245488555,15.723958333333334,60.0,70.0,547.0,0.7395833333333334,0.34825040453074435,579,579,0,0,573,579,0.5026041666666666
Always Sample,,1021,volatile,independent,-31.71399999999996,0.49214659685863876,0.5078534031413613,28.945840000000384,27.789645516335348,0.024949299496769058,15.721354166666666,60.0,69.0,547.0,0.75,0.3691099476439791,575,575,0,0,577,575,0.4991319444444444
Always Sample,,1022,volatile,independent,-22.302999999999937,0.5,0.5,28.44584000000037,27.71280169468463,0.017549544850765063,16.40972222222222,61.0,70.0,535.0,0.7447916666666666,0.3723958333333333,565,565,0,0,587,565,0.4904513888888889
Always Sample,,1023,volatile,independent,-55.647,0.45454545454545453,0.5454545454545454,29.045840000000386,27.651486251152924,0.018121095889375487,15.99045138888889,60.450000000000045,69.0,543.0,0.7152777777777778,0.3251262626262626,577,577,0,0,575,577,0.5008680555555556
Always Sample,,1024,volatile,independent,-4.608999999999995,0.5343915343915344,0.4656084656084656,29.195840000000395,27.4878718435454,0.020878244770877744,15.629340277777779,60.0,70.0,553.0,0.796875,0.425843253968254,580,580,0,0,572,580,0.5034722222222222
Always Sample,,1025,volatile,independent,-38.71100000000001,0.4751131221719457,0.5248868778280543,29.4458400000004,27.56357776179843,0.0066092916895721466,15.157118055555555,59.0,69.0,555.0,0.7152777777777778,0.3398378582202112,585,585,0,0,567,585,0.5078125
Always Sample,,1026,volatile,independent,-22.816999999999883,0.5052083333333334,0.49479166666666663,29.09584000000039,27.702533820830276,0.024742983291897988,15.508680555555555,59.0,69.0,548.0,0.7326388888888888,0.37013527199074076,578,578,0,0,574,578,0.5017361111111112
Always Sample,,1027,volatile,independent,-55.24899999999997,0.45544554455445546,0.5445544554455446,28.695840000000377,27.99950208607195,0.018652066240586074,16.34548611111111,61.0,70.0,547.0,0.738425925925926,0.33631279794646135,570,570,0,0,582,570,0.4947916666666667
Always Sample,,1028,volatile,independent,-63.762000000000015,0.44505494505494503,0.554945054945055,28.995840000000385,27.53038759107808,0.013058495665857092,15.671875,60.0,71.0,558.0,0.7326388888888888,0.3260645604395604,576,576,0,0,576,576,0.5
Always Sample,,1029,volatile,independent,60.64499999999968,0.6055045871559633,0.39449541284403666,28.945840000000388,27.664643683651576,0.026810629179480013,15.924479166666666,60.0,72.0,541.0,0.802662037037037,0.48601554536187563,575,575,0,0,577,575,0.4991319444444444
Always Sample,,1030,volatile,independent,-28.509999999999973,0.49489795918367346,0.5051020408163265,28.695840000000377,27.767372544185854,0.020981693339028048,16.06076388888889,61.0,69.0,544.0,0.7638888888888888,0.378047052154195,570,570,0,0,582,570,0.4947916666666667
Random Feasible,,1001,volatile,independent,-108.36899999999993,0.3401015228426396,0.6598984771573604,19.145840000000184,27.739939073151852,0.012666068841268582,8.4140625,41.0,58.0,183.0,0.7800925925925927,0.2653106786990036,379,379,0,0,773,379,0.3289930555555556
Random Feasible,,1002,volatile,independent,-126.51000000000002,0.3028571428571429,0.6971428571428571,19.245840000000204,27.508440333087822,0.02438849561437273,10.178819444444445,45.0,62.0,189.0,0.7604166666666666,0.23029761904761906,381,381,0,0,771,381,0.3307291666666667
Random Feasible,,1003,volatile,independent,-127.62600000000002,0.30851063829787234,0.6914893617021276,19.6458400000002,27.779501553140616,0.025458811737640606,8.714409722222221,40.0,66.0,181.0,0.78125,0.24102393617021275,389,389,0,0,763,389,0.3376736111111111
Random Feasible,,1004,volatile,independent,-128.09999999999997,0.32589285714285715,0.6741071428571428,18.795840000000176,27.984379276377897,0.030592358315315555,9.2734375,43.0,61.0,166.0,0.7766203703703703,0.2530950314153439,372,372,0,0,780,372,0.3229166666666667
Random Feasible,,1005,volatile,independent,-130.02700000000002,0.30319148936170215,0.6968085106382979,18.44584000000017,27.975712530041516,0.028707420578446774,9.785590277777779,45.0,57.0,170.0,0.7922453703703703,0.24020205378250592,365,365,0,0,787,365,0.3168402777777778
Random Feasible,,1006,volatile,independent,-121.19899999999988,0.3128491620111732,0.6871508379888268,19.495840000000197,27.890333093412796,0.013284964373207147,8.967881944444445,42.0,59.0,195.0,0.7853009259259259,0.24568073660252432,386,386,0,0,766,386,0.3350694444444444
Random Feasible,,1007,volatile,independent,-131.9709999999999,0.3157894736842105,0.6842105263157895,19.795840000000197,27.934120924259485,0.012097449309321447,9.15625,43.0,61.0,182.0,0.8003472222222222,0.2527412280701754,392,392,0,0,760,392,0.3402777777777778
Random Feasible,,1008,volatile,independent,-109.26899999999993,0.34615384615384615,0.6538461538461539,19.945840000000203,27.525980181464767,0.011656529438377024,8.71701388888889,41.0,63.0,196.0,0.7980324074074073,0.27624198717948717,395,395,0,0,757,395,0.3428819444444444
Random Feasible,,1009,volatile,independent,-142.55299999999994,0.2980769230769231,0.7019230769230769,19.045840000000197,27.94306412681636,0.014232947000162784,8.80642361111111,42.0,61.0,178.0,0.7731481481481481,0.23045762108262108,377,377,0,0,775,377,0.3272569444444444
Random Feasible,,1010,volatile,independent,-79.46400000000001,0.3804347826086957,0.6195652173913043,18.795840000000158,27.74824410509017,0.018827216418565183,10.015625,44.450000000000045,60.0,184.0,0.793113425925926,0.3017279337761675,372,372,0,0,780,372,0.3229166666666667
Random Feasible,,1011,volatile,independent,-103.65700000000005,0.34536082474226804,0.654639175257732,18.895840000000174,27.70239752450926,0.01794640470446776,8.762152777777779,41.450000000000045,67.0,172.0,0.7754629629629629,0.2678145284459717,374,374,0,0,778,374,0.3246527777777778
Random Feasible,,1012,volatile,independent,-110.73599999999998,0.32967032967032966,0.6703296703296704,18.745840000000168,28.058029830878787,0.01810859733602481,9.51388888888889,44.0,63.0,174.0,0.8136574074074073,0.26823870573870573,371,371,0,0,781,371,0.3220486111111111
Random Feasible,,1013,volatile,independent,-132.39900000000003,0.32456140350877194,0.6754385964912281,20.345840000000226,27.454247731784978,0.026335018592364298,8.06076388888889,40.0,54.0,202.0,0.7844328703703705,0.254596633365822,403,403,0,0,749,403,0.3498263888888889
Random Feasible,,1014,volatile,independent,-124.08699999999997,0.32,0.6799999999999999,18.84584000000018,27.589173110752224,0.024214494799795663,9.567708333333334,43.0,57.0,191.0,0.7621527777777778,0.2438888888888889,373,373,0,0,779,373,0.3237847222222222
Random Feasible,,1015,volatile,independent,-110.12199999999994,0.3415841584158416,0.6584158415841583,19.395840000000177,27.465949747976207,0.01861439751362985,9.059895833333334,43.0,56.0,177.0,0.7922453703703705,0.27061846809680973,384,384,0,0,768,384,0.3333333333333333
Random Feasible,,1016,volatile,independent,-105.64299999999997,0.3333333333333333,0.6666666666666667,19.545840000000208,27.912523638581064,0.020485181152148767,7.916666666666667,38.0,50.0,181.0,0.8125,0.2708333333333333,387,387,0,0,765,387,0.3359375
Random Feasible,,1017,volatile,independent,-117.599,0.3149171270718232,0.6850828729281768,17.59584000000014,27.79940033660737,0.009398949550708628,9.707465277777779,45.0,65.0,151.0,0.7847222222222222,0.24712246777163902,348,348,0,0,804,348,0.3020833333333333
Random Feasible,,1018,volatile,independent,-120.00899999999997,0.32065217391304346,0.6793478260869565,19.595840000000184,27.93626192510004,0.02823956747479146,10.61545138888889,46.450000000000045,68.0,203.0,0.8191550925925927,0.2626638612117552,388,388,0,0,764,388,0.3368055555555556
Random Feasible,,1019,volatile,independent,-104.08299999999997,0.3548387096774194,0.6451612903225806,19.545840000000187,28.01763475150466,0.026229831751838083,8.338541666666666,39.450000000000045,59.0,190.0,0.7899305555555556,0.28029793906810035,387,387,0,0,765,387,0.3359375
Random Feasible,,1020,volatile,independent,-164.0159999999999,0.2669902912621359,0.7330097087378641,19.095840000000184,27.822903063404752,0.024605973975114243,8.62673611111111,41.0,57.0,172.0,0.7887731481481483,0.21059477256382597,378,378,0,0,774,378,0.328125
Random Feasible,,1021,volatile,independent,-91.114,0.3612565445026178,0.6387434554973822,19.195840000000196,27.789645516335348,0.01647561212027461,7.183159722222222,35.450000000000045,51.0,169.0,0.828125,0.2991655759162304,380,380,0,0,772,380,0.3298611111111111
Random Feasible,,1022,volatile,independent,-118.92999999999996,0.3300970873786408,0.6699029126213591,18.49584000000018,27.71280169468463,0.01496987627893926,10.252604166666666,46.0,68.0,175.0,0.7372685185185185,0.24337019057892845,366,366,0,0,786,366,0.3177083333333333
Random Feasible,,1023,volatile,independent,-155.09899999999996,0.2822966507177033,0.7177033492822966,19.445840000000207,27.651486251152924,0.020028117612509527,8.569444444444445,41.0,62.0,182.0,0.7586805555555556,0.21417297979797978,385,385,0,0,767,385,0.3342013888888889
Random Feasible,,1024,volatile,independent,-102.59599999999998,0.3439153439153439,0.656084656084656,18.445840000000164,27.4878718435454,0.015026899154127863,8.99826388888889,41.0,62.0,179.0,0.8043981481481481,0.2766448657652361,365,365,0,0,787,365,0.3168402777777778
Random Feasible,,1025,volatile,independent,-173.545,0.2669683257918552,0.7330316742081449,19.4958400000002,27.56357776179843,0.021596793853350865,8.802083333333334,41.450000000000045,55.0,194.0,0.7309027777777778,0.19512789089994972,386,386,0,0,766,386,0.3350694444444444
Random Feasible,,1026,volatile,independent,-149.04799999999992,0.2760416666666667,0.7239583333333333,18.995840000000168,27.702533820830276,0.022088961303735916,7.9375,39.0,57.0,172.0,0.7725694444444444,0.2132613570601852,376,376,0,0,776,376,0.3263888888888889
Random Feasible,,1027,volatile,independent,-140.2789999999999,0.297029702970297,0.7029702970297029,18.545840000000172,27.99950208607195,0.013499637632543852,9.508680555555555,45.0,66.0,178.0,0.7737268518518517,0.22981985698569854,367,367,0,0,785,367,0.3185763888888889
Random Feasible,,1028,volatile,independent,-109.32699999999998,0.33516483516483514,0.6648351648351649,19.545840000000187,27.53038759107808,0.024556415068876573,9.897569444444445,44.0,59.0,194.0,0.7777777777777778,0.26068376068376065,387,387,0,0,765,387,0.3359375
Random Feasible,,1029,volatile,independent,-59.21299999999995,0.41284403669724773,0.5871559633027523,18.845840000000155,27.664643683651576,0.02670564284311135,8.919270833333334,41.450000000000045,67.0,178.0,0.8194444444444444,0.338302752293578,373,373,0,0,779,373,0.3237847222222222
Random Feasible,,1030,volatile,independent,-95.42799999999997,0.35714285714285715,0.6428571428571428,18.395840000000156,27.767372544185854,0.01166005791224593,8.870659722222221,42.0,55.0,156.0,0.8055555555555556,0.28769841269841273,364,364,0,0,788,364,0.3159722222222222
Fixed Interval,,1001,volatile,independent,-265.83799999999985,0.06598984771573604,0.934010152284264,4.995839999999857,27.739939073151852,0.6693543429210911,5.4375,11.0,11.0,0.0,0.5978009259259259,0.03944879206617786,96,96,0,0,1056,96,0.08333333333333333
Fixed Interval,,1002,volatile,independent,-232.83800000000014,0.07428571428571429,0.9257142857142857,4.995839999999857,27.508440333087822,0.6700445776603035,5.4375,11.0,11.0,0.0,0.640625,0.047589285714285716,96,96,0,0,1056,96,0.08333333333333333
Fixed Interval,,1003,volatile,independent,-259.33799999999997,0.05851063829787234,0.9414893617021276,4.995839999999857,27.779501553140616,0.6690820419371315,5.4375,11.0,11.0,0.0,0.5983796296296295,0.03501157407407407,96,96,0,0,1056,96,0.08333333333333333
Fixed Interval,,1004,volatile,independent,-278.3379999999997,0.09375,0.90625,4.995839999999857,27.984379276377897,0.6698421681097757,5.4375,11.0,11.0,0.0,0.5711805555555556,0.053548177083333336,96,96,0,0,1056,96,0.08333333333333333
Fixed Interval,,1005,volatile,independent,-224.3380000000001,0.11170212765957446,0.8882978723404256,4.995839999999857,27.975712530041516,0.669283484720943,5.4375,11.0,11.0,0.0,0.6082175925925926,0.06793919917257682,96,96,0,0,1056,96,0.08333333333333333
Fixed Interval,,1006,volatile,independent,-224.83800000000014,0.09497206703910614,0.9050279329608939,4.995839999999857,27.890333093412796,0.6695935646594775,5.4375,11.0,11.0,0.0,0.6186342592592592,0.05875297434305813,96,96,0,0,1056,96,0.08333333333333333
Fixed Interval,,1007,volatile,independent,-262.8379999999998,0.09090909090909091,0.9090909090909091,4.995839999999857,27.934120924259485,0.6697359045085034,5.4375,11.0,11.0,0.0,0.5862268518518517,0.05329335016835016,96,96,0,0,1056,96,0.08333333333333333
Fixed Interval,,1008,volatile,independent,-275.33799999999917,0.07211538461538461,0.9278846153846154,4.995839999999857,27.525980181464767,0.6698089819728406,5.4375,11.0,11.0,0.0,0.5856481481481481,0.04223424145299145,96,96,0,0,1056,96,0.08333333333333333
Fixed Interval,,1009,volatile,independent,-278.8379999999997,0.0673076923076923,0.9326923076923077,4.995839999999857,27.94306412681636,0.6697825942656249,5.4375,11.0,11.0,0.0,0.5543981481481481,0.037315259971509966,96,96,0,0,1056,96,0.08333333333333333
Fixed Interval,,1010,volatile,independent,-242.8380000000001,0.07608695652173914,0.9239130434782609,4.995839999999857,27.74824410509017,0.6695610000729535,5.4375,11.0,11.0,0.0,0.621238425925926,0.047268141103059595,96,96,0,0,1056,96,0.08333333333333333
Fixed Interval,,1011,volatile,independent,-261.3379999999999,0.06701030927835051,0.9329896907216495,4.995839999999857,27.70239752450926,0.6695168289269708,5.4375,11.0,11.0,0.0,0.5908564814814814,0.03959347556319205,96,96,0,0,1056,96,0.08333333333333333
Fixed Interval,,1012,volatile,independent,-236.33800000000002,0.08241758241758242,0.9175824175824175,4.995839999999857,28.058029830878787,0.669120366382267,5.4375,11.0,11.0,0.0,0.6168981481481483,0.050843253968253975,96,96,0,0,1056,96,0.08333333333333333
Fixed Interval,,1013,volatile,independent,-301.8379999999992,0.07017543859649122,0.9298245614035088,4.995839999999857,27.454247731784978,0.6700898433599678,5.4375,11.0,11.0,0.0,0.5836226851851851,0.04095597790773229,96,96,0,0,1056,96,0.08333333333333333
Fixed Interval,,1014,volatile,independent,-245.8380000000002,0.1,0.9,4.995839999999857,27.589173110752224,0.6697003952210264,5.4375,11.0,11.0,0.0,0.5815972222222222,0.058159722222222224,96,96,0,0,1056,96,0.08333333333333333
Fixed Interval,,1015,volatile,independent,-262.838,0.07920792079207921,0.9207920792079208,4.995839999999857,27.465949747976207,0.669747955374131,5.4375,11.0,11.0,0.0,0.6116898148148148,0.048450678401173446,96,96,0,0,1056,96,0.08333333333333333
Fixed Interval,,1016,volatile,independent,-213.83800000000008,0.10344827586206896,0.896551724137931,4.995839999999857,27.912523638581064,0.6700060372093892,5.4375,11.0,11.0,0.0,0.6585648148148149,0.06812739463601533,96,96,0,0,1056,96,0.08333333333333333
Fixed Interval,,1017,volatile,independent,-241.83800000000016,0.0718232044198895,0.9281767955801105,4.995839999999857,27.79940033660737,0.6694728632552946,5.4375,11.0,11.0,0.0,0.6452546296296295,0.04634425516676897,96,96,0,0,1056,96,0.08333333333333333
Fixed Interval,,1018,volatile,independent,-225.33800000000005,0.10326086956521739,0.8967391304347826,4.995839999999857,27.93626192510004,0.6698607955304972,5.4375,11.0,11.0,0.0,0.6498842592592592,0.06710761372785828,96,96,0,0,1056,96,0.08333333333333333
Fixed Interval,,1019,volatile,independent,-306.33799999999883,0.04608294930875576,0.9539170506912442,4.995839999999857,28.01763475150466,0.6697671619349127,5.4375,11.0,11.0,0.0,0.5306712962962963,0.02445489844683393,96,96,0,0,1056,96,0.08333333333333333
Fixed Interval,,1020,volatile,independent,-265.3379999999998,0.0825242718446602,0.9174757281553398,4.995839999999857,27.822903063404752,0.6697770331766788,5.4375,11.0,11.0,0.0,0.5434027777777778,0.04484391855447681,96,96,0,0,1056,96,0.08333333333333333
Fixed Interval,,1021,volatile,independent,-260.3379999999999,0.06282722513089005,0.93717277486911,4.995839999999857,27.789645516335348,0.6700978417932404,5.4375,11.0,11.0,0.0,0.6197916666666666,0.038939790575916226,96,96,0,0,1056,96,0.08333333333333333
Fixed Interval,,1022,volatile,independent,-254.83800000000002,0.0970873786407767,0.9029126213592233,4.995839999999857,27.71280169468463,0.6690143042871317,5.4375,11.0,11.0,0.0,0.5966435185185186,0.05792655519597268,96,96,0,0,1056,96,0.08333333333333333
Fixed Interval,,1023,volatile,independent,-255.83800000000002,0.10047846889952153,0.8995215311004785,4.995839999999857,27.651486251152924,0.6699192975423459,5.4375,11.0,11.0,0.0,0.6006944444444444,0.06035685805422647,96,96,0,0,1056,96,0.08333333333333333
Fixed Interval,,1024,volatile,independent,-232.8380000000001,0.10052910052910052,0.8994708994708995,4.995839999999857,27.4878718435454,0.6696473407831973,5.4375,11.0,11.0,0.0,0.6325231481481481,0.06358698314716833,96,96,0,0,1056,96,0.08333333333333333
Fixed Interval,,1025,volatile,independent,-273.83799999999974,0.09502262443438914,0.9049773755656109,4.995839999999857,27.56357776179843,0.6699222026927532,5.4375,11.0,11.0,0.0,0.560474537037037,0.05325776143790849,96,96,0,0,1056,96,0.08333333333333333
Fixed Interval,,1026,volatile,independent,-254.83800000000005,0.07291666666666667,0.9270833333333334,4.995839999999857,27.702533820830276,0.6697547949594715,5.4375,11.0,11.0,0.0,0.5787037037037037,0.0421971450617284,96,96,0,0,1056,96,0.08333333333333333
Fixed Interval,,1027,volatile,independent,-266.33799999999985,0.07425742574257425,0.9257425742574258,4.995839999999857,27.99950208607195,0.6699452377422875,5.4375,11.0,11.0,0.0,0.6001157407407408,0.04456305005500551,96,96,0,0,1056,96,0.08333333333333333
Fixed Interval,,1028,volatile,independent,-239.83800000000016,0.07692307692307693,0.9230769230769231,4.995839999999857,27.53038759107808,0.6689080080734426,5.4375,11.0,11.0,0.0,0.6128472222222222,0.047142094017094016,96,96,0,0,1056,96,0.08333333333333333
Fixed Interval,,1029,volatile,independent,-258.838,0.11009174311926606,0.8899082568807339,4.995839999999857,27.664643683651576,0.6699546658091359,5.4375,11.0,11.0,0.0,0.5949074074074073,0.06549439347604484,96,96,0,0,1056,96,0.08333333333333333
Fixed Interval,,1030,volatile,independent,-253.83800000000005,0.08163265306122448,0.9183673469387755,4.995839999999857,27.767372544185854,0.6692576728468909,5.4375,11.0,11.0,0.0,0.6035879629629629,0.049272486772486766,96,96,0,0,1056,96,0.08333333333333333
Entropy Threshold,,1001,volatile,independent,218.05400000000012,0.7868020304568528,0.21319796954314718,11.99584000000003,27.739939073151852,0.15055839771426963,4.677951388888889,15.0,31.0,58.0,0.9120370370370371,0.7175925925925927,236,236,0,0,916,236,0.2048611111111111
Entropy Threshold,,1002,volatile,independent,206.25599999999997,0.8114285714285714,0.1885714285714286,11.245840000000001,27.508440333087822,0.18544232751642625,5.376736111111111,17.0,38.0,44.0,0.9305555555555556,0.755079365079365,221,221,0,0,931,221,0.1918402777777778
Entropy Threshold,,1003,volatile,independent,165.11599999999999,0.723404255319149,0.276595744680851,11.795840000000043,27.779501553140616,0.2412134277290969,4.948784722222222,17.0,27.0,43.0,0.8888888888888888,0.6430260047281324,232,232,0,0,920,232,0.2013888888888889
Entropy Threshold,,1004,volatile,independent,159.89300000000003,0.6696428571428571,0.3303571428571429,11.795840000000025,27.984379276377897,0.1490370443135718,5.150173611111111,18.0,43.0,48.0,0.8668981481481481,0.5805121527777777,232,232,0,0,920,232,0.2013888888888889
Entropy Threshold,,1005,volatile,independent,186.04999999999998,0.7553191489361702,0.24468085106382975,11.945840000000038,27.975712530041516,0.15530363912474662,4.750868055555555,15.0,28.0,46.0,0.9131944444444444,0.6897532505910166,235,235,0,0,917,235,0.20399305555555555
Entropy Threshold,,1006,volatile,independent,147.28100000000006,0.7094972067039106,0.2905027932960894,11.645840000000014,27.890333093412796,0.21344293332199837,5.066840277777778,18.0,38.0,57.0,0.8975694444444444,0.6368230136561142,229,229,0,0,923,229,0.1987847222222222
Entropy Threshold,,1007,volatile,independent,236.259,0.7942583732057417,0.20574162679425834,13.245840000000081,27.934120924259485,0.13685076387419076,4.485243055555555,15.0,38.0,60.0,0.9288194444444444,0.7377226209463051,261,261,0,0,891,261,0.2265625
Entropy Threshold,,1008,volatile,independent,197.66300000000012,0.7403846153846154,0.2596153846153846,11.545840000000009,27.525980181464767,0.1507555814183011,5.7890625,19.0,51.0,49.0,0.8836805555555556,0.6542634882478633,227,227,0,0,925,227,0.1970486111111111
Entropy Threshold,,1009,volatile,independent,194.8990000000001,0.7403846153846154,0.2596153846153846,12.24584000000005,27.94306412681636,0.19632016271849378,7.051215277777778,31.0,62.0,52.0,0.8836805555555556,0.6542634882478633,241,241,0,0,911,241,0.2092013888888889
Entropy Threshold,,1010,volatile,independent,181.13100000000003,0.7554347826086957,0.24456521739130432,11.295839999999977,27.74824410509017,0.1315267472289965,6.233506944444445,22.0,44.0,46.0,0.9079861111111112,0.6859242904589372,222,222,0,0,930,222,0.19270833333333334
Entropy Threshold,,1011,volatile,independent,194.32299999999998,0.7577319587628866,0.24226804123711343,11.545839999999993,27.70239752450926,0.09092220051223365,5.649305555555555,21.0,33.0,44.0,0.9270833333333334,0.7024806701030928,227,227,0,0,925,227,0.1970486111111111
Entropy Threshold,,1012,volatile,independent,205.39900000000003,0.7967032967032966,0.20329670329670335,11.39584000000001,28.058029830878787,0.19441850287112333,5.840277777777778,23.0,46.0,58.0,0.9236111111111112,0.735844017094017,224,224,0,0,928,224,0.19444444444444445
Entropy Threshold,,1013,volatile,independent,192.81099999999995,0.7105263157894737,0.2894736842105263,13.445840000000048,27.454247731784978,0.0685886187397346,4.973958333333333,18.0,47.0,68.0,0.9039351851851851,0.6422697368421052,265,265,0,0,887,265,0.2300347222222222
Entropy Threshold,,1014,volatile,independent,150.10800000000003,0.685,0.31499999999999995,10.945839999999972,27.589173110752224,0.08759440478254724,6.924479166666667,26.0,56.0,41.0,0.8524305555555556,0.5839149305555557,215,215,0,0,937,215,0.18663194444444445
Entropy Threshold,,1015,volatile,independent,170.82499999999993,0.7128712871287128,0.28712871287128716,12.095840000000004,27.465949747976207,0.04415965747922469,5.582465277777778,20.0,35.0,55.0,0.8975694444444444,0.6398514851485148,238,238,0,0,914,238,0.2065972222222222
Entropy Threshold,,1016,volatile,independent,233.9210000000001,0.8620689655172413,0.13793103448275867,12.245840000000042,27.912523638581064,0.2182661681113297,5.193576388888889,18.0,32.0,48.0,0.9589120370370371,0.8266483077905492,241,241,0,0,911,241,0.2092013888888889
Entropy Threshold,,1017,volatile,independent,176.59200000000004,0.7513812154696132,0.24861878453038677,10.595839999999944,27.79940033660737,0.1595233572595643,6.191840277777778,21.0,39.0,45.0,0.8975694444444444,0.6744168201350521,208,208,0,0,944,208,0.18055555555555555
Entropy Threshold,,1018,volatile,independent,228.724,0.8315217391304348,0.1684782608695652,12.595840000000047,27.93626192510004,0.1037099272668186,5.204861111111111,16.0,50.0,61.0,0.9565972222222222,0.7954313858695652,248,248,0,0,904,248,0.2152777777777778
Entropy Threshold,,1019,volatile,independent,206.01800000000003,0.7419354838709677,0.25806451612903225,13.09584000000004,28.01763475150466,0.10491048074323309,5.381076388888889,21.0,34.0,58.0,0.8940972222222222,0.6633624551971327,258,258,0,0,894,258,0.22395833333333334
Entropy Threshold,,1020,volatile,independent,149.30499999999998,0.6747572815533981,0.3252427184466019,11.145839999999968,27.822903063404752,0.14651175378183806,5.484375,19.0,34.0,43.0,0.8391203703703703,0.5662025800071917,219,219,0,0,933,219,0.19010416666666666
Entropy Threshold,,1021,volatile,independent,195.27899999999997,0.7643979057591623,0.23560209424083767,11.295840000000043,27.789645516335348,0.3040190285914158,6.118923611111111,21.0,54.0,45.0,0.9149305555555556,0.6993710005817336,222,222,0,0,930,222,0.19270833333333334
Entropy Threshold,,1022,volatile,independent,175.55200000000013,0.7135922330097088,0.28640776699029125,12.095840000000052,27.71280169468463,0.20578549981849745,5.372395833333333,19.0,32.0,54.0,0.8784722222222222,0.6268709546925566,238,238,0,0,914,238,0.2065972222222222
Entropy Threshold,,1023,volatile,independent,171.46300000000002,0.7033492822966507,0.2966507177033493,11.19583999999999,27.651486251152924,0.19049838755547643,6.557291666666667,27.0,42.0,49.0,0.8680555555555556,0.6105462519936204,220,220,0,0,932,220,0.1909722222222222
Entropy Threshold,,1024,volatile,independent,211.80699999999993,0.7936507936507936,0.2063492063492064,11.995840000000038,27.4878718435454,0.13257579870204855,5.302083333333333,17.0,36.0,54.0,0.925925925925926,0.7348618459729571,236,236,0,0,916,236,0.2048611111111111
Entropy Threshold,,1025,volatile,independent,190.63000000000005,0.7149321266968326,0.2850678733031674,12.545840000000098,27.56357776179843,0.25085369998405704,5.397569444444445,19.450000000000045,50.0,57.0,0.8784722222222222,0.6280480140774258,247,247,0,0,905,247,0.2144097222222222
Entropy Threshold,,1026,volatile,independent,168.64,0.7239583333333334,0.27604166666666663,12.545840000000076,27.702533820830276,0.1476225026104287,4.505208333333333,15.0,29.0,45.0,0.8802083333333334,0.6372341579861112,247,247,0,0,905,247,0.2144097222222222
Entropy Threshold,,1027,volatile,independent,184.98200000000003,0.7326732673267327,0.26732673267326734,11.445839999999992,27.99950208607195,0.11240027850800867,6.581597222222222,25.0,50.0,43.0,0.9027777777777778,0.6614411441144115,225,225,0,0,927,225,0.1953125
Entropy Threshold,,1028,volatile,independent,156.75099999999995,0.7197802197802198,0.2802197802197802,11.145839999999977,27.53038759107808,0.09044608996608974,5.977430555555555,22.0,45.0,45.0,0.8819444444444444,0.634806166056166,219,219,0,0,933,219,0.19010416666666666
Entropy Threshold,,1029,volatile,independent,250.82399999999984,0.7981651376146789,0.2018348623853211,12.895840000000053,27.664643683651576,0.07556822578472408,5.063368055555555,18.0,32.0,58.0,0.9253472222222222,0.7385798929663608,254,254,0,0,898,254,0.2204861111111111
Entropy Threshold,,1030,volatile,independent,201.864,0.7653061224489796,0.23469387755102045,11.595840000000022,27.767372544185854,0.17647099657458365,5.518229166666667,20.0,40.0,54.0,0.8981481481481483,0.687358276643991,228,228,0,0,924,228,0.19791666666666666
Battery + Entropy,,1001,volatile,independent,207.82200000000003,0.7715736040609137,0.2284263959390863,11.74584000000002,27.739939073151852,0.162706243788119,4.880208333333333,16.0,36.0,57.0,0.9016203703703705,0.6956664786614025,231,231,0,0,921,231,0.20052083333333334
Battery + Entropy,,1002,volatile,independent,196.00399999999996,0.7942857142857143,0.20571428571428574,11.045839999999991,27.508440333087822,0.1979423275164262,5.509548611111111,18.0,39.0,42.0,0.9201388888888888,0.7308531746031746,217,217,0,0,935,217,0.18836805555555555
Battery + Entropy,,1003,volatile,independent,154.70299999999997,0.7074468085106383,0.29255319148936165,11.595840000000042,27.779501553140616,0.2537134277290969,5.222222222222222,19.0,33.0,42.0,0.8854166666666666,0.626385195035461,228,228,0,0,924,228,0.19791666666666666
Battery + Entropy,,1004,volatile,independent,152.84199999999998,0.6607142857142857,0.3392857142857143,11.545840000000018,27.984379276377897,0.1615370443135718,5.630208333333333,20.0,48.0,48.0,0.8564814814814814,0.5658895502645502,227,227,0,0,925,227,0.1970486111111111
Battery + Entropy,,1005,volatile,independent,175.56400000000005,0.7393617021276596,0.2606382978723404,11.695840000000027,27.975712530041516,0.1678036391247466,5.177083333333333,17.0,34.0,44.0,0.9027777777777778,0.6674793144208039,230,230,0,0,922,230,0.1996527777777778
Battery + Entropy,,1006,volatile,independent,143.76200000000006,0.7039106145251397,0.2960893854748603,11.445840000000008,27.890333093412796,0.21344293332199837,5.430555555555555,20.450000000000045,39.0,56.0,0.8888888888888888,0.6256983240223464,225,225,0,0,927,225,0.1953125
Battery + Entropy,,1007,volatile,independent,226.01200000000003,0.7799043062200957,0.22009569377990434,12.945840000000073,27.934120924259485,0.16185076387419073,4.789930555555555,16.450000000000045,39.0,59.0,0.9184027777777778,0.7162662812333864,255,255,0,0,897,255,0.22135416666666666
Battery + Entropy,,1008,volatile,independent,190.55500000000006,0.7307692307692307,0.2692307692307693,11.345840000000006,27.525980181464767,0.1507555814183011,6.276909722222222,21.0,60.0,49.0,0.8767361111111112,0.6406917735042735,223,223,0,0,929,223,0.1935763888888889
Battery + Entropy,,1009,volatile,independent,188.14700000000013,0.7307692307692307,0.2692307692307693,11.99584000000005,27.94306412681636,0.2088201627184938,7.296006944444445,32.0,64.0,52.0,0.8732638888888888,0.6381543803418803,236,236,0,0,916,236,0.2048611111111111
Battery + Entropy,,1010,volatile,independent,170.84900000000005,0.7391304347826086,0.26086956521739135,11.095839999999976,27.74824410509017,0.14402674722899644,6.395833333333333,23.0,45.0,46.0,0.8993055555555556,0.6647041062801932,218,218,0,0,934,218,0.1892361111111111
Battery + Entropy,,1011,volatile,independent,180.62899999999993,0.7371134020618557,0.2628865979381443,11.295839999999986,27.70239752450926,0.11592220051223365,5.819444444444445,21.450000000000045,33.0,42.0,0.9166666666666666,0.6756872852233677,222,222,0,0,930,222,0.19270833333333334
Battery + Entropy,,1012,volatile,independent,191.5360000000001,0.7747252747252747,0.22527472527472525,11.195840000000006,28.058029830878787,0.19441850287112333,6.068576388888889,24.0,47.0,57.0,0.9131944444444444,0.7074748168498168,220,220,0,0,932,220,0.1909722222222222
Battery + Entropy,,1013,volatile,independent,189.319,0.706140350877193,0.29385964912280704,13.145840000000033,27.454247731784978,0.10608861873973456,5.500868055555555,20.450000000000045,48.0,66.0,0.8952546296296295,0.632175418291098,259,259,0,0,893,259,0.2248263888888889
Battery + Entropy,,1014,volatile,independent,135.95899999999995,0.665,0.33499999999999996,10.64583999999999,27.589173110752224,0.12509440478254716,7.620659722222222,30.0,61.0,41.0,0.8385416666666666,0.5576302083333333,209,209,0,0,943,209,0.1814236111111111
Battery + Entropy,,1015,volatile,independent,160.26700000000002,0.698019801980198,0.301980198019802,11.845840000000004,27.465949747976207,0.06847045884753081,6.068576388888889,22.450000000000045,46.0,53.0,0.890625,0.6216738861386139,233,233,0,0,919,233,0.20225694444444445
Battery + Entropy,,1016,volatile,independent,223.04100000000014,0.8448275862068966,0.15517241379310343,12.095840000000042,27.912523638581064,0.23076616811132972,5.786458333333333,22.0,48.0,48.0,0.9519675925925927,0.8042484833971904,238,238,0,0,914,238,0.2065972222222222
Battery + Entropy,,1017,volatile,independent,158.92800000000003,0.7237569060773481,0.2762430939226519,10.29583999999994,27.79940033660737,0.1845233572595643,6.859375,25.0,46.0,44.0,0.8854166666666666,0.6408264272559853,202,202,0,0,950,202,0.1753472222222222
Battery + Entropy,,1018,volatile,independent,221.81500000000003,0.8206521739130435,0.17934782608695654,12.34584000000003,27.93626192510004,0.11620992726681859,5.565104166666667,18.450000000000045,52.0,59.0,0.9548611111111112,0.7836088466183575,243,243,0,0,909,243,0.2109375
Battery + Entropy,,1019,volatile,independent,188.825,0.7188940092165899,0.28110599078341014,12.795840000000036,28.01763475150466,0.12991048074323308,5.644965277777778,22.0,36.0,57.0,0.8819444444444444,0.6340245775729646,252,252,0,0,900,252,0.21875
Battery + Entropy,,1020,volatile,independent,142.21599999999998,0.6650485436893204,0.3349514563106796,10.895839999999968,27.822903063404752,0.15901175378183807,5.996527777777778,21.450000000000045,40.0,41.0,0.8356481481481481,0.5557465839626035,214,214,0,0,938,214,0.1857638888888889
Battery + Entropy,,1021,volatile,independent,184.68700000000004,0.7486910994764397,0.25130890052356025,11.04584000000004,27.789645516335348,0.31651902859141573,6.649305555555555,24.450000000000045,57.0,45.0,0.90625,0.6785013089005235,217,217,0,0,935,217,0.18836805555555555
Battery + Entropy,,1022,volatile,independent,158.14300000000026,0.6893203883495146,0.3106796116504854,11.795840000000045,27.71280169468463,0.23078549981849747,5.815972222222222,21.0,43.0,53.0,0.8611111111111112,0.5935814455231931,232,232,0,0,920,232,0.2013888888888889
Battery + Entropy,,1023,volatile,independent,160.29899999999998,0.6889952153110048,0.3110047846889952,10.995839999999964,27.651486251152924,0.20299838755547644,7.506944444444445,32.450000000000045,57.0,46.0,0.8645833333333334,0.5956937799043063,216,216,0,0,936,216,0.1875
Battery + Entropy,,1024,volatile,independent,201.57899999999998,0.7777777777777778,0.2222222222222222,11.845840000000033,27.4878718435454,0.15757579870204852,5.329861111111111,17.0,35.0,53.0,0.9207175925925927,0.7161136831275721,233,233,0,0,919,233,0.20225694444444445
Battery + Entropy,,1025,volatile,independent,177.31600000000012,0.6968325791855203,0.30316742081447967,12.39584000000009,27.56357776179843,0.263353699984057,5.069444444444445,18.0,35.0,55.0,0.8773148148148149,0.6113415451650746,244,244,0,0,908,244,0.21180555555555555
Battery + Entropy,,1026,volatile,independent,161.87199999999999,0.7135416666666666,0.28645833333333337,12.245840000000053,27.702533820830276,0.17262250261042872,4.831597222222222,16.0,32.0,44.0,0.8732638888888888,0.6231101707175926,241,241,0,0,911,241,0.2092013888888889
Battery + Entropy,,1027,volatile,independent,171.184,0.7128712871287128,0.28712871287128716,11.095839999999974,27.99950208607195,0.14990027850800863,7.0234375,27.0,52.0,41.0,0.8923611111111112,0.6361386138613861,218,218,0,0,934,218,0.1892361111111111
Battery + Entropy,,1028,volatile,independent,146.53899999999996,0.7032967032967034,0.29670329670329665,10.895839999999977,27.53038759107808,0.11544608996608971,6.164930555555555,23.0,46.0,43.0,0.8773148148148149,0.6170126170126171,214,214,0,0,938,214,0.1857638888888889
Battery + Entropy,,1029,volatile,independent,236.53999999999988,0.7798165137614679,0.22018348623853212,12.695840000000056,27.664643683651576,0.11306822578472409,5.660590277777778,21.0,51.0,57.0,0.9166666666666666,0.7148318042813455,250,250,0,0,902,250,0.2170138888888889
Battery + Entropy,,1030,volatile,independent,191.515,0.75,0.25,11.295840000000018,27.767372544185854,0.20147099657458362,5.914930555555555,22.0,42.0,51.0,0.8929398148148149,0.6697048611111112,222,222,0,0,930,222,0.19270833333333334
Greedy,,1001,volatile,independent,19.367999999999956,0.5431472081218274,0.4568527918781726,22.245840000000282,27.739939073151852,0.004971373572641443,14.3125,56.0,69.0,212.0,0.7777777777777778,0.4224478285391991,441,441,0,0,711,441,0.3828125
Greedy,,1002,volatile,independent,-52.38599999999999,0.44,0.56,21.995840000000282,27.508440333087822,0.012334002130430993,14.582465277777779,56.450000000000045,69.0,201.0,0.7951388888888888,0.34986111111111107,436,436,0,0,716,436,0.3784722222222222
Greedy,,1003,volatile,independent,-16.080000000000027,0.4946808510638298,0.5053191489361701,22.795840000000304,27.779501553140616,0.03166185332816363,13.143229166666666,52.0,69.0,191.0,0.8038194444444444,0.39763408687943264,452,452,0,0,700,452,0.3923611111111111
Greedy,,1004,volatile,independent,-115.70500000000013,0.35714285714285715,0.6428571428571428,22.245840000000282,27.984379276377897,0.025439304205478453,14.452256944444445,57.0,69.0,210.0,0.755787037037037,0.2699239417989418,441,441,0,0,711,441,0.3828125
Greedy,,1005,volatile,independent,-9.111999999999922,0.5212765957446809,0.4787234042553191,27.695840000000363,27.975712530041516,0.02068385844078204,14.039930555555555,57.0,69.0,436.0,0.7881944444444444,0.41086731678487,550,550,0,0,602,550,0.4774305555555556
Greedy,,1006,volatile,independent,-34.058000000000014,0.4692737430167598,0.5307262569832403,22.445840000000292,27.890333093412796,0.01718192174694183,13.803819444444445,55.0,68.0,207.0,0.7916666666666666,0.3715083798882681,445,445,0,0,707,445,0.3862847222222222
Greedy,,1007,volatile,independent,-2.7950000000000035,0.507177033492823,0.49282296650717705,22.5958400000003,27.934120924259485,0.027307847122032512,14.268229166666666,55.450000000000045,70.0,216.0,0.7887731481481481,0.40004762537657274,448,448,0,0,704,448,0.3888888888888889
Greedy,,1008,volatile,independent,13.497999999999967,0.5288461538461539,0.47115384615384615,21.895840000000277,27.525980181464767,0.022565511697733465,14.92361111111111,57.0,70.0,198.0,0.7980324074074073,0.4220363693019943,434,434,0,0,718,434,0.3767361111111111
Greedy,,1009,volatile,independent,-28.92400000000003,0.47115384615384615,0.5288461538461539,22.14584000000028,27.94306412681636,0.0,14.835069444444445,57.0,70.0,208.0,0.7690972222222222,0.3623631143162393,439,439,0,0,713,439,0.3810763888888889
Greedy,,1010,volatile,independent,-28.19000000000008,0.4782608695652174,0.5217391304347826,22.24584000000028,27.74824410509017,0.03554343585233752,14.905381944444445,57.0,70.0,208.0,0.7847222222222222,0.37530193236714976,441,441,0,0,711,441,0.3828125
Greedy,,1011,volatile,independent,-33.49400000000002,0.4690721649484536,0.5309278350515464,22.545840000000293,27.70239752450926,0.02001926901643865,15.08767361111111,57.0,70.0,225.0,0.7638888888888888,0.3583190148911798,447,447,0,0,705,447,0.3880208333333333
Greedy,,1012,volatile,independent,-18.109000000000055,0.4945054945054945,0.5054945054945055,22.295840000000275,28.058029830878787,0.022625575807490268,14.81076388888889,58.0,69.0,222.0,0.8200231481481481,0.4055059523809524,442,442,0,0,710,442,0.3836805555555556
Greedy,,1013,volatile,independent,13.492000000000067,0.5219298245614035,0.47807017543859653,23.195840000000306,27.454247731784978,0.009766916369611803,13.807291666666666,55.0,69.0,223.0,0.7847222222222222,0.4095699317738791,460,460,0,0,692,460,0.3993055555555556
Greedy,,1014,volatile,independent,-16.666000000000047,0.49,0.51,21.845840000000276,27.589173110752224,0.028699384833781465,15.176215277777779,57.450000000000045,69.0,205.0,0.7916666666666666,0.38791666666666663,433,433,0,0,719,433,0.3758680555555556
Greedy,,1015,volatile,independent,-33.73600000000006,0.46534653465346537,0.5346534653465347,21.895840000000263,27.465949747976207,0.016120172474049663,15.137152777777779,57.0,70.0,214.0,0.7916666666666666,0.3683993399339934,434,434,0,0,718,434,0.3767361111111111
Greedy,,1016,volatile,independent,14.053000000000063,0.5517241379310345,0.4482758620689655,23.0958400000003,27.912523638581064,0.024180346803550804,13.9453125,55.0,69.0,225.0,0.8194444444444444,0.4521072796934866,458,458,0,0,694,458,0.3975694444444444
Greedy,,1017,volatile,independent,-12.520000000000033,0.5027624309392266,0.49723756906077343,21.795840000000275,27.79940033660737,0.014137322042743119,15.096354166666666,57.0,69.0,201.0,0.796875,0.40063881215469616,432,432,0,0,720,432,0.375
Greedy,,1018,volatile,independent,23.11199999999999,0.5597826086956522,0.4402173913043478,22.995840000000296,27.93626192510004,0.022859960484597253,14.645833333333334,57.0,70.0,254.0,0.8078703703703703,0.4522317834138487,456,456,0,0,696,456,0.3958333333333333
Greedy,,1019,volatile,independent,26.308999999999806,0.5576036866359447,0.44239631336405527,27.895840000000362,28.01763475150466,0.01326482313773787,15.21701388888889,59.0,68.0,515.0,0.7760416666666666,0.43272369431643626,554,554,0,0,598,554,0.4809027777777778
Greedy,,1020,volatile,independent,-54.92900000000007,0.4368932038834951,0.5631067961165048,22.595840000000297,27.822903063404752,0.028755330355610925,14.862847222222221,56.0,70.0,221.0,0.7708333333333334,0.33677184466019416,448,448,0,0,704,448,0.3888888888888889
Greedy,,1021,volatile,independent,-27.482000000000077,0.47643979057591623,0.5235602094240838,22.145840000000277,27.789645516335348,0.026007184582052516,14.358506944444445,56.0,69.0,201.0,0.7881944444444444,0.37552719604421175,439,439,0,0,713,439,0.3810763888888889
Greedy,,1022,volatile,independent,12.243999999999948,0.529126213592233,0.470873786407767,22.395840000000277,27.71280169468463,0.010994248365969073,14.76388888888889,58.0,69.0,217.0,0.796875,0.42164745145631066,444,444,0,0,708,444,0.3854166666666667
Greedy,,1023,volatile,independent,-9.88000000000009,0.49760765550239233,0.5023923444976077,22.495840000000285,27.651486251152924,0.02291571317814966,14.608506944444445,57.0,69.0,211.0,0.7569444444444444,0.37666135034556086,446,446,0,0,706,446,0.3871527777777778
Greedy,,1024,volatile,independent,34.474000000000025,0.5714285714285714,0.4285714285714286,22.89584000000031,27.4878718435454,0.01632675994234513,13.411458333333334,53.0,70.0,198.0,0.8420138888888888,0.4811507936507936,454,454,0,0,698,454,0.3940972222222222
Greedy,,1025,volatile,independent,-44.724000000000075,0.4479638009049774,0.5520361990950227,22.345840000000294,27.56357776179843,0.0003121262769218867,14.089409722222221,54.0,69.0,198.0,0.75,0.33597285067873306,443,443,0,0,709,443,0.3845486111111111
Greedy,,1026,volatile,independent,-32.80700000000001,0.46875,0.53125,22.145840000000288,27.702533820830276,0.007722264423395792,14.630208333333334,56.0,69.0,205.0,0.7430555555555556,0.3483072916666667,439,439,0,0,713,439,0.3810763888888889
Greedy,,1027,volatile,independent,-18.379,0.48514851485148514,0.5148514851485149,21.045840000000247,27.99950208607195,0.021251745041788287,15.463541666666666,58.0,69.0,171.0,0.7766203703703705,0.37677621928859556,417,417,0,0,735,417,0.3619791666666667
Greedy,,1028,volatile,independent,-41.90700000000003,0.45604395604395603,0.543956043956044,22.145840000000284,27.53038759107808,0.013751288525201449,14.2734375,55.450000000000045,69.0,224.0,0.7690972222222222,0.3507421398046398,439,439,0,0,713,439,0.3810763888888889
Greedy,,1029,volatile,independent,77.88100000000003,0.6100917431192661,0.38990825688073394,22.8458400000003,27.664643683651576,0.016997802395066347,14.188368055555555,55.0,72.0,211.0,0.8269675925925926,0.5045261000679578,453,453,0,0,699,453,0.3932291666666667
Greedy,,1030,volatile,independent,-18.31200000000005,0.4897959183673469,0.5102040816326531,22.495840000000282,27.767372544185854,0.0257367535088889,14.551215277777779,57.0,69.0,226.0,0.8090277777777778,0.39625850340136054,446,446,0,0,706,446,0.3871527777777778
IQL,101.0,1001,volatile,independent,-12.812999999999914,0.5177664974619289,0.48223350253807107,29.045840000000386,27.739939073151852,0.013339144336944015,15.608506944444445,60.0,69.0,551.0,0.7395833333333334,0.3829314720812183,577,577,0,0,575,577,0.5008680555555556
IQL,101.0,1002,volatile,independent,-42.462999999999944,0.48,0.52,28.79584000000038,27.508440333087822,0.017789153954102625,15.780381944444445,60.0,69.0,542.0,0.7569444444444444,0.3633333333333333,572,572,0,0,580,572,0.4965277777777778
IQL,101.0,1003,volatile,independent,-31.20599999999993,0.4946808510638298,0.5053191489361701,29.245840000000392,27.779501553140616,0.01509750007024118,15.61111111111111,60.0,69.0,550.0,0.7621527777777778,0.3770223847517731,581,581,0,0,571,581,0.5043402777777778
IQL,101.0,1004,volatile,independent,-78.19300000000037,0.42410714285714285,0.5758928571428572,29.095840000000386,27.984379276377897,0.01097711703065126,15.93923611111111,60.0,70.0,552.0,0.7314814814814814,0.3102265211640211,578,578,0,0,574,578,0.5017361111111112
IQL,101.0,1005,volatile,independent,-3.004000000000064,0.5372340425531915,0.4627659574468085,28.995840000000385,27.975712530041516,0.008624746025199144,15.938368055555555,60.0,69.0,547.0,0.7673611111111112,0.412252511820331,576,576,0,0,576,576,0.5
IQL,101.0,1006,volatile,independent,-35.05899999999995,0.49162011173184356,0.5083798882681565,29.245840000000392,27.890333093412796,0.01255385954405806,15.433159722222221,59.0,69.0,549.0,0.7777777777777778,0.3823711980136561,581,581,0,0,571,581,0.5043402777777778
IQL,101.0,1007,volatile,independent,-6.897000000000044,0.5215311004784688,0.47846889952153115,29.295840000000396,27.934120924259485,0.014008424980179499,15.721354166666666,60.0,70.0,550.0,0.771412037037037,0.4023153685982633,582,582,0,0,570,582,0.5052083333333334
IQL,101.0,1008,volatile,independent,-1.2069999999999035,0.5288461538461539,0.47115384615384615,28.79584000000038,27.525980181464767,0.019335066015565117,16.07378472222222,61.0,70.0,547.0,0.7731481481481481,0.40887642450142453,572,572,0,0,580,572,0.4965277777777778
IQL,101.0,1009,volatile,independent,-29.304999999999975,0.49038461538461536,0.5096153846153846,28.845840000000383,27.94306412681636,0.014370408436985692,16.065104166666668,61.0,70.0,545.0,0.7239583333333334,0.35501802884615385,573,573,0,0,579,573,0.4973958333333333
IQL,101.0,1010,volatile,independent,-70.45000000000007,0.43478260869565216,0.5652173913043479,28.895840000000383,27.74824410509017,0.02580276246549764,16.122395833333332,61.0,70.0,546.0,0.7326388888888888,0.31853864734299514,574,574,0,0,578,574,0.4982638888888889
IQL,101.0,1011,volatile,independent,-29.400999999999943,0.4948453608247423,0.5051546391752577,28.895840000000383,27.70239752450926,0.016048631019336818,16.06423611111111,61.0,71.0,539.0,0.7413194444444444,0.3668384879725086,574,574,0,0,578,574,0.4982638888888889
IQL,101.0,1012,volatile,independent,-63.26000000000008,0.44505494505494503,0.554945054945055,28.445840000000366,28.058029830878787,0.016821433839966607,16.352430555555557,61.0,70.0,534.0,0.7760416666666666,0.3453811813186813,565,565,0,0,587,565,0.4904513888888889
IQL,101.0,1013,volatile,independent,-14.060000000000098,0.5043859649122807,0.4956140350877193,29.345840000000393,27.454247731784978,0.0018764670110753027,15.230902777777779,59.0,69.0,540.0,0.7534722222222222,0.3800408138401559,583,583,0,0,569,583,0.5060763888888888
IQL,101.0,1014,volatile,independent,-17.20599999999997,0.51,0.49,28.745840000000378,27.589173110752224,0.01998683595018011,16.174479166666668,61.0,69.0,537.0,0.7482638888888888,0.3816145833333333,571,571,0,0,581,571,0.4956597222222222
IQL,101.0,1015,volatile,independent,-37.5580000000001,0.4801980198019802,0.5198019801980198,28.745840000000378,27.465949747976207,0.021552465218430145,16.0078125,60.450000000000045,70.0,539.0,0.75,0.36014851485148514,571,571,0,0,581,571,0.4956597222222222
IQL,101.0,1016,volatile,independent,10.844999999999906,0.5689655172413793,0.43103448275862066,29.245840000000392,27.912523638581064,0.016885202537900504,15.566840277777779,59.450000000000045,69.0,551.0,0.8090277777777778,0.460308908045977,581,581,0,0,571,581,0.5043402777777778
IQL,101.0,1017,volatile,independent,-27.105999999999938,0.5027624309392266,0.49723756906077343,28.745840000000374,27.79940033660737,0.01053126367238024,16.057291666666668,61.0,69.0,546.0,0.7864583333333334,0.39540170349907927,571,571,0,0,581,571,0.4956597222222222
IQL,101.0,1018,volatile,independent,6.697000000000094,0.5543478260869565,0.44565217391304346,28.84584000000038,27.93626192510004,0.015200720255464498,16.06076388888889,61.0,70.0,551.0,0.7835648148148148,0.43436745169082125,573,573,0,0,579,573,0.4973958333333333
IQL,101.0,1019,volatile,independent,13.339999999999854,0.543778801843318,0.45622119815668205,28.84584000000038,28.01763475150466,0.0132648231377379,15.890625,60.0,69.0,541.0,0.765625,0.4163306451612903,573,573,0,0,579,573,0.4973958333333333
IQL,101.0,1020,volatile,independent,-44.10100000000002,0.470873786407767,0.529126213592233,29.14584000000039,27.822903063404752,0.02722867245488555,15.723958333333334,60.0,70.0,547.0,0.7395833333333334,0.34825040453074435,579,579,0,0,573,579,0.5026041666666666
IQL,101.0,1021,volatile,independent,-31.71399999999996,0.49214659685863876,0.5078534031413613,28.945840000000384,27.789645516335348,0.024949299496769058,15.721354166666666,60.0,69.0,547.0,0.75,0.3691099476439791,575,575,0,0,577,575,0.4991319444444444
IQL,101.0,1022,volatile,independent,-22.302999999999937,0.5,0.5,28.44584000000037,27.71280169468463,0.017549544850765063,16.40972222222222,61.0,70.0,535.0,0.7447916666666666,0.3723958333333333,565,565,0,0,587,565,0.4904513888888889
IQL,101.0,1023,volatile,independent,-55.647,0.45454545454545453,0.5454545454545454,29.045840000000386,27.651486251152924,0.018121095889375487,15.99045138888889,60.450000000000045,69.0,543.0,0.7152777777777778,0.3251262626262626,577,577,0,0,575,577,0.5008680555555556
IQL,101.0,1024,volatile,independent,-4.608999999999995,0.5343915343915344,0.4656084656084656,29.195840000000395,27.4878718435454,0.020878244770877744,15.629340277777779,60.0,70.0,553.0,0.796875,0.425843253968254,580,580,0,0,572,580,0.5034722222222222
IQL,101.0,1025,volatile,independent,-38.71100000000001,0.4751131221719457,0.5248868778280543,29.4458400000004,27.56357776179843,0.0066092916895721466,15.157118055555555,59.0,69.0,555.0,0.7152777777777778,0.3398378582202112,585,585,0,0,567,585,0.5078125
IQL,101.0,1026,volatile,independent,-22.816999999999883,0.5052083333333334,0.49479166666666663,29.09584000000039,27.702533820830276,0.024742983291897988,15.508680555555555,59.0,69.0,548.0,0.7326388888888888,0.37013527199074076,578,578,0,0,574,578,0.5017361111111112
IQL,101.0,1027,volatile,independent,-55.24899999999997,0.45544554455445546,0.5445544554455446,28.695840000000377,27.99950208607195,0.018652066240586074,16.34548611111111,61.0,70.0,547.0,0.738425925925926,0.33631279794646135,570,570,0,0,582,570,0.4947916666666667
IQL,101.0,1028,volatile,independent,-63.762000000000015,0.44505494505494503,0.554945054945055,28.995840000000385,27.53038759107808,0.013058495665857092,15.671875,60.0,71.0,558.0,0.7326388888888888,0.3260645604395604,576,576,0,0,576,576,0.5
IQL,101.0,1029,volatile,independent,60.64499999999968,0.6055045871559633,0.39449541284403666,28.945840000000388,27.664643683651576,0.026810629179480013,15.924479166666666,60.0,72.0,541.0,0.802662037037037,0.48601554536187563,575,575,0,0,577,575,0.4991319444444444
IQL,101.0,1030,volatile,independent,-28.509999999999973,0.49489795918367346,0.5051020408163265,28.695840000000377,27.767372544185854,0.020981693339028048,16.06076388888889,61.0,69.0,544.0,0.7638888888888888,0.378047052154195,570,570,0,0,582,570,0.4947916666666667
IQL,102.0,1001,volatile,independent,-0.48299999999999876,0.5279187817258884,0.47208121827411165,26.445840000000345,27.739939073151852,0.007069831974971945,15.416666666666666,59.0,69.0,443.0,0.7430555555555556,0.3922729836435421,525,525,0,0,627,525,0.4557291666666667
IQL,102.0,1002,volatile,independent,-45.47499999999998,0.4685714285714286,0.5314285714285714,26.89584000000035,27.508440333087822,0.0089972904108594,15.536458333333334,59.0,68.0,468.0,0.7604166666666666,0.3563095238095238,534,534,0,0,618,534,0.4635416666666667
IQL,102.0,1003,volatile,independent,-26.286999999999985,0.4946808510638298,0.5053191489361701,26.845840000000358,27.779501553140616,0.01571901063779511,15.4453125,59.0,69.0,457.0,0.765625,0.3787400265957447,533,533,0,0,619,533,0.4626736111111111
IQL,102.0,1004,volatile,independent,-86.46400000000014,0.40625,0.59375,26.245840000000346,27.984379276377897,0.01396357337282566,15.863715277777779,60.0,70.0,440.0,0.7314814814814814,0.2971643518518518,521,521,0,0,631,521,0.4522569444444444
IQL,102.0,1005,volatile,independent,-8.840000000000078,0.5212765957446809,0.4787234042553191,26.69584000000035,27.975712530041516,0.011332070998714298,15.83420138888889,60.0,69.0,459.0,0.7673611111111112,0.40000738770685584,530,530,0,0,622,530,0.4600694444444444
IQL,102.0,1006,volatile,independent,-29.962999999999983,0.49162011173184356,0.5083798882681565,26.745840000000356,27.890333093412796,0.00794586935167842,15.286458333333334,59.0,68.0,451.0,0.7777777777777778,0.3823711980136561,531,531,0,0,621,531,0.4609375
IQL,102.0,1007,volatile,independent,-5.79500000000011,0.5167464114832536,0.4832535885167464,27.045840000000364,27.934120924259485,0.014188591173035944,15.566840277777779,59.0,70.0,457.0,0.771412037037037,0.3986244019138756,537,537,0,0,615,537,0.4661458333333333
IQL,102.0,1008,volatile,independent,8.103000000000055,0.5336538461538461,0.46634615384615385,25.945840000000338,27.525980181464767,0.015041668333016046,15.899305555555555,60.0,70.0,431.0,0.7835648148148148,0.41815237713675213,515,515,0,0,637,515,0.4470486111111111
IQL,102.0,1009,volatile,independent,-11.93000000000009,0.5048076923076923,0.4951923076923077,25.495840000000328,27.94306412681636,0.016663159696907962,15.803819444444445,60.0,69.0,407.0,0.7309027777777778,0.36896534455128205,506,506,0,0,646,506,0.4392361111111111
IQL,102.0,1010,volatile,independent,-51.303000000000075,0.45652173913043476,0.5434782608695652,26.545840000000346,27.74824410509017,0.022395020452426046,15.56423611111111,59.0,69.0,442.0,0.7447916666666666,0.34001358695652173,527,527,0,0,625,527,0.4574652777777778
IQL,102.0,1011,volatile,independent,-27.748999999999974,0.4896907216494845,0.5103092783505154,26.345840000000347,27.70239752450926,0.0069757340759658715,15.949652777777779,60.0,69.0,437.0,0.7413194444444444,0.3630172537227949,523,523,0,0,629,523,0.4539930555555556
IQL,102.0,1012,volatile,independent,-62.722000000000115,0.43956043956043955,0.5604395604395604,26.495840000000335,28.058029830878787,0.022425295800299293,16.16840277777778,61.0,70.0,456.0,0.7760416666666666,0.34111721611721607,526,526,0,0,626,526,0.4565972222222222
IQL,102.0,1013,volatile,independent,-6.5670000000000615,0.5087719298245614,0.49122807017543857,27.395840000000366,27.454247731784978,0.001922605263043789,15.097222222222221,58.0,69.0,464.0,0.7586805555555556,0.3859953703703704,544,544,0,0,608,544,0.4722222222222222
IQL,102.0,1014,volatile,independent,-11.795000000000009,0.51,0.49,26.14584000000034,27.589173110752224,0.017003137289383817,15.89236111111111,60.0,69.0,431.0,0.7552083333333334,0.38515625000000003,519,519,0,0,633,519,0.4505208333333333
IQL,102.0,1015,volatile,independent,-39.99500000000001,0.47029702970297027,0.5297029702970297,26.545840000000343,27.465949747976207,0.004960480143914407,15.784722222222221,60.0,69.0,447.0,0.7534722222222222,0.35435574807480746,527,527,0,0,625,527,0.4574652777777778
IQL,102.0,1016,volatile,independent,15.071999999999896,0.5689655172413793,0.43103448275862066,27.195840000000363,27.912523638581064,0.017785875226882575,15.393229166666666,59.0,69.0,467.0,0.8090277777777778,0.460308908045977,540,540,0,0,612,540,0.46875
IQL,102.0,1017,volatile,independent,-21.116999999999983,0.5027624309392266,0.49723756906077343,25.74584000000033,27.79940033660737,0.006262845981080356,16.03472222222222,60.0,69.0,437.0,0.7864583333333334,0.39540170349907927,511,511,0,0,641,511,0.4435763888888889
IQL,102.0,1018,volatile,independent,15.293999999999901,0.5597826086956522,0.4402173913043478,26.345840000000344,27.93626192510004,0.00775712710877694,15.910590277777779,60.0,69.0,456.0,0.787037037037037,0.4405696457326892,523,523,0,0,629,523,0.4539930555555556
IQL,102.0,1019,volatile,independent,24.718999999999845,0.5529953917050692,0.4470046082949308,26.795840000000346,28.01763475150466,0.005265126546854904,15.546006944444445,59.0,69.0,455.0,0.7760416666666666,0.42914746543778803,532,532,0,0,620,532,0.4618055555555556
IQL,102.0,1020,volatile,independent,-35.64500000000004,0.47572815533980584,0.5242718446601942,26.845840000000358,27.822903063404752,0.010524434070698722,15.282118055555555,59.0,70.0,447.0,0.7465277777777778,0.3551442826321467,533,533,0,0,619,533,0.4626736111111111
IQL,102.0,1021,volatile,independent,-36.65100000000002,0.47643979057591623,0.5235602094240838,26.195840000000345,27.789645516335348,0.023137537888882165,15.58767361111111,59.0,69.0,434.0,0.7569444444444444,0.36063845258871435,520,520,0,0,632,520,0.4513888888888889
IQL,102.0,1022,volatile,independent,-13.888999999999974,0.5048543689320388,0.49514563106796117,26.145840000000334,27.71280169468463,0.01986394944532006,16.01215277777778,60.0,70.0,439.0,0.7586805555555556,0.38302319309600863,519,519,0,0,633,519,0.4505208333333333
IQL,102.0,1023,volatile,independent,-50.23800000000004,0.45454545454545453,0.5454545454545454,26.345840000000344,27.651486251152924,0.015630264056712053,15.950520833333334,60.0,69.0,435.0,0.71875,0.32670454545454547,523,523,0,0,629,523,0.4539930555555556
IQL,102.0,1024,volatile,independent,0.6020000000000034,0.5343915343915344,0.4656084656084656,26.645840000000355,27.4878718435454,0.014160425231427975,15.45138888888889,59.0,69.0,450.0,0.796875,0.425843253968254,529,529,0,0,623,529,0.4592013888888889
IQL,102.0,1025,volatile,independent,-25.864000000000033,0.4841628959276018,0.5158371040723981,26.64584000000036,27.56357776179843,0.008740318982585624,14.819444444444445,58.0,68.0,434.0,0.7256944444444444,0.35135432378079434,529,529,0,0,623,529,0.4592013888888889
IQL,102.0,1026,volatile,independent,-25.583999999999946,0.4947916666666667,0.5052083333333333,27.14584000000036,27.702533820830276,0.009494432896402403,15.097222222222221,58.0,69.0,465.0,0.7326388888888888,0.36250361689814814,539,539,0,0,613,539,0.4678819444444444
IQL,102.0,1027,volatile,independent,-41.95800000000001,0.46534653465346537,0.5346534653465347,25.54584000000033,27.99950208607195,0.016176898831249724,16.3046875,61.0,70.0,419.0,0.7436342592592593,0.34604762559589297,507,507,0,0,645,507,0.4401041666666667
IQL,102.0,1028,volatile,independent,-55.12100000000008,0.45054945054945056,0.5494505494505495,26.44584000000035,27.53038759107808,0.009219558501222861,15.586805555555555,59.0,70.0,461.0,0.7326388888888888,0.33009004884004883,525,525,0,0,627,525,0.4557291666666667
IQL,102.0,1029,volatile,independent,62.74699999999976,0.6009174311926605,0.3990825688073395,26.29584000000035,27.664643683651576,0.012357574127701089,15.512152777777779,59.0,70.0,434.0,0.802662037037037,0.4823336094121644,522,522,0,0,630,522,0.453125
IQL,102.0,1030,volatile,independent,-26.769000000000073,0.4897959183673469,0.5102040816326531,26.145840000000337,27.767372544185854,0.009322734531649316,15.85763888888889,60.0,69.0,439.0,0.7638888888888888,0.37414965986394555,519,519,0,0,633,519,0.4505208333333333
IQL,103.0,1001,volatile,independent,-12.468999999999914,0.5177664974619289,0.48223350253807107,28.945840000000384,27.739939073151852,0.013339144336944015,15.448784722222221,59.0,69.0,543.0,0.7465277777777778,0.3865270727580372,575,575,0,0,577,575,0.4991319444444444
IQL,103.0,1002,volatile,independent,-42.120999999999924,0.48,0.52,28.79584000000038,27.508440333087822,0.008002569970635975,15.390625,59.0,69.0,534.0,0.7569444444444444,0.3633333333333333,572,572,0,0,580,572,0.4965277777777778
IQL,103.0,1003,volatile,independent,-31.057999999999897,0.4946808510638298,0.5053191489361701,29.19584000000039,27.779501553140616,0.01509750007024118,15.559027777777779,59.450000000000045,69.0,547.0,0.7621527777777778,0.3770223847517731,580,580,0,0,572,580,0.5034722222222222
IQL,103.0,1004,volatile,independent,-81.10200000000034,0.41964285714285715,0.5803571428571428,28.845840000000383,27.984379276377897,0.010977117030651254,15.833333333333334,60.0,70.0,538.0,0.7314814814814814,0.3069609788359788,573,573,0,0,579,573,0.4973958333333333
IQL,103.0,1005,volatile,independent,-2.710000000000067,0.5372340425531915,0.4627659574468085,28.945840000000384,27.975712530041516,0.008624746025199144,15.719618055555555,60.0,69.0,542.0,0.7673611111111112,0.412252511820331,575,575,0,0,577,575,0.4991319444444444
IQL,103.0,1006,volatile,independent,-34.76299999999994,0.49162011173184356,0.5083798882681565,29.14584000000039,27.890333093412796,0.0061035853573024506,15.323784722222221,59.0,69.0,543.0,0.7777777777777778,0.3823711980136561,579,579,0,0,573,579,0.5026041666666666
IQL,103.0,1007,volatile,independent,-6.79800000000004,0.5215311004784688,0.47846889952153115,29.245840000000396,27.934120924259485,0.017967036000473557,15.722222222222221,60.0,70.0,548.0,0.771412037037037,0.4023153685982633,581,581,0,0,571,581,0.5043402777777778
IQL,103.0,1008,volatile,independent,2.6360000000000845,0.5336538461538461,0.46634615384615385,28.74584000000038,27.525980181464767,0.019335066015565117,15.8046875,60.0,70.0,538.0,0.7748842592592592,0.41351996527777773,571,571,0,0,581,571,0.4956597222222222
IQL,103.0,1009,volatile,independent,-28.711999999999986,0.49038461538461536,0.5096153846153846,28.54584000000038,27.94306412681636,0.017591187824422042,16.071180555555557,61.0,70.0,533.0,0.7239583333333334,0.35501802884615385,567,567,0,0,585,567,0.4921875
IQL,103.0,1010,volatile,independent,-70.25300000000007,0.43478260869565216,0.5652173913043479,28.845840000000383,27.74824410509017,0.02580276246549764,16.013020833333332,60.450000000000045,70.0,542.0,0.7361111111111112,0.320048309178744,573,573,0,0,579,573,0.4973958333333333
IQL,103.0,1011,volatile,independent,-22.15799999999994,0.5051546391752577,0.4948453608247423,28.895840000000383,27.70239752450926,0.016048631019336818,15.786458333333334,60.0,71.0,537.0,0.7465277777777778,0.3771119702176403,574,574,0,0,578,574,0.4982638888888889
IQL,103.0,1012,volatile,independent,-59.415000000000106,0.45054945054945056,0.5494505494505495,28.345840000000365,28.058029830878787,0.016821433839966607,16.1796875,61.0,69.0,529.0,0.7760416666666666,0.3496451465201465,563,563,0,0,589,563,0.4887152777777778
IQL,103.0,1013,volatile,independent,-13.668000000000102,0.5043859649122807,0.4956140350877193,29.245840000000396,27.454247731784978,0.0018764670110753027,15.027777777777779,58.0,69.0,532.0,0.7534722222222222,0.3800408138401559,581,581,0,0,571,581,0.5043402777777778
IQL,103.0,1014,volatile,independent,-13.41000000000001,0.515,0.485,28.645840000000376,27.589173110752224,0.019986835950180127,16.05815972222222,61.0,69.0,530.0,0.7517361111111112,0.38714409722222226,569,569,0,0,583,569,0.4939236111111111
IQL,103.0,1015,volatile,independent,-37.5580000000001,0.4801980198019802,0.5198019801980198,28.745840000000378,27.465949747976207,0.021552465218430145,16.0078125,60.450000000000045,70.0,539.0,0.75,0.36014851485148514,571,571,0,0,581,571,0.4956597222222222
IQL,103.0,1016,volatile,independent,11.287999999999904,0.5689655172413793,0.43103448275862066,29.09584000000039,27.912523638581064,0.016885202537900504,15.403645833333334,59.0,69.0,542.0,0.8090277777777778,0.460308908045977,578,578,0,0,574,578,0.5017361111111112
IQL,103.0,1017,volatile,independent,-23.358999999999938,0.5082872928176796,0.4917127071823204,28.645840000000373,27.79940033660737,0.012463188319302428,16.002604166666668,60.450000000000045,69.0,541.0,0.7864583333333334,0.3997467771639043,569,569,0,0,583,569,0.4939236111111111
IQL,103.0,1018,volatile,independent,14.189000000000018,0.5652173913043478,0.4347826086956522,28.745840000000378,27.93626192510004,0.015200720255464498,15.71701388888889,60.0,70.0,540.0,0.787037037037037,0.4448470209339774,571,571,0,0,581,571,0.4956597222222222
IQL,103.0,1019,volatile,independent,13.487999999999865,0.543778801843318,0.45622119815668205,28.79584000000038,28.01763475150466,0.0132648231377379,15.832465277777779,60.0,69.0,539.0,0.765625,0.4163306451612903,572,572,0,0,580,572,0.4965277777777778
IQL,103.0,1020,volatile,independent,-40.010000000000005,0.47572815533980584,0.5242718446601942,28.99584000000039,27.822903063404752,0.017752562833222983,15.38454861111111,59.0,70.0,533.0,0.7430555555555556,0.3534924487594391,576,576,0,0,576,576,0.5
IQL,103.0,1021,volatile,independent,-27.524999999999956,0.4973821989528796,0.5026178010471204,28.74584000000038,27.789645516335348,0.015680288613077263,15.389756944444445,59.0,69.0,532.0,0.7534722222222222,0.3747636707388016,571,571,0,0,581,571,0.4956597222222222
IQL,103.0,1022,volatile,independent,-14.91099999999993,0.5097087378640777,0.49029126213592233,28.39584000000037,27.71280169468463,0.01933913235012616,16.067708333333332,61.0,70.0,527.0,0.7517361111111112,0.38316646440129454,564,564,0,0,588,564,0.4895833333333333
IQL,103.0,1023,volatile,independent,-55.59799999999999,0.45454545454545453,0.5454545454545454,29.045840000000386,27.651486251152924,0.018121095889375487,15.933159722222221,60.0,69.0,543.0,0.7152777777777778,0.3251262626262626,577,577,0,0,575,577,0.5008680555555556
IQL,103.0,1024,volatile,independent,-4.460999999999984,0.5343915343915344,0.4656084656084656,29.145840000000394,27.4878718435454,0.020878244770877744,15.572916666666666,59.450000000000045,70.0,551.0,0.796875,0.425843253968254,579,579,0,0,573,579,0.5026041666666666
IQL,103.0,1025,volatile,independent,-30.879999999999992,0.4841628959276018,0.5158371040723981,29.245840000000396,27.56357776179843,0.007320821177901177,14.68576388888889,57.450000000000045,69.0,535.0,0.7256944444444444,0.35135432378079434,581,581,0,0,571,581,0.5043402777777778
IQL,103.0,1026,volatile,independent,-22.71899999999987,0.5052083333333334,0.49479166666666663,29.09584000000039,27.702533820830276,0.024742983291897988,15.401909722222221,59.0,69.0,547.0,0.7326388888888888,0.37013527199074076,578,578,0,0,574,578,0.5017361111111112
IQL,103.0,1027,volatile,independent,-54.655999999999985,0.45544554455445546,0.5445544554455446,28.445840000000373,27.99950208607195,0.018652066240586074,16.23784722222222,61.0,70.0,534.0,0.738425925925926,0.33631279794646135,565,565,0,0,587,565,0.4904513888888889
IQL,103.0,1028,volatile,independent,-49.23,0.46703296703296704,0.532967032967033,28.945840000000384,27.53038759107808,0.012425303923171753,15.19357638888889,59.0,70.0,548.0,0.7430555555555556,0.34703144078144077,575,575,0,0,577,575,0.4991319444444444
IQL,103.0,1029,volatile,independent,64.53999999999975,0.6100917431192661,0.38990825688073394,28.795840000000386,27.664643683651576,0.026810629179480013,15.815972222222221,60.0,72.0,534.0,0.8061342592592592,0.4918158554196398,572,572,0,0,580,572,0.4965277777777778
IQL,103.0,1030,volatile,independent,-28.361999999999977,0.49489795918367346,0.5051020408163265,28.645840000000376,27.767372544185854,0.020981693339028048,16.006944444444443,60.450000000000045,69.0,541.0,0.7673611111111112,0.379765447845805,569,569,0,0,583,569,0.4939236111111111
VDN,101.0,1001,volatile,independent,3.5910000000000277,0.5380710659898477,0.46192893401015234,28.19584000000037,27.739939073151852,0.014398418931644199,14.81076388888889,58.0,69.0,505.0,0.75,0.4035532994923857,560,560,0,0,592,560,0.4861111111111111
VDN,101.0,1002,volatile,independent,-33.75399999999997,0.49142857142857144,0.5085714285714286,28.29584000000037,27.508440333087822,0.008002569970635965,14.96267361111111,58.0,68.0,502.0,0.7638888888888888,0.3753968253968254,562,562,0,0,590,562,0.4878472222222222
VDN,101.0,1003,volatile,independent,-25.123999999999967,0.5,0.5,28.445840000000377,27.779501553140616,0.012866853328163733,14.499131944444445,57.0,69.0,495.0,0.7708333333333334,0.3854166666666667,565,565,0,0,587,565,0.4904513888888889
VDN,101.0,1004,volatile,independent,-72.13900000000025,0.42857142857142855,0.5714285714285714,28.045840000000364,27.984379276377897,0.010977117030651226,15.403645833333334,59.0,70.0,500.0,0.7314814814814814,0.31349206349206343,557,557,0,0,595,557,0.4835069444444444
VDN,101.0,1005,volatile,independent,2.49499999999992,0.5425531914893617,0.45744680851063835,28.295840000000368,27.975712530041516,0.018277235977860545,15.231770833333334,59.0,69.0,509.0,0.78125,0.4238696808510638,562,562,0,0,590,562,0.4878472222222222
VDN,101.0,1006,volatile,independent,-26.03999999999996,0.5027932960893855,0.4972067039106145,28.54584000000038,27.890333093412796,0.006103585357302417,14.7265625,58.0,68.0,504.0,0.7847222222222222,0.39455307262569833,567,567,0,0,585,567,0.4921875
VDN,101.0,1007,volatile,independent,5.708999999999997,0.5358851674641149,0.46411483253588515,28.545840000000382,27.934120924259485,0.019599875061258785,15.012152777777779,58.0,70.0,510.0,0.7766203703703703,0.4161793372319688,567,567,0,0,585,567,0.4921875
VDN,101.0,1008,volatile,independent,11.386000000000042,0.5432692307692307,0.4567307692307693,28.045840000000364,27.525980181464767,0.02135563154923951,15.401041666666666,59.0,69.0,507.0,0.7887731481481481,0.4285161814458689,557,557,0,0,595,557,0.4835069444444444
VDN,101.0,1009,volatile,independent,-9.051000000000016,0.5144230769230769,0.48557692307692313,27.79584000000036,27.94306412681636,0.014370408436985647,15.29861111111111,59.0,69.0,486.0,0.7361111111111112,0.37867254273504275,552,552,0,0,600,552,0.4791666666666667
VDN,101.0,1010,volatile,independent,-43.80099999999999,0.47282608695652173,0.5271739130434783,28.345840000000372,27.74824410509017,0.02580276246549758,14.894097222222221,58.0,68.0,508.0,0.7447916666666666,0.35215692934782605,563,563,0,0,589,563,0.4887152777777778
VDN,101.0,1011,volatile,independent,-20.09899999999999,0.5051546391752577,0.4948453608247423,28.09584000000037,27.70239752450926,0.016048631019336738,15.236979166666666,59.0,68.0,499.0,0.7465277777777778,0.3771119702176403,558,558,0,0,594,558,0.484375
VDN,101.0,1012,volatile,independent,-57.35300000000004,0.45054945054945056,0.5494505494505495,27.595840000000347,28.058029830878787,0.016821433839966617,15.52951388888889,59.0,69.0,488.0,0.7899305555555556,0.3559027777777778,548,548,0,0,604,548,0.4756944444444444
VDN,101.0,1013,volatile,independent,-5.161000000000062,0.5131578947368421,0.48684210526315785,28.69584000000038,27.454247731784978,0.0018764670110752993,14.5859375,58.0,69.0,498.0,0.7621527777777778,0.3911047149122807,570,570,0,0,582,570,0.4947916666666667
VDN,101.0,1014,volatile,independent,2.2039999999999242,0.535,0.46499999999999997,27.995840000000364,27.589173110752224,0.019986835950180144,15.678819444444445,60.0,69.0,500.0,0.7638888888888888,0.40868055555555555,556,556,0,0,596,556,0.4826388888888889
VDN,101.0,1015,volatile,independent,-21.603999999999925,0.5,0.5,28.045840000000357,27.465949747976207,0.02155246521843014,15.36111111111111,59.0,69.0,502.0,0.7638888888888888,0.3819444444444444,557,557,0,0,595,557,0.4835069444444444
VDN,101.0,1016,volatile,independent,13.341999999999938,0.5689655172413793,0.43103448275862066,28.24584000000037,27.912523638581064,0.016885202537900476,14.99392361111111,58.0,69.0,496.0,0.8090277777777778,0.460308908045977,561,561,0,0,591,561,0.4869791666666667
VDN,101.0,1017,volatile,independent,-7.110999999999973,0.5303867403314917,0.4696132596685083,27.745840000000356,27.79940033660737,0.013314733344930038,15.480902777777779,59.0,69.0,490.0,0.7864583333333334,0.4171270718232044,551,551,0,0,601,551,0.4782986111111111
VDN,101.0,1018,volatile,independent,15.683000000000018,0.5652173913043478,0.4347826086956522,28.245840000000367,27.93626192510004,0.015200720255464494,15.171875,59.0,70.0,517.0,0.7905092592592592,0.4468095813204508,561,561,0,0,591,561,0.4869791666666667
VDN,101.0,1019,volatile,independent,32.458999999999975,0.5668202764976958,0.43317972350230416,28.34584000000037,28.01763475150466,0.013264823137737896,15.171006944444445,59.0,69.0,507.0,0.7725694444444444,0.43790802611367124,563,563,0,0,589,563,0.4887152777777778
VDN,101.0,1020,volatile,independent,-24.34499999999994,0.49514563106796117,0.5048543689320388,28.39584000000038,27.822903063404752,0.019684261506350643,14.85329861111111,58.0,70.0,496.0,0.7569444444444444,0.3747977346278317,564,564,0,0,588,564,0.4895833333333333
VDN,101.0,1021,volatile,independent,-26.020999999999958,0.4973821989528796,0.5026178010471204,28.195840000000366,27.789645516335348,0.015680288613077242,14.930555555555555,58.0,69.0,497.0,0.765625,0.38080824607329844,560,560,0,0,592,560,0.4861111111111111
VDN,101.0,1022,volatile,independent,-21.023999999999994,0.5,0.5,28.04584000000036,27.71280169468463,0.019339132350126173,15.836805555555555,60.0,69.0,508.0,0.7517361111111112,0.3758680555555556,557,557,0,0,595,557,0.4835069444444444
VDN,101.0,1023,volatile,independent,-53.73099999999998,0.45454545454545453,0.5454545454545454,28.29584000000037,27.651486251152924,0.0181210958893755,15.4921875,59.0,69.0,505.0,0.7256944444444444,0.3298611111111111,562,562,0,0,590,562,0.4878472222222222
VDN,101.0,1024,volatile,independent,8.08599999999996,0.5502645502645502,0.44973544973544977,28.445840000000377,27.4878718435454,0.020878244770877755,14.82638888888889,58.0,70.0,517.0,0.8003472222222222,0.44040270429159317,565,565,0,0,587,565,0.4904513888888889
VDN,101.0,1025,volatile,independent,-22.61199999999997,0.49321266968325794,0.5067873303167421,28.845840000000386,27.56357776179843,0.007320821177901153,14.160590277777779,57.0,67.0,515.0,0.7326388888888888,0.36134678230266465,573,573,0,0,579,573,0.4973958333333333
VDN,101.0,1026,volatile,independent,-27.755999999999908,0.4947916666666667,0.5052083333333333,28.29584000000037,27.702533820830276,0.02604124965778358,14.961805555555555,58.0,69.0,506.0,0.7326388888888888,0.36250361689814814,562,562,0,0,590,562,0.4878472222222222
VDN,101.0,1027,volatile,independent,-27.81,0.4900990099009901,0.5099009900990099,27.495840000000353,27.99950208607195,0.01485240110940312,15.6953125,60.0,69.0,485.0,0.7488425925925927,0.3670070132013202,546,546,0,0,606,546,0.4739583333333333
VDN,101.0,1028,volatile,independent,-43.812000000000005,0.4725274725274725,0.5274725274725275,28.095840000000365,27.53038759107808,0.01242530392317175,14.932291666666666,58.0,70.0,503.0,0.7534722222222222,0.35603632478632474,558,558,0,0,594,558,0.484375
VDN,101.0,1029,volatile,independent,62.016999999999754,0.6055045871559633,0.39449541284403666,28.545840000000382,27.664643683651576,0.01926182297099127,15.255208333333334,59.0,69.0,518.0,0.8043981481481481,0.48706676860346587,567,567,0,0,585,567,0.4921875
VDN,101.0,1030,volatile,independent,-26.145000000000014,0.49489795918367346,0.5051020408163265,27.695840000000356,27.767372544185854,0.020981693339028048,15.619791666666666,60.0,69.0,498.0,0.7638888888888888,0.378047052154195,550,550,0,0,602,550,0.4774305555555556
VDN,102.0,1001,volatile,independent,37.866999999999955,0.5685279187817259,0.4314720812182741,22.14584000000026,27.739939073151852,0.008084598492465525,13.533854166666666,55.0,68.0,282.0,0.7824074074074074,0.4448204549727393,439,439,0,0,713,439,0.3810763888888889
VDN,102.0,1002,volatile,independent,-21.190999999999963,0.49142857142857144,0.5085714285714286,22.74584000000027,27.508440333087822,0.01468419307994568,13.300347222222221,53.450000000000045,66.0,296.0,0.78125,0.38392857142857145,451,451,0,0,701,451,0.3914930555555556
VDN,102.0,1003,volatile,independent,9.246999999999991,0.5319148936170213,0.46808510638297873,22.54584000000027,27.779501553140616,0.013154809984805164,12.799479166666666,53.0,68.0,285.0,0.7899305555555556,0.42017582742316784,447,447,0,0,705,447,0.3880208333333333
VDN,102.0,1004,volatile,independent,-55.38000000000015,0.4330357142857143,0.5669642857142857,22.34584000000027,27.984379276377897,0.015475683520261123,13.283854166666666,53.450000000000045,70.0,285.0,0.7523148148148148,0.3257791832010582,443,443,0,0,709,443,0.3845486111111111
VDN,102.0,1005,volatile,independent,14.676999999999955,0.5425531914893617,0.45744680851063835,23.345840000000283,27.975712530041516,0.011860098717915074,12.75,52.450000000000045,65.0,306.0,0.7916666666666666,0.4295212765957446,463,463,0,0,689,463,0.4019097222222222
VDN,102.0,1006,volatile,independent,-9.671999999999963,0.5083798882681564,0.4916201117318436,22.695840000000274,27.890333093412796,0.0068647128135823155,13.37673611111111,54.0,66.0,302.0,0.7899305555555556,0.4015848075729361,450,450,0,0,702,450,0.390625
VDN,102.0,1007,volatile,independent,17.647999999999982,0.5358851674641149,0.46411483253588515,23.5458400000003,27.934120924259485,0.012079422551083293,12.8515625,53.0,66.0,307.0,0.7905092592592592,0.4236221867800815,467,467,0,0,685,467,0.4053819444444444
VDN,102.0,1008,volatile,independent,39.21200000000003,0.5625,0.4375,22.145840000000256,27.525980181464767,0.014390462185539105,13.1875,54.0,67.0,277.0,0.8049768518518517,0.45279947916666663,439,439,0,0,713,439,0.3810763888888889
VDN,102.0,1009,volatile,independent,25.05699999999998,0.5432692307692307,0.4567307692307693,22.095840000000255,27.94306412681636,0.01756763721472476,13.331597222222221,54.0,65.0,276.0,0.7604166666666666,0.41311097756410253,438,438,0,0,714,438,0.3802083333333333
VDN,102.0,1010,volatile,independent,4.452000000000028,0.5271739130434783,0.47282608695652173,22.54584000000027,27.74824410509017,0.007849546404062472,13.036458333333334,53.0,63.0,282.0,0.7881944444444444,0.4155155495169082,447,447,0,0,705,447,0.3880208333333333
VDN,102.0,1011,volatile,independent,27.799999999999983,0.5567010309278351,0.44329896907216493,22.595840000000262,27.70239752450926,0.014150000322823753,13.07204861111111,53.0,63.0,292.0,0.7743055555555556,0.43105670103092786,448,448,0,0,704,448,0.3888888888888889
VDN,102.0,1012,volatile,independent,-21.389999999999983,0.489010989010989,0.510989010989011,22.64584000000025,28.058029830878787,0.017309408060346577,13.83420138888889,56.0,70.0,283.0,0.8194444444444444,0.4007173382173382,449,449,0,0,703,449,0.3897569444444444
VDN,102.0,1013,volatile,independent,20.852999999999916,0.5307017543859649,0.4692982456140351,23.445840000000285,27.454247731784978,0.005784964284495213,12.964409722222221,54.0,67.0,286.0,0.7899305555555556,0.41921753167641324,465,465,0,0,687,465,0.4036458333333333
VDN,102.0,1014,volatile,independent,49.8899999999999,0.585,0.41500000000000004,22.54584000000026,27.589173110752224,0.013687288297277184,13.666666666666666,55.0,65.0,282.0,0.7916666666666666,0.46312499999999995,447,447,0,0,705,447,0.3880208333333333
VDN,102.0,1015,volatile,independent,8.872000000000035,0.5247524752475248,0.4752475247524752,22.14584000000025,27.465949747976207,0.013726708383197058,13.983506944444445,55.0,67.0,281.0,0.7934027777777778,0.41634007150715074,439,439,0,0,713,439,0.3810763888888889
VDN,102.0,1016,volatile,independent,29.757999999999967,0.5747126436781609,0.4252873563218391,23.04584000000028,27.912523638581064,0.014859283268773683,12.233506944444445,51.0,65.0,292.0,0.8229166666666666,0.4729406130268199,457,457,0,0,695,457,0.3967013888888889
VDN,102.0,1017,volatile,independent,6.656999999999981,0.5303867403314917,0.4696132596685083,21.495840000000236,27.79940033660737,0.009790084179156725,14.034722222222221,55.0,69.0,274.0,0.8020833333333334,0.425414364640884,426,426,0,0,726,426,0.3697916666666667
VDN,102.0,1018,volatile,independent,30.899999999999945,0.5706521739130435,0.42934782608695654,22.895840000000263,27.93626192510004,0.019225685392746435,13.948784722222221,55.0,68.0,314.0,0.8078703703703703,0.4610129830917874,454,454,0,0,698,454,0.3940972222222222
VDN,102.0,1019,volatile,independent,51.40199999999983,0.576036866359447,0.42396313364055305,22.945840000000263,28.01763475150466,0.00580916854337494,13.90451388888889,56.0,68.0,296.0,0.7881944444444444,0.454029057859703,455,455,0,0,697,455,0.3949652777777778
VDN,102.0,1020,volatile,independent,13.677999999999967,0.529126213592233,0.470873786407767,22.395840000000273,27.822903063404752,0.017423357516299882,13.144097222222221,53.0,67.0,276.0,0.78125,0.41337985436893204,444,444,0,0,708,444,0.3854166666666667
VDN,102.0,1021,volatile,independent,4.775000000000061,0.5235602094240838,0.47643979057591623,22.395840000000256,27.789645516335348,0.006533078182798949,13.013020833333334,53.0,65.0,277.0,0.8020833333333334,0.4199389179755672,444,444,0,0,708,444,0.3854166666666667
VDN,102.0,1022,volatile,independent,26.539999999999907,0.5485436893203883,0.45145631067961167,22.39584000000026,27.71280169468463,0.018447663104965643,14.34375,56.0,66.0,285.0,0.7777777777777778,0.42664509169363535,444,444,0,0,708,444,0.3854166666666667
VDN,102.0,1023,volatile,independent,-20.10000000000003,0.48325358851674644,0.5167464114832536,22.795840000000265,27.651486251152924,0.022880360286111467,13.639756944444445,55.0,66.0,291.0,0.7465277777777778,0.36076222753854337,452,452,0,0,700,452,0.3923611111111111
VDN,102.0,1024,volatile,independent,62.74199999999997,0.6137566137566137,0.3862433862433863,22.895840000000284,27.4878718435454,0.0040671980413000365,13.05642361111111,53.0,64.0,287.0,0.8368055555555556,0.5135949441504997,454,454,0,0,698,454,0.3940972222222222
VDN,102.0,1025,volatile,independent,-7.99300000000001,0.497737556561086,0.502262443438914,23.94584000000031,27.56357776179843,0.007233637672602819,12.716145833333334,53.0,64.0,308.0,0.7621527777777778,0.37935206133735544,475,475,0,0,677,475,0.4123263888888889
VDN,102.0,1026,volatile,independent,-11.436000000000027,0.5,0.5,22.59584000000027,27.702533820830276,0.030263141384005095,13.361979166666666,54.0,66.0,275.0,0.75,0.375,448,448,0,0,704,448,0.3888888888888889
VDN,102.0,1027,volatile,independent,3.1589999999999456,0.5148514851485149,0.48514851485148514,21.495840000000236,27.99950208607195,0.019511008055233023,13.958333333333334,55.0,65.0,268.0,0.769675925925926,0.39626879354602135,426,426,0,0,726,426,0.3697916666666667
VDN,102.0,1028,volatile,independent,-27.370000000000005,0.47802197802197804,0.5219780219780219,22.29584000000025,27.53038759107808,0.006826065127468273,13.387152777777779,54.0,66.0,299.0,0.7673611111111112,0.3668154761904762,442,442,0,0,710,442,0.3836805555555556
VDN,102.0,1029,volatile,independent,85.19699999999985,0.6192660550458715,0.3807339449541285,22.79584000000028,27.664643683651576,0.023732679958933453,13.861979166666666,55.0,69.0,287.0,0.816550925925926,0.5056622706422018,452,452,0,0,700,452,0.3923611111111111
VDN,102.0,1030,volatile,independent,0.3469999999999622,0.5153061224489796,0.48469387755102045,22.395840000000252,27.767372544185854,0.010233117380173887,13.488715277777779,54.0,66.0,288.0,0.7951388888888888,0.4097399376417233,444,444,0,0,708,444,0.3854166666666667
VDN,103.0,1001,volatile,independent,53.42199999999994,0.5888324873096447,0.41116751269035534,22.54584000000028,27.739939073151852,0.008084598492465522,11.20920138888889,50.0,65.0,275.0,0.8032407407407408,0.4729742432788118,447,447,0,0,705,447,0.3880208333333333
VDN,103.0,1002,volatile,independent,-10.233999999999988,0.5085714285714286,0.49142857142857144,23.495840000000285,27.508440333087822,0.024373661919949864,11.325520833333334,48.450000000000045,63.0,298.0,0.7951388888888888,0.4043849206349206,466,466,0,0,686,466,0.4045138888888889
VDN,103.0,1003,volatile,independent,16.701999999999984,0.5425531914893617,0.45744680851063835,23.04584000000028,27.779501553140616,0.004116381240483365,11.355902777777779,48.450000000000045,67.0,282.0,0.8038194444444444,0.43611480496453897,457,457,0,0,695,457,0.3967013888888889
VDN,103.0,1004,volatile,independent,-11.445000000000048,0.48660714285714285,0.5133928571428572,22.39584000000027,27.984379276377897,0.02614800290191245,11.28125,49.0,65.0,270.0,0.7824074074074073,0.380725033068783,444,444,0,0,708,444,0.3854166666666667
VDN,103.0,1005,volatile,independent,29.00499999999994,0.5638297872340425,0.43617021276595747,23.745840000000292,27.975712530041516,0.01186009871791504,11.594618055555555,49.0,65.0,312.0,0.7986111111111112,0.4502807328605201,471,471,0,0,681,471,0.4088541666666667
VDN,103.0,1006,volatile,independent,9.539999999999994,0.5363128491620112,0.46368715083798884,22.795840000000283,27.890333093412796,0.02193919701440674,11.4609375,49.0,66.0,285.0,0.8055555555555556,0.43202979515828677,452,452,0,0,700,452,0.3923611111111111
VDN,103.0,1007,volatile,independent,42.215999999999944,0.569377990430622,0.430622009569378,24.29584000000032,27.934120924259485,0.02209210015456233,11.22048611111111,48.450000000000045,59.0,330.0,0.7939814814814814,0.45207558036505396,482,482,0,0,670,482,0.4184027777777778
VDN,103.0,1008,volatile,independent,54.99899999999995,0.5817307692307693,0.4182692307692307,22.145840000000256,27.525980181464767,0.02284803530104056,11.39670138888889,49.0,67.0,255.0,0.8223379629629629,0.47837929576210825,439,439,0,0,713,439,0.3810763888888889
VDN,103.0,1009,volatile,independent,39.676999999999985,0.5625,0.4375,22.34584000000026,27.94306412681636,0.012709331452374087,12.23263888888889,51.0,65.0,266.0,0.7777777777777778,0.4375,443,443,0,0,709,443,0.3845486111111111
VDN,103.0,1010,volatile,independent,31.16599999999998,0.5652173913043478,0.4347826086956522,22.745840000000275,27.74824410509017,0.015371252283213368,10.503472222222221,47.0,62.0,275.0,0.8125,0.4592391304347826,451,451,0,0,701,451,0.3914930555555556
VDN,103.0,1011,volatile,independent,45.99200000000003,0.5824742268041238,0.41752577319587625,23.14584000000028,27.70239752450926,0.027760719938691066,11.344618055555555,49.0,65.0,269.0,0.8003472222222222,0.4661816294387171,459,459,0,0,693,459,0.3984375
VDN,103.0,1012,volatile,independent,17.243999999999975,0.5494505494505495,0.4505494505494505,23.54584000000027,28.058029830878787,0.017309408060346546,11.789930555555555,50.0,67.0,308.0,0.8368055555555556,0.4597832722832723,467,467,0,0,685,467,0.4053819444444444
VDN,103.0,1013,volatile,independent,23.055,0.5350877192982456,0.4649122807017544,24.195840000000292,27.454247731784978,0.005784964284495193,12.727430555555555,53.0,65.0,328.0,0.7847222222222222,0.41989522417153996,480,480,0,0,672,480,0.4166666666666667
VDN,103.0,1014,volatile,independent,46.34599999999998,0.58,0.42000000000000004,22.945840000000267,27.589173110752224,0.01368728829727718,12.863715277777779,52.450000000000045,67.0,289.0,0.7934027777777778,0.4601736111111111,455,455,0,0,697,455,0.3949652777777778
VDN,103.0,1015,volatile,independent,9.248000000000044,0.5247524752475248,0.4752475247524752,22.44584000000025,27.465949747976207,0.01110312719301465,12.971354166666666,53.0,67.0,295.0,0.7864583333333334,0.4126959570957096,445,445,0,0,707,445,0.3862847222222222
VDN,103.0,1016,volatile,independent,43.404,0.5977011494252874,0.4022988505747126,23.74584000000029,27.912523638581064,0.01944383027628927,11.176215277777779,48.0,61.0,301.0,0.8315972222222222,0.49704661558109836,471,471,0,0,681,471,0.4088541666666667
VDN,103.0,1017,volatile,independent,27.99300000000005,0.56353591160221,0.43646408839779005,22.045840000000243,27.79940033660737,0.0076705305588168,12.588541666666666,53.0,67.0,273.0,0.8263888888888888,0.46569981583793735,437,437,0,0,715,437,0.3793402777777778
VDN,103.0,1018,volatile,independent,66.40099999999995,0.625,0.375,23.44584000000028,27.93626192510004,0.010307421083944017,12.256944444444445,51.0,63.0,329.0,0.8234953703703703,0.5146846064814815,465,465,0,0,687,465,0.4036458333333333
VDN,103.0,1019,volatile,independent,68.24300000000007,0.5990783410138248,0.40092165898617516,23.795840000000275,28.01763475150466,0.01699797937269741,12.792534722222221,53.0,68.0,320.0,0.8090277777777778,0.4846710189452125,472,472,0,0,680,472,0.4097222222222222
VDN,103.0,1020,volatile,independent,17.520999999999987,0.5339805825242718,0.46601941747572817,22.845840000000276,27.822903063404752,0.013496767552292436,11.890625,50.0,66.0,287.0,0.7795138888888888,0.41624528047464937,453,453,0,0,699,453,0.3932291666666667
VDN,103.0,1021,volatile,independent,22.621999999999986,0.5497382198952879,0.4502617801047121,22.895840000000266,27.789645516335348,0.009674922816759985,11.677083333333334,50.0,63.0,278.0,0.8090277777777778,0.44475349040139617,454,454,0,0,698,454,0.3940972222222222
VDN,103.0,1022,volatile,independent,57.406999999999954,0.5922330097087378,0.4077669902912622,23.345840000000276,27.71280169468463,0.01844766310496565,13.00173611111111,53.0,66.0,307.0,0.7951388888888888,0.4709074973031283,463,463,0,0,689,463,0.4019097222222222
VDN,103.0,1023,volatile,independent,-9.764000000000024,0.49760765550239233,0.5023923444976077,23.295840000000272,27.651486251152924,0.022880360286111456,12.809895833333334,53.0,65.0,292.0,0.7569444444444444,0.37666135034556086,462,462,0,0,690,462,0.4010416666666667
VDN,103.0,1024,volatile,independent,69.96999999999997,0.6243386243386243,0.3756613756613757,23.445840000000292,27.4878718435454,0.011016454102618855,11.700520833333334,50.0,62.0,292.0,0.8368055555555556,0.5224500293944738,465,465,0,0,687,465,0.4036458333333333
VDN,103.0,1025,volatile,independent,27.03900000000001,0.5429864253393665,0.4570135746606335,24.745840000000324,27.56357776179843,0.006997311386495088,11.1328125,48.0,64.0,325.0,0.7795138888888888,0.42326546003016585,491,491,0,0,661,491,0.4262152777777778
VDN,103.0,1026,volatile,independent,-0.18699999999997902,0.515625,0.484375,22.645840000000266,27.702533820830276,0.027264906403104694,12.47829861111111,51.0,66.0,276.0,0.75,0.38671875,449,449,0,0,703,449,0.3897569444444444
VDN,103.0,1027,volatile,independent,3.0579999999999927,0.5148514851485149,0.48514851485148514,21.995840000000246,27.99950208607195,0.007703573760054784,13.06857638888889,53.450000000000045,65.0,267.0,0.7777777777777778,0.4004400440044005,436,436,0,0,716,436,0.3784722222222222
VDN,103.0,1028,volatile,independent,-9.28899999999995,0.5054945054945055,0.4945054945054945,22.695840000000256,27.53038759107808,0.006826065127468268,12.057291666666666,51.0,65.0,289.0,0.7881944444444444,0.3984279609279609,450,450,0,0,702,450,0.390625
VDN,103.0,1029,volatile,independent,89.87799999999996,0.6284403669724771,0.37155963302752293,23.895840000000298,27.664643683651576,0.01679423843121764,14.024305555555555,55.0,74.0,333.0,0.8142361111111112,0.5116988404689093,474,474,0,0,678,474,0.4114583333333333
VDN,103.0,1030,volatile,independent,25.54400000000002,0.5510204081632653,0.44897959183673475,22.245840000000243,27.767372544185854,0.019850959570807306,13.0703125,53.0,66.0,287.0,0.8159722222222222,0.4496173469387755,441,441,0,0,711,441,0.3828125
QMIX,101.0,1001,volatile,independent,-12.812999999999914,0.5177664974619289,0.48223350253807107,29.045840000000386,27.739939073151852,0.013339144336944015,15.608506944444445,60.0,69.0,551.0,0.7395833333333334,0.3829314720812183,577,577,0,0,575,577,0.5008680555555556
QMIX,101.0,1002,volatile,independent,-42.462999999999944,0.48,0.52,28.79584000000038,27.508440333087822,0.017789153954102625,15.780381944444445,60.0,69.0,542.0,0.7569444444444444,0.3633333333333333,572,572,0,0,580,572,0.4965277777777778
QMIX,101.0,1003,volatile,independent,-31.20599999999993,0.4946808510638298,0.5053191489361701,29.245840000000392,27.779501553140616,0.01509750007024118,15.61111111111111,60.0,69.0,550.0,0.7621527777777778,0.3770223847517731,581,581,0,0,571,581,0.5043402777777778
QMIX,101.0,1004,volatile,independent,-78.04500000000034,0.42410714285714285,0.5758928571428572,28.995840000000385,27.984379276377897,0.01097711703065126,15.995659722222221,60.450000000000045,70.0,550.0,0.7314814814814814,0.3102265211640211,576,576,0,0,576,576,0.5
QMIX,101.0,1005,volatile,independent,-3.004000000000064,0.5372340425531915,0.4627659574468085,28.995840000000385,27.975712530041516,0.008624746025199144,15.938368055555555,60.0,69.0,547.0,0.7673611111111112,0.412252511820331,576,576,0,0,576,576,0.5
QMIX,101.0,1006,volatile,independent,-34.95999999999996,0.49162011173184356,0.5083798882681565,29.19584000000039,27.890333093412796,0.01255385954405806,15.434027777777779,59.0,69.0,547.0,0.7777777777777778,0.3823711980136561,580,580,0,0,572,580,0.5034722222222222
QMIX,101.0,1007,volatile,independent,-6.897000000000044,0.5215311004784688,0.47846889952153115,29.295840000000396,27.934120924259485,0.014008424980179499,15.721354166666666,60.0,70.0,550.0,0.771412037037037,0.4023153685982633,582,582,0,0,570,582,0.5052083333333334
QMIX,101.0,1008,volatile,independent,-1.2069999999999035,0.5288461538461539,0.47115384615384615,28.79584000000038,27.525980181464767,0.019335066015565117,16.07378472222222,61.0,70.0,547.0,0.7731481481481481,0.40887642450142453,572,572,0,0,580,572,0.4965277777777778
QMIX,101.0,1009,volatile,independent,-29.20599999999997,0.49038461538461536,0.5096153846153846,28.795840000000382,27.94306412681636,0.014370408436985692,16.06597222222222,61.0,70.0,543.0,0.7239583333333334,0.35501802884615385,572,572,0,0,580,572,0.4965277777777778
QMIX,101.0,1010,volatile,independent,-70.25300000000009,0.43478260869565216,0.5652173913043479,28.795840000000382,27.74824410509017,0.02580276246549764,16.125,61.0,70.0,542.0,0.7326388888888888,0.31853864734299514,572,572,0,0,580,572,0.4965277777777778
QMIX,101.0,1011,volatile,independent,-29.400999999999943,0.4948453608247423,0.5051546391752577,28.895840000000383,27.70239752450926,0.016048631019336818,16.06423611111111,61.0,71.0,539.0,0.7413194444444444,0.3668384879725086,574,574,0,0,578,574,0.4982638888888889
QMIX,101.0,1012,volatile,independent,-63.26000000000008,0.44505494505494503,0.554945054945055,28.445840000000366,28.058029830878787,0.016821433839966607,16.352430555555557,61.0,70.0,534.0,0.7760416666666666,0.3453811813186813,565,565,0,0,587,565,0.4904513888888889
QMIX,101.0,1013,volatile,independent,-14.109000000000076,0.5043859649122807,0.4956140350877193,29.345840000000393,27.454247731784978,0.0018764670110753027,15.28125,59.0,69.0,542.0,0.7534722222222222,0.3800408138401559,583,583,0,0,569,583,0.5060763888888888
QMIX,101.0,1014,volatile,independent,-20.556999999999974,0.505,0.495,28.645840000000376,27.589173110752224,0.01998683595018011,16.231770833333332,61.0,69.0,535.0,0.7447916666666666,0.37611979166666665,569,569,0,0,583,569,0.4939236111111111
QMIX,101.0,1015,volatile,independent,-37.5580000000001,0.4801980198019802,0.5198019801980198,28.745840000000378,27.465949747976207,0.021552465218430145,16.0078125,60.450000000000045,70.0,539.0,0.75,0.36014851485148514,571,571,0,0,581,571,0.4956597222222222
QMIX,101.0,1016,volatile,independent,10.844999999999906,0.5689655172413793,0.43103448275862066,29.245840000000392,27.912523638581064,0.016885202537900504,15.566840277777779,59.450000000000045,69.0,551.0,0.8090277777777778,0.460308908045977,581,581,0,0,571,581,0.5043402777777778
QMIX,101.0,1017,volatile,independent,-27.105999999999938,0.5027624309392266,0.49723756906077343,28.745840000000374,27.79940033660737,0.01053126367238024,16.057291666666668,61.0,69.0,546.0,0.7864583333333334,0.39540170349907927,571,571,0,0,581,571,0.4956597222222222
QMIX,101.0,1018,volatile,independent,6.697000000000094,0.5543478260869565,0.44565217391304346,28.84584000000038,27.93626192510004,0.015200720255464498,16.06076388888889,61.0,70.0,551.0,0.7835648148148148,0.43436745169082125,573,573,0,0,579,573,0.4973958333333333
QMIX,101.0,1019,volatile,independent,13.339999999999854,0.543778801843318,0.45622119815668205,28.84584000000038,28.01763475150466,0.0132648231377379,15.890625,60.0,69.0,541.0,0.765625,0.4163306451612903,573,573,0,0,579,573,0.4973958333333333
QMIX,101.0,1020,volatile,independent,-44.10100000000002,0.470873786407767,0.529126213592233,29.14584000000039,27.822903063404752,0.02722867245488555,15.723958333333334,60.0,70.0,547.0,0.7395833333333334,0.34825040453074435,579,579,0,0,573,579,0.5026041666666666
QMIX,101.0,1021,volatile,independent,-31.71399999999996,0.49214659685863876,0.5078534031413613,28.945840000000384,27.789645516335348,0.024949299496769058,15.721354166666666,60.0,69.0,547.0,0.75,0.3691099476439791,575,575,0,0,577,575,0.4991319444444444
QMIX,101.0,1022,volatile,independent,-22.302999999999937,0.5,0.5,28.44584000000037,27.71280169468463,0.017549544850765063,16.40972222222222,61.0,70.0,535.0,0.7447916666666666,0.3723958333333333,565,565,0,0,587,565,0.4904513888888889
QMIX,101.0,1023,volatile,independent,-55.647,0.45454545454545453,0.5454545454545454,29.045840000000386,27.651486251152924,0.018121095889375487,15.99045138888889,60.450000000000045,69.0,543.0,0.7152777777777778,0.3251262626262626,577,577,0,0,575,577,0.5008680555555556
QMIX,101.0,1024,volatile,independent,-4.608999999999995,0.5343915343915344,0.4656084656084656,29.195840000000395,27.4878718435454,0.020878244770877744,15.629340277777779,60.0,70.0,553.0,0.796875,0.425843253968254,580,580,0,0,572,580,0.5034722222222222
QMIX,101.0,1025,volatile,independent,-38.71100000000001,0.4751131221719457,0.5248868778280543,29.4458400000004,27.56357776179843,0.0066092916895721466,15.157118055555555,59.0,69.0,555.0,0.7152777777777778,0.3398378582202112,585,585,0,0,567,585,0.5078125
QMIX,101.0,1026,volatile,independent,-22.816999999999883,0.5052083333333334,0.49479166666666663,29.09584000000039,27.702533820830276,0.024742983291897988,15.508680555555555,59.0,69.0,548.0,0.7326388888888888,0.37013527199074076,578,578,0,0,574,578,0.5017361111111112
QMIX,101.0,1027,volatile,independent,-55.24899999999997,0.45544554455445546,0.5445544554455446,28.695840000000377,27.99950208607195,0.018652066240586074,16.34548611111111,61.0,70.0,547.0,0.738425925925926,0.33631279794646135,570,570,0,0,582,570,0.4947916666666667
QMIX,101.0,1028,volatile,independent,-63.762000000000015,0.44505494505494503,0.554945054945055,28.995840000000385,27.53038759107808,0.013058495665857092,15.671875,60.0,71.0,558.0,0.7326388888888888,0.3260645604395604,576,576,0,0,576,576,0.5
QMIX,101.0,1029,volatile,independent,60.64499999999968,0.6055045871559633,0.39449541284403666,28.945840000000388,27.664643683651576,0.026810629179480013,15.924479166666666,60.0,72.0,541.0,0.802662037037037,0.48601554536187563,575,575,0,0,577,575,0.4991319444444444
QMIX,101.0,1030,volatile,independent,-28.509999999999973,0.49489795918367346,0.5051020408163265,28.695840000000377,27.767372544185854,0.020981693339028048,16.06076388888889,61.0,69.0,544.0,0.7638888888888888,0.378047052154195,570,570,0,0,582,570,0.4947916666666667
QMIX,102.0,1001,volatile,independent,30.87399999999995,0.5583756345177665,0.4416243654822335,22.145840000000263,27.739939073151852,0.008084598492465522,13.56423611111111,55.450000000000045,68.0,266.0,0.7789351851851852,0.4349384282759918,439,439,0,0,713,439,0.3810763888888889
QMIX,102.0,1002,volatile,independent,-24.31700000000002,0.4857142857142857,0.5142857142857142,22.395840000000273,27.508440333087822,0.011115641476203855,13.655381944444445,54.0,68.0,269.0,0.7951388888888888,0.3862103174603174,444,444,0,0,708,444,0.3854166666666667
QMIX,102.0,1003,volatile,independent,16.057999999999996,0.5425531914893617,0.45744680851063835,22.595840000000273,27.779501553140616,0.004116381240483354,12.90017361111111,53.0,68.0,269.0,0.796875,0.43234707446808507,448,448,0,0,704,448,0.3888888888888889
QMIX,102.0,1004,volatile,independent,-55.27200000000013,0.4330357142857143,0.5669642857142857,22.145840000000266,27.984379276377897,0.015475683520261149,13.5859375,54.0,70.0,280.0,0.7488425925925926,0.3242755869708995,439,439,0,0,713,439,0.3810763888888889
QMIX,102.0,1005,volatile,independent,4.575999999999998,0.526595744680851,0.473404255319149,22.89584000000028,27.975712530041516,0.013291194057523034,13.32204861111111,54.0,67.0,271.0,0.7899305555555556,0.41597406914893614,454,454,0,0,698,454,0.3940972222222222
QMIX,102.0,1006,volatile,independent,-9.540999999999979,0.5083798882681564,0.4916201117318436,22.645840000000273,27.890333093412796,0.011017462574922718,13.355034722222221,54.0,67.0,282.0,0.7934027777777778,0.40335001551831157,449,449,0,0,703,449,0.3897569444444444
QMIX,102.0,1007,volatile,independent,28.86599999999992,0.5502392344497608,0.44976076555023925,23.195840000000292,27.934120924259485,0.01577531993028904,12.86545138888889,53.0,67.0,276.0,0.8061342592592592,0.44356669767853973,460,460,0,0,692,460,0.3993055555555556
QMIX,102.0,1008,volatile,independent,32.715000000000046,0.5528846153846154,0.4471153846153846,21.74584000000025,27.525980181464767,0.01862821951672306,13.514756944444445,55.0,67.0,250.0,0.808449074074074,0.44697905537749283,431,431,0,0,721,431,0.3741319444444444
QMIX,102.0,1009,volatile,independent,24.98799999999995,0.5432692307692307,0.4567307692307693,22.09584000000026,27.94306412681636,0.0029991696859925547,13.4375,54.0,66.0,273.0,0.7708333333333334,0.41877003205128205,438,438,0,0,714,438,0.3802083333333333
QMIX,102.0,1010,volatile,independent,-1.745999999999983,0.5163043478260869,0.4836956521739131,21.945840000000263,27.74824410509017,0.006722849175585142,13.40798611111111,53.0,67.0,258.0,0.7881944444444444,0.4069482185990338,435,435,0,0,717,435,0.3776041666666667
QMIX,102.0,1011,volatile,independent,13.622000000000044,0.5360824742268041,0.4639175257731959,22.495840000000268,27.70239752450926,0.014746412706383358,13.542534722222221,54.0,69.0,229.0,0.7708333333333334,0.4132302405498282,446,446,0,0,706,446,0.3871527777777778
QMIX,102.0,1012,volatile,independent,-17.271999999999984,0.4945054945054945,0.5054945054945055,22.245840000000246,28.058029830878787,0.02276521588976125,14.044270833333334,56.0,70.0,269.0,0.8263888888888888,0.40865384615384615,441,441,0,0,711,441,0.3828125
QMIX,102.0,1013,volatile,independent,24.961999999999982,0.5350877192982456,0.4649122807017544,23.14584000000028,27.454247731784978,0.00192260526304375,12.979166666666666,54.0,67.0,273.0,0.7951388888888888,0.4254690545808967,459,459,0,0,693,459,0.3984375
QMIX,102.0,1014,volatile,independent,54.38799999999997,0.59,0.41000000000000003,21.84584000000025,27.589173110752224,0.015125408722532496,14.065972222222221,56.0,67.0,255.0,0.7934027777777778,0.46810763888888884,433,433,0,0,719,433,0.3758680555555556
QMIX,102.0,1015,volatile,independent,19.592999999999993,0.5396039603960396,0.46039603960396036,22.095840000000255,27.465949747976207,0.011580846794120577,13.85763888888889,55.0,68.0,258.0,0.8038194444444444,0.43374415566556657,438,438,0,0,714,438,0.3802083333333333
QMIX,102.0,1016,volatile,independent,26.40199999999998,0.5689655172413793,0.43103448275862066,22.79584000000028,27.912523638581064,0.015623452899001258,12.651909722222221,52.0,66.0,278.0,0.8229166666666666,0.4682112068965517,452,452,0,0,700,452,0.3923611111111111
QMIX,102.0,1017,volatile,independent,10.267999999999926,0.5359116022099447,0.4640883977900553,21.39584000000024,27.79940033660737,0.00835601609890665,14.120659722222221,55.0,69.0,247.0,0.8020833333333334,0.4298457642725598,424,424,0,0,728,424,0.3680555555555556
QMIX,102.0,1018,volatile,independent,32.39,0.5706521739130435,0.42934782608695654,22.29584000000026,27.93626192510004,0.013537219560203383,13.67361111111111,54.0,68.0,266.0,0.8287037037037037,0.4729015700483092,442,442,0,0,710,442,0.3836805555555556
QMIX,102.0,1019,volatile,independent,55.487999999999886,0.5806451612903226,0.4193548387096774,22.74584000000026,28.01763475150466,0.010450725528326203,13.699652777777779,55.0,68.0,281.0,0.796875,0.4627016129032258,451,451,0,0,701,451,0.3914930555555556
QMIX,102.0,1020,volatile,independent,14.395999999999985,0.529126213592233,0.470873786407767,21.945840000000267,27.822903063404752,0.015185752052932322,13.3515625,54.0,67.0,248.0,0.7881944444444444,0.41705434196332253,435,435,0,0,717,435,0.3776041666666667
QMIX,102.0,1021,volatile,independent,1.903000000000017,0.518324607329843,0.481675392670157,21.84584000000025,27.789645516335348,0.022188056454969116,13.585069444444445,55.0,68.0,241.0,0.8136574074074073,0.42173865619546247,433,433,0,0,719,433,0.3758680555555556
QMIX,102.0,1022,volatile,independent,6.375999999999971,0.5194174757281553,0.48058252427184467,21.945840000000253,27.71280169468463,0.0062840303012423535,14.425347222222221,56.0,69.0,274.0,0.7777777777777778,0.4039913700107875,435,435,0,0,717,435,0.3776041666666667
QMIX,102.0,1023,volatile,independent,-12.514000000000003,0.49282296650717705,0.507177033492823,22.495840000000268,27.651486251152924,0.022617953873941894,13.657118055555555,54.0,67.0,265.0,0.7552083333333334,0.37218401116427435,446,446,0,0,706,446,0.3871527777777778
QMIX,102.0,1024,volatile,independent,52.81499999999997,0.5978835978835979,0.4021164021164021,22.345840000000276,27.4878718435454,0.018864542959205515,13.61892361111111,54.0,68.0,261.0,0.8333333333333334,0.49823633156966496,443,443,0,0,709,443,0.3845486111111111
QMIX,102.0,1025,volatile,independent,-13.886000000000012,0.48868778280542985,0.5113122171945701,23.2958400000003,27.56357776179843,0.005383521348291239,12.958333333333334,54.0,66.0,269.0,0.7569444444444444,0.3699095022624434,462,462,0,0,690,462,0.4010416666666667
QMIX,102.0,1026,volatile,independent,-21.36499999999998,0.484375,0.515625,22.195840000000267,27.702533820830276,0.007722264423395795,13.627604166666666,54.450000000000045,68.0,253.0,0.7569444444444444,0.3666449652777778,440,440,0,0,712,440,0.3819444444444444
QMIX,102.0,1027,volatile,independent,-10.763999999999985,0.49504950495049505,0.504950495049505,21.44584000000024,27.99950208607195,0.012775919955285844,13.991319444444445,55.0,66.0,251.0,0.769675925925926,0.3810276861019436,425,425,0,0,727,425,0.3689236111111111
QMIX,102.0,1028,volatile,independent,-23.480000000000015,0.4835164835164835,0.5164835164835164,21.945840000000263,27.53038759107808,0.018396916836085644,13.788194444444445,55.0,69.0,260.0,0.7777777777777778,0.37606837606837606,435,435,0,0,717,435,0.3776041666666667
QMIX,102.0,1029,volatile,independent,75.28899999999993,0.6055045871559633,0.39449541284403666,22.445840000000274,27.664643683651576,0.02373267995893347,14.01388888888889,55.450000000000045,69.0,270.0,0.824074074074074,0.4989806320081549,445,445,0,0,707,445,0.3862847222222222
QMIX,102.0,1030,volatile,independent,-2.2449999999999624,0.5102040816326531,0.4897959183673469,21.745840000000243,27.767372544185854,0.015167758858897555,13.933159722222221,55.450000000000045,67.0,261.0,0.8020833333333334,0.4092261904761905,431,431,0,0,721,431,0.3741319444444444
QMIX,103.0,1001,volatile,independent,34.044999999999966,0.5685279187817259,0.4314720812182741,24.49584000000032,27.739939073151852,0.005123173291369225,12.65625,53.0,67.0,337.0,0.7806712962962963,0.4438334273359654,486,486,0,0,666,486,0.421875
QMIX,103.0,1002,volatile,independent,-32.251000000000005,0.48,0.52,24.895840000000323,27.508440333087822,0.018689743804600655,13.065972222222221,53.0,65.0,347.0,0.7881944444444444,0.3783333333333333,494,494,0,0,658,494,0.4288194444444444
QMIX,103.0,1003,volatile,independent,-15.882,0.5,0.5,24.59584000000032,27.779501553140616,0.004116381240483342,12.864583333333334,53.0,68.0,322.0,0.8003472222222222,0.4001736111111111,488,488,0,0,664,488,0.4236111111111111
QMIX,103.0,1004,volatile,independent,-55.45200000000007,0.4375,0.5625,24.345840000000315,27.984379276377897,0.015475683520261109,12.9765625,54.0,70.0,318.0,0.78125,0.341796875,483,483,0,0,669,483,0.4192708333333333
QMIX,103.0,1005,volatile,independent,3.7519999999999865,0.5319148936170213,0.46808510638297873,25.145840000000327,27.975712530041516,0.012507105497633429,13.11545138888889,54.0,68.0,361.0,0.7986111111111112,0.4247931442080378,499,499,0,0,653,499,0.4331597222222222
QMIX,103.0,1006,volatile,independent,-4.23400000000001,0.5251396648044693,0.4748603351955307,25.145840000000334,27.890333093412796,0.009396059295276234,13.639756944444445,55.0,67.0,347.0,0.8055555555555556,0.4230291744258225,499,499,0,0,653,499,0.4331597222222222
QMIX,103.0,1007,volatile,independent,15.854000000000003,0.5406698564593302,0.4593301435406698,26.09584000000035,27.934120924259485,0.022092100154562363,13.04861111111111,53.0,66.0,387.0,0.787037037037037,0.4255272018429913,518,518,0,0,634,518,0.4496527777777778
QMIX,103.0,1008,volatile,independent,38.36,0.5673076923076923,0.4326923076923077,24.39584000000032,27.525980181464767,0.02960311129275841,13.133680555555555,55.0,68.0,340.0,0.8015046296296295,0.45469974180911676,484,484,0,0,668,484,0.4201388888888889
QMIX,103.0,1009,volatile,independent,14.734999999999982,0.5336538461538461,0.46634615384615385,23.7458400000003,27.94306412681636,0.026373321463289502,13.39236111111111,54.0,68.0,318.0,0.7690972222222222,0.4104316907051282,471,471,0,0,681,471,0.4088541666666667
QMIX,103.0,1010,volatile,independent,13.696999999999944,0.5489130434782609,0.45108695652173914,25.04584000000033,27.74824410509017,0.01115374937736751,12.807291666666666,52.0,65.0,348.0,0.8055555555555556,0.44217995169082125,497,497,0,0,655,497,0.4314236111111111
QMIX,103.0,1011,volatile,independent,16.873999999999935,0.5463917525773195,0.45360824742268047,24.545840000000315,27.70239752450926,0.01772874018853203,13.208333333333334,54.0,67.0,326.0,0.7777777777777778,0.424971363115693,487,487,0,0,665,487,0.4227430555555556
QMIX,103.0,1012,volatile,independent,-29.41399999999998,0.4835164835164835,0.5164835164835164,25.095840000000315,28.058029830878787,0.02707338937103716,13.428819444444445,55.0,66.0,358.0,0.8194444444444444,0.3962148962148962,498,498,0,0,654,498,0.4322916666666667
QMIX,103.0,1013,volatile,independent,8.889000000000006,0.5219298245614035,0.47807017543859653,25.795840000000336,27.454247731784978,0.005784964284495206,13.219618055555555,54.0,68.0,364.0,0.78125,0.4077576754385965,512,512,0,0,640,512,0.4444444444444444
QMIX,103.0,1014,volatile,independent,27.45299999999999,0.56,0.43999999999999995,24.645840000000312,27.589173110752224,0.010902416625768798,14.450520833333334,56.0,67.0,352.0,0.78125,0.43750000000000006,489,489,0,0,663,489,0.4244791666666667
QMIX,103.0,1015,volatile,independent,-14.176999999999945,0.5,0.5,24.94584000000032,27.465949747976207,0.008639915796928457,13.969618055555555,56.0,68.0,373.0,0.7725694444444444,0.3862847222222222,495,495,0,0,657,495,0.4296875
QMIX,103.0,1016,volatile,independent,31.72899999999996,0.5862068965517241,0.4137931034482759,25.19584000000032,27.912523638581064,0.013958610579791527,13.003472222222221,53.0,66.0,356.0,0.8229166666666666,0.48239942528735624,500,500,0,0,652,500,0.4340277777777778
QMIX,103.0,1017,volatile,independent,15.894000000000032,0.5524861878453039,0.4475138121546961,24.0958400000003,27.79940033660737,0.01465263783896299,13.644097222222221,56.0,68.0,323.0,0.8142361111111112,0.4498542050337631,478,478,0,0,674,478,0.4149305555555556
QMIX,103.0,1018,volatile,independent,29.544999999999916,0.5760869565217391,0.42391304347826086,25.29584000000033,27.93626192510004,0.017387920240540977,14.03125,56.0,67.0,407.0,0.8043981481481481,0.4634032809983897,502,502,0,0,650,502,0.4357638888888889
QMIX,103.0,1019,volatile,independent,46.63099999999995,0.576036866359447,0.42396313364055305,25.245840000000317,28.01763475150466,0.007179962494305395,14.110243055555555,56.450000000000045,68.0,364.0,0.7951388888888888,0.458029313876088,501,501,0,0,651,501,0.4348958333333333
QMIX,103.0,1020,volatile,independent,-5.456999999999966,0.5097087378640777,0.49029126213592233,24.94584000000033,27.822903063404752,0.013379632939959566,13.214409722222221,54.0,66.0,350.0,0.7777777777777778,0.3964401294498382,495,495,0,0,657,495,0.4296875
QMIX,103.0,1021,volatile,independent,0.4880000000000155,0.5235602094240838,0.47643979057591623,24.59584000000031,27.789645516335348,0.009674922816759994,12.955729166666666,53.0,65.0,340.0,0.7986111111111112,0.41812100058173357,488,488,0,0,664,488,0.4236111111111111
QMIX,103.0,1022,volatile,independent,4.442000000000028,0.5242718446601942,0.47572815533980584,24.84584000000032,27.71280169468463,0.012988779948534744,14.02951388888889,55.0,69.0,365.0,0.7829861111111112,0.410497572815534,493,493,0,0,659,493,0.4279513888888889
QMIX,103.0,1023,volatile,independent,-35.54200000000002,0.4688995215311005,0.5311004784688995,25.14584000000033,27.651486251152924,0.022880360286111484,13.917534722222221,55.0,67.0,356.0,0.7413194444444444,0.3476043328017012,499,499,0,0,653,499,0.4331597222222222
QMIX,103.0,1024,volatile,independent,40.233999999999966,0.5873015873015873,0.4126984126984127,25.345840000000337,27.4878718435454,0.011016454102618815,13.2421875,54.0,69.0,366.0,0.8315972222222222,0.48839836860670194,503,503,0,0,649,503,0.4366319444444444
QMIX,103.0,1025,volatile,independent,2.3589999999999813,0.5158371040723982,0.48416289592760176,25.945840000000352,27.56357776179843,0.011113614419606278,12.45138888888889,52.450000000000045,68.0,368.0,0.7777777777777778,0.4012066365007542,515,515,0,0,637,515,0.4470486111111111
QMIX,103.0,1026,volatile,independent,-15.992999999999965,0.5,0.5,24.895840000000323,27.702533820830276,0.017321199981521596,13.321180555555555,54.0,66.0,349.0,0.7465277777777778,0.3732638888888889,494,494,0,0,658,494,0.4288194444444444
QMIX,103.0,1027,volatile,independent,-16.306999999999974,0.49504950495049505,0.504950495049505,24.245840000000314,27.99950208607195,0.012708526131273008,13.991319444444445,56.0,67.0,342.0,0.7731481481481483,0.3827466079941328,481,481,0,0,671,481,0.4175347222222222
QMIX,103.0,1028,volatile,independent,-17.334999999999948,0.5,0.5,24.445840000000317,27.53038759107808,0.0033670586494086155,13.1015625,53.0,66.0,345.0,0.78125,0.390625,485,485,0,0,667,485,0.4210069444444444
QMIX,103.0,1029,volatile,independent,76.47099999999988,0.6146788990825688,0.3853211009174312,25.09584000000033,27.664643683651576,0.023698487274507837,14.614583333333334,57.0,74.0,383.0,0.8148148148148148,0.5008494733265375,498,498,0,0,654,498,0.4322916666666667
QMIX,103.0,1030,volatile,independent,-4.153000000000052,0.5153061224489796,0.48469387755102045,24.245840000000307,27.767372544185854,0.024785601049531016,14.346354166666666,56.0,67.0,346.0,0.7829861111111112,0.4034775368480726,481,481,0,0,671,481,0.4175347222222222
