policy,training_seed,environment_seed,scenario,regime,raw_episode_reward,event_recall,missed_event_rate,total_energy_consumption,harvested_energy,final_battery,mean_aoi,p95_aoi,max_aoi,redundant_sampling,network_coverage,network_utility,samples_delivered,samples_requested,sample_rejections,channel_blocks,sleep_actions,sample_actions,sample_action_fraction,ablation,model_path
Full QMIX,101,1001,volatile,coordinated,6.776333333333385,0.42574257425742573,0.5742574257425743,15.14584000000007,27.869978979177933,0.017078825615322462,11.97482638888889,47.0,65.0,68.0,0.8952546296296298,0.3811480106343968,299,367,0,68,785,367,0.3185763888888889,full,/Users/rajiv/Desktop/FinalYearProject-MARL/results/learned_models/coordinated/qmix_seed101.onnx
Full QMIX,101,1002,volatile,coordinated,41.435999999999986,0.4681647940074906,0.5318352059925093,16.49584000000015,28.196069389932298,0.027519273536980707,10.778645833333334,46.0,65.0,73.0,0.9366319444444444,0.4384981013316687,326,398,0,72,754,398,0.3454861111111111,full,/Users/rajiv/Desktop/FinalYearProject-MARL/results/learned_models/coordinated/qmix_seed101.onnx
Full QMIX,101,1003,volatile,coordinated,-40.21000000000002,0.40625,0.59375,15.495840000000102,28.045742792782573,0.017233425354992175,10.05642361111111,43.0,62.0,50.0,0.921875,0.37451171875,306,359,0,53,793,359,0.3116319444444444,full,/Users/rajiv/Desktop/FinalYearProject-MARL/results/learned_models/coordinated/qmix_seed101.onnx
Full QMIX,101,1004,volatile,coordinated,-9.845000000000006,0.41818181818181815,0.5818181818181818,16.145840000000124,27.778055887166204,0.028684217399443775,10.502604166666666,45.0,65.0,81.0,0.8706597222222222,0.3640940656565656,319,404,0,85,748,404,0.3506944444444444,full,/Users/rajiv/Desktop/FinalYearProject-MARL/results/learned_models/coordinated/qmix_seed101.onnx
Full QMIX,101,1005,volatile,coordinated,-22.71100000000002,0.42016806722689076,0.5798319327731092,14.995840000000106,27.612860050191575,0.023066699735909767,11.3671875,47.0,65.0,61.0,0.8993055555555556,0.377859477124183,296,365,0,69,787,365,0.3168402777777778,full,/Users/rajiv/Desktop/FinalYearProject-MARL/results/learned_models/coordinated/qmix_seed101.onnx
Full QMIX,101,1006,volatile,coordinated,-82.29866666666666,0.3540856031128405,0.6459143968871595,15.245840000000088,27.73702749384593,0.014780991503274632,10.67361111111111,45.0,63.0,67.0,0.8605324074074074,0.30470213647499644,301,367,0,66,785,367,0.3185763888888889,full,/Users/rajiv/Desktop/FinalYearProject-MARL/results/learned_models/coordinated/qmix_seed101.onnx
Full QMIX,101,1007,volatile,coordinated,-73.2876666666667,0.35564853556485354,0.6443514644351465,16.045840000000133,27.847617605125972,0.013334326383854789,10.401041666666666,44.0,64.0,56.0,0.8640046296296295,0.3072819812490314,317,375,0,58,777,375,0.3255208333333333,full,/Users/rajiv/Desktop/FinalYearProject-MARL/results/learned_models/coordinated/qmix_seed101.onnx
Full QMIX,101,1008,volatile,coordinated,-102.25500000000005,0.31216931216931215,0.6878306878306879,14.995840000000124,27.8133897866608,0.010419291652209922,12.54079861111111,46.0,69.0,54.0,0.8784722222222222,0.27423206937095823,296,333,0,37,819,333,0.2890625,full,/Users/rajiv/Desktop/FinalYearProject-MARL/results/learned_models/coordinated/qmix_seed101.onnx
Full QMIX,101,1009,volatile,coordinated,-92.97933333333332,0.3251231527093596,0.6748768472906403,15.245840000000097,27.585351449882772,0.01740555767975498,11.752604166666666,47.0,64.0,48.0,0.8833912037037037,0.28721093322386426,301,348,0,47,804,348,0.3020833333333333,full,/Users/rajiv/Desktop/FinalYearProject-MARL/results/learned_models/coordinated/qmix_seed101.onnx
Full QMIX,101,1010,volatile,coordinated,4.8793333333333075,0.4449760765550239,0.5550239234449761,14.995840000000111,27.87536673639651,0.027563043390485244,11.622395833333334,47.0,67.0,70.0,0.9351851851851851,0.41613503455608714,296,346,0,50,806,346,0.3003472222222222,full,/Users/rajiv/Desktop/FinalYearProject-MARL/results/learned_models/coordinated/qmix_seed101.onnx
Full QMIX,101,1011,volatile,coordinated,-63.9210000000001,0.3755656108597285,0.6244343891402715,15.745840000000104,27.8041058670549,0.019724781243607867,10.995659722222221,45.0,61.0,64.0,0.8480902777777778,0.31851354323780795,311,378,0,67,774,378,0.328125,full,/Users/rajiv/Desktop/FinalYearProject-MARL/results/learned_models/coordinated/qmix_seed101.onnx
Full QMIX,101,1012,volatile,coordinated,-107.42566666666661,0.33955223880597013,0.6604477611940298,16.645840000000113,27.719253047701116,0.02351045427036275,10.948784722222221,47.0,61.0,74.0,0.8483796296296295,0.28806920259812047,329,410,0,81,742,410,0.3559027777777778,full,/Users/rajiv/Desktop/FinalYearProject-MARL/results/learned_models/coordinated/qmix_seed101.onnx
Full QMIX,101,1013,volatile,coordinated,-46.088000000000044,0.3872832369942196,0.6127167630057804,15.245840000000145,27.505443767934835,0.02329667016561863,12.011284722222221,49.450000000000045,65.0,49.0,0.9236111111111112,0.357699100834939,301,353,0,52,799,353,0.3064236111111111,full,/Users/rajiv/Desktop/FinalYearProject-MARL/results/learned_models/coordinated/qmix_seed101.onnx
Full QMIX,101,1014,volatile,coordinated,-9.127000000000008,0.4661016949152542,0.5338983050847458,14.595840000000084,27.16643055612605,0.012132293319084504,11.17361111111111,46.0,63.0,47.0,0.9583333333333334,0.446680790960452,288,326,0,38,826,326,0.2829861111111111,full,/Users/rajiv/Desktop/FinalYearProject-MARL/results/learned_models/coordinated/qmix_seed101.onnx
Full QMIX,101,1015,volatile,coordinated,1.7713333333333363,0.46835443037974683,0.5316455696202531,15.295840000000092,27.984652380248956,0.010294158542795476,10.716145833333334,45.0,64.0,54.0,0.9508101851851851,0.44531616268166896,302,341,0,39,811,341,0.2960069444444444,full,/Users/rajiv/Desktop/FinalYearProject-MARL/results/learned_models/coordinated/qmix_seed101.onnx
Full QMIX,101,1016,volatile,coordinated,2.225333333333328,0.43109540636042404,0.568904593639576,16.445840000000118,27.74034214332949,0.026677639547598733,10.499131944444445,45.0,65.0,74.0,0.8891782407407407,0.38332065501897655,325,426,0,101,726,426,0.3697916666666667,full,/Users/rajiv/Desktop/FinalYearProject-MARL/results/learned_models/coordinated/qmix_seed101.onnx
Full QMIX,101,1017,volatile,coordinated,-55.11733333333336,0.3745704467353952,0.6254295532646048,14.995840000000136,27.7096812165475,0.01032761155000753,11.473958333333334,46.0,65.0,89.0,0.8512731481481483,0.31886176339569816,296,389,0,93,763,389,0.3376736111111111,full,/Users/rajiv/Desktop/FinalYearProject-MARL/results/learned_models/coordinated/qmix_seed101.onnx
Full QMIX,101,1018,volatile,coordinated,72.58433333333325,0.53125,0.46875,17.59584000000016,27.811885286899123,0.028603784868124617,10.463541666666666,46.0,68.0,86.0,0.9551504629629631,0.5074236834490742,348,424,0,76,728,424,0.3680555555555556,full,/Users/rajiv/Desktop/FinalYearProject-MARL/results/learned_models/coordinated/qmix_seed101.onnx
Full QMIX,101,1019,volatile,coordinated,-45.47766666666664,0.38421052631578945,0.6157894736842106,14.44584000000009,28.392817341526957,0.02369222110296961,10.90625,45.0,63.0,61.0,0.9074074074074073,0.34863547758284597,285,356,0,71,796,356,0.3090277777777778,full,/Users/rajiv/Desktop/FinalYearProject-MARL/results/learned_models/coordinated/qmix_seed101.onnx
Full QMIX,101,1020,volatile,coordinated,-23.06166666666664,0.403921568627451,0.596078431372549,15.295840000000096,27.540248359265487,0.022590910901240935,11.371527777777779,46.0,65.0,61.0,0.9160879629629629,0.3700276870007262,302,367,0,65,785,367,0.3185763888888889,full,/Users/rajiv/Desktop/FinalYearProject-MARL/results/learned_models/coordinated/qmix_seed101.onnx
Full QMIX,101,1021,volatile,coordinated,-34.513666666666644,0.4008810572687225,0.5991189427312775,16.045840000000098,27.668333776553673,0.01072231336459295,11.894097222222221,46.0,62.0,57.0,0.8865740740740741,0.35541075216185347,317,370,0,53,782,370,0.3211805555555556,full,/Users/rajiv/Desktop/FinalYearProject-MARL/results/learned_models/coordinated/qmix_seed101.onnx
Full QMIX,101,1022,volatile,coordinated,-53.53766666666666,0.3671497584541063,0.6328502415458936,15.745840000000117,27.780487312650067,0.016402111068402912,11.75607638888889,48.0,69.0,51.0,0.8778935185185185,0.32231839327249956,311,354,0,43,798,354,0.3072916666666667,full,/Users/rajiv/Desktop/FinalYearProject-MARL/results/learned_models/coordinated/qmix_seed101.onnx
Full QMIX,101,1023,volatile,coordinated,-61.54766666666664,0.38144329896907214,0.6185567010309279,15.245840000000063,28.173412349677125,0.023796723688133715,10.604166666666666,43.450000000000045,60.0,76.0,0.8674768518518517,0.33089323214967536,301,374,0,73,778,374,0.3246527777777778,full,/Users/rajiv/Desktop/FinalYearProject-MARL/results/learned_models/coordinated/qmix_seed101.onnx
Full QMIX,101,1024,volatile,coordinated,34.713999999999984,0.5726495726495726,0.4273504273504274,15.145840000000145,27.734086011533236,0.034353275588249674,9.926215277777779,40.0,61.0,56.0,0.9774305555555556,0.5597251899335233,299,346,0,47,806,346,0.3003472222222222,full,/Users/rajiv/Desktop/FinalYearProject-MARL/results/learned_models/coordinated/qmix_seed101.onnx
Full QMIX,101,1025,volatile,coordinated,-104.40600000000002,0.33211678832116787,0.6678832116788321,14.995840000000102,27.631273780374894,0.015001982225103468,10.2578125,42.0,61.0,73.0,0.859375,0.28541286496350365,296,364,0,68,788,364,0.3159722222222222,full,/Users/rajiv/Desktop/FinalYearProject-MARL/results/learned_models/coordinated/qmix_seed101.onnx
Full QMIX,101,1026,volatile,coordinated,-98.87433333333341,0.2971014492753623,0.7028985507246377,15.295840000000126,28.031244741185912,0.01090044849583332,10.914930555555555,44.0,66.0,46.0,0.9033564814814814,0.2683885198604401,302,334,0,32,818,334,0.2899305555555556,full,/Users/rajiv/Desktop/FinalYearProject-MARL/results/learned_models/coordinated/qmix_seed101.onnx
Full QMIX,101,1027,volatile,coordinated,-16.327666666666662,0.4276315789473684,0.5723684210526316,14.345840000000056,27.875509386714086,0.0198397509551098,11.33420138888889,46.0,63.0,53.0,0.9560185185185185,0.408823708576998,283,330,0,47,822,330,0.2864583333333333,full,/Users/rajiv/Desktop/FinalYearProject-MARL/results/learned_models/coordinated/qmix_seed101.onnx
Full QMIX,101,1028,volatile,coordinated,-14.993333333333315,0.45695364238410596,0.543046357615894,16.195840000000132,27.621479294635346,0.02046073098262356,11.236979166666666,44.0,62.0,69.0,0.960648148148148,0.4389716703458425,320,375,0,55,777,375,0.3255208333333333,full,/Users/rajiv/Desktop/FinalYearProject-MARL/results/learned_models/coordinated/qmix_seed101.onnx
Full QMIX,101,1029,volatile,coordinated,1.445999999999968,0.4377880184331797,0.5622119815668203,14.84584000000009,27.800474848912,0.022450127243187814,10.823784722222221,48.0,68.0,55.0,0.9149305555555556,0.40054563492063494,293,366,0,73,786,366,0.3177083333333333,full,/Users/rajiv/Desktop/FinalYearProject-MARL/results/learned_models/coordinated/qmix_seed101.onnx
Full QMIX,101,1030,volatile,coordinated,0.753666666666696,0.44155844155844154,0.5584415584415585,16.14584000000013,27.873481980284083,0.02801937816478741,10.270833333333334,43.450000000000045,67.0,66.0,0.9146412037037037,0.4038675444925445,319,397,0,78,755,397,0.3446180555555556,full,/Users/rajiv/Desktop/FinalYearProject-MARL/results/learned_models/coordinated/qmix_seed101.onnx
Full QMIX,102,1001,volatile,coordinated,68.17866666666663,0.47194719471947194,0.528052805280528,13.645840000000028,27.869978979177933,0.012236548598728521,8.480902777777779,36.0,58.0,61.0,0.8981481481481483,0.42387849896100727,269,324,0,55,828,324,0.28125,full,/Users/rajiv/Desktop/FinalYearProject-MARL/results/learned_models/coordinated/qmix_seed102.onnx
Full QMIX,102,1002,volatile,coordinated,110.16066666666671,0.5355805243445693,0.46441947565543074,14.795840000000121,28.196069389932298,0.018851960686575613,6.884548611111111,29.450000000000045,55.0,78.0,0.9380787037037037,0.5024166840061035,292,362,0,70,790,362,0.3142361111111111,full,/Users/rajiv/Desktop/FinalYearProject-MARL/results/learned_models/coordinated/qmix_seed102.onnx
Full QMIX,102,1003,volatile,coordinated,14.149999999999947,0.475,0.525,12.84584,28.045742792782573,0.027574354554865718,7.862847222222222,31.450000000000045,51.0,46.0,0.9392361111111112,0.44613715277777777,253,294,0,41,858,294,0.2552083333333333,full,/Users/rajiv/Desktop/FinalYearProject-MARL/results/learned_models/coordinated/qmix_seed102.onnx
Full QMIX,102,1004,volatile,coordinated,123.99999999999996,0.5345454545454545,0.46545454545454545,14.1458400000001,27.778055887166204,0.01868846934936192,8.25954861111111,37.0,59.0,67.0,0.8914930555555556,0.4765435606060606,279,339,0,60,813,339,0.2942708333333333,full,/Users/rajiv/Desktop/FinalYearProject-MARL/results/learned_models/coordinated/qmix_seed102.onnx
Full QMIX,102,1005,volatile,coordinated,71.31766666666671,0.5042016806722689,0.4957983193277311,12.69584,27.612860050191575,0.02366723494237178,9.26388888888889,40.0,59.0,59.0,0.952835648148148,0.48042133520074687,250,311,0,61,841,311,0.2699652777777778,full,/Users/rajiv/Desktop/FinalYearProject-MARL/results/learned_models/coordinated/qmix_seed102.onnx
Full QMIX,102,1006,volatile,coordinated,24.224666666666625,0.44357976653696496,0.556420233463035,13.845840000000063,27.73702749384593,0.0006342553954301958,7.506076388888889,32.0,58.0,48.0,0.890335648148148,0.3949348789450929,273,322,0,49,830,322,0.2795138888888889,full,/Users/rajiv/Desktop/FinalYearProject-MARL/results/learned_models/coordinated/qmix_seed102.onnx
Full QMIX,102,1007,volatile,coordinated,15.020000000000024,0.4435146443514644,0.5564853556485356,13.545840000000052,27.847617605125972,0.007357481944651205,7.7890625,29.0,51.0,60.0,0.8932291666666666,0.3961602161785216,267,319,0,52,833,319,0.2769097222222222,full,/Users/rajiv/Desktop/FinalYearProject-MARL/results/learned_models/coordinated/qmix_seed102.onnx
Full QMIX,102,1008,volatile,coordinated,-35.160999999999994,0.3915343915343915,0.6084656084656085,11.895839999999978,27.8133897866608,0.018510198839803996,7.946180555555555,32.0,49.0,57.0,0.8949652777777778,0.35040968547912993,234,269,0,35,883,269,0.23350694444444445,full,/Users/rajiv/Desktop/FinalYearProject-MARL/results/learned_models/coordinated/qmix_seed102.onnx
Full QMIX,102,1009,volatile,coordinated,-14.116666666666664,0.4039408866995074,0.5960591133004927,12.84584000000004,27.585351449882772,0.012991358712205699,7.170138888888889,29.450000000000045,51.0,47.0,0.9265046296296295,0.3742531016237913,253,298,0,45,854,298,0.2586805555555556,full,/Users/rajiv/Desktop/FinalYearProject-MARL/results/learned_models/coordinated/qmix_seed102.onnx
Full QMIX,102,1010,volatile,coordinated,67.81566666666667,0.5167464114832536,0.4832535885167464,13.19584000000007,27.87536673639651,0.025418606546103603,7.887152777777778,33.0,55.0,65.0,0.9363425925925927,0.4838516746411484,260,309,0,49,843,309,0.2682291666666667,full,/Users/rajiv/Desktop/FinalYearProject-MARL/results/learned_models/coordinated/qmix_seed102.onnx
Full QMIX,102,1011,volatile,coordinated,19.516666666666673,0.4479638009049774,0.5520361990950227,13.245840000000015,27.8041058670549,0.012485235042954124,9.284722222222221,40.0,57.0,48.0,0.8799189814814814,0.3941718514328808,261,294,0,33,858,294,0.2552083333333333,full,/Users/rajiv/Desktop/FinalYearProject-MARL/results/learned_models/coordinated/qmix_seed102.onnx
Full QMIX,102,1012,volatile,coordinated,-6.684333333333368,0.417910447761194,0.582089552238806,13.995840000000037,27.719253047701116,0.04957726012828603,8.81076388888889,41.0,62.0,62.0,0.8825231481481483,0.3688156440022112,276,319,0,43,833,319,0.2769097222222222,full,/Users/rajiv/Desktop/FinalYearProject-MARL/results/learned_models/coordinated/qmix_seed102.onnx
Full QMIX,102,1013,volatile,coordinated,2.0500000000000034,0.44508670520231214,0.5549132947976878,13.345840000000099,27.505443767934835,0.024271030623527347,9.270833333333334,39.450000000000045,62.0,43.0,0.9288194444444444,0.4134051862556198,263,295,0,32,857,295,0.2560763888888889,full,/Users/rajiv/Desktop/FinalYearProject-MARL/results/learned_models/coordinated/qmix_seed102.onnx
Full QMIX,102,1014,volatile,coordinated,38.67800000000003,0.559322033898305,0.44067796610169496,11.795839999999973,27.16643055612605,0.045163950917879433,7.993055555555555,34.0,56.0,49.0,0.9618055555555556,0.5379590395480226,232,267,0,35,885,267,0.23177083333333334,full,/Users/rajiv/Desktop/FinalYearProject-MARL/results/learned_models/coordinated/qmix_seed102.onnx
Full QMIX,102,1015,volatile,coordinated,58.94166666666666,0.5506329113924051,0.4493670886075949,13.095840000000063,27.984652380248956,0.013426941011830262,7.782118055555555,32.0,55.0,53.0,0.9632523148148147,0.5303984265119549,258,296,0,38,856,296,0.2569444444444444,full,/Users/rajiv/Desktop/FinalYearProject-MARL/results/learned_models/coordinated/qmix_seed102.onnx
Full QMIX,102,1016,volatile,coordinated,107.75166666666652,0.5123674911660777,0.4876325088339223,14.245840000000063,27.74034214332949,0.015912217320134807,7.941840277777778,37.0,65.0,64.0,0.9198495370370369,0.47130099954194465,281,343,0,62,809,343,0.2977430555555556,full,/Users/rajiv/Desktop/FinalYearProject-MARL/results/learned_models/coordinated/qmix_seed102.onnx
Full QMIX,102,1017,volatile,coordinated,67.9223333333334,0.47079037800687284,0.5292096219931272,13.295840000000105,27.7096812165475,0.028693633946841938,9.686631944444445,40.450000000000045,62.0,72.0,0.8761574074074074,0.41248647702685504,262,315,0,53,837,315,0.2734375,full,/Users/rajiv/Desktop/FinalYearProject-MARL/results/learned_models/coordinated/qmix_seed102.onnx
Full QMIX,102,1018,volatile,coordinated,138.53333333333322,0.5892857142857143,0.4107142857142857,14.845840000000084,27.811885286899123,0.026343417597687165,7.6875,35.0,59.0,70.0,0.9629629629629631,0.5674603174603176,293,351,0,58,801,351,0.3046875,full,/Users/rajiv/Desktop/FinalYearProject-MARL/results/learned_models/coordinated/qmix_seed102.onnx
Full QMIX,102,1019,volatile,coordinated,28.564666666666675,0.4631578947368421,0.5368421052631579,12.595840000000013,28.392817341526957,0.0260451274483352,8.565972222222221,39.450000000000045,66.0,47.0,0.9267939814814814,0.42925194931773875,248,292,0,44,860,292,0.2534722222222222,full,/Users/rajiv/Desktop/FinalYearProject-MARL/results/learned_models/coordinated/qmix_seed102.onnx
Full QMIX,102,1020,volatile,coordinated,41.077,0.4666666666666667,0.5333333333333333,13.24584000000004,27.540248359265487,0.025933077184226973,7.5234375,31.0,47.0,66.0,0.9253472222222222,0.4318287037037037,261,329,0,68,823,329,0.2855902777777778,full,/Users/rajiv/Desktop/FinalYearProject-MARL/results/learned_models/coordinated/qmix_seed102.onnx
Full QMIX,102,1021,volatile,coordinated,49.66699999999999,0.4801762114537445,0.5198237885462555,13.195840000000018,27.668333776553673,0.010722313364592872,7.6171875,34.0,52.0,65.0,0.9418402777777778,0.4522492963778757,260,324,0,64,828,324,0.28125,full,/Users/rajiv/Desktop/FinalYearProject-MARL/results/learned_models/coordinated/qmix_seed102.onnx
Full QMIX,102,1022,volatile,coordinated,57.78566666666672,0.4927536231884058,0.5072463768115942,13.395840000000026,27.780487312650067,0.04237261605828621,8.77951388888889,39.450000000000045,64.0,52.0,0.9189814814814814,0.4528314546430488,264,295,0,31,857,295,0.2560763888888889,full,/Users/rajiv/Desktop/FinalYearProject-MARL/results/learned_models/coordinated/qmix_seed102.onnx
Full QMIX,102,1023,volatile,coordinated,80.86433333333326,0.5257731958762887,0.4742268041237113,13.495840000000051,28.173412349677125,0.02507042921309449,9.961805555555555,41.450000000000045,62.0,44.0,0.9377893518518517,0.49306450458190143,266,300,0,34,852,300,0.2604166666666667,full,/Users/rajiv/Desktop/FinalYearProject-MARL/results/learned_models/coordinated/qmix_seed102.onnx
Full QMIX,102,1024,volatile,coordinated,71.12933333333329,0.6324786324786325,0.36752136752136755,12.945840000000045,27.734086011533236,0.13792623566021397,6.801215277777778,27.0,46.0,51.0,0.9777199074074073,0.6183869499841721,255,287,0,32,865,287,0.24913194444444445,full,/Users/rajiv/Desktop/FinalYearProject-MARL/results/learned_models/coordinated/qmix_seed102.onnx
Full QMIX,102,1025,volatile,coordinated,-15.258999999999965,0.40145985401459855,0.5985401459854014,13.495840000000051,27.631273780374894,0.024522957084204638,6.605902777777778,28.0,42.0,58.0,0.8828125,0.35441377737226276,266,320,0,54,832,320,0.2777777777777778,full,/Users/rajiv/Desktop/FinalYearProject-MARL/results/learned_models/coordinated/qmix_seed102.onnx
Full QMIX,102,1026,volatile,coordinated,-12.710666666666686,0.427536231884058,0.572463768115942,12.595840000000045,28.031244741185912,0.00832694600411571,8.26388888888889,33.0,48.0,41.0,0.9447337962962964,0.4039079274020398,248,274,0,26,878,274,0.2378472222222222,full,/Users/rajiv/Desktop/FinalYearProject-MARL/results/learned_models/coordinated/qmix_seed102.onnx
Full QMIX,102,1027,volatile,coordinated,49.00333333333337,0.5263157894736842,0.4736842105263158,12.795840000000045,27.875509386714086,0.022276806531550345,9.14236111111111,35.0,57.0,44.0,0.9620949074074073,0.5063657407407407,252,287,0,35,865,287,0.24913194444444445,full,/Users/rajiv/Desktop/FinalYearProject-MARL/results/learned_models/coordinated/qmix_seed102.onnx
Full QMIX,102,1028,volatile,coordinated,43.08466666666666,0.5231788079470199,0.4768211920529801,13.045840000000055,27.621479294635346,0.020234241764747075,8.26388888888889,33.0,63.0,48.0,0.9649884259259258,0.504861494358597,257,295,0,38,857,295,0.2560763888888889,full,/Users/rajiv/Desktop/FinalYearProject-MARL/results/learned_models/coordinated/qmix_seed102.onnx
Full QMIX,102,1029,volatile,coordinated,47.252999999999986,0.48847926267281105,0.511520737327189,13.895840000000065,27.800474848912,0.031081113755072505,7.623263888888889,32.0,60.0,57.0,0.9201388888888888,0.44946876600102403,274,331,0,57,821,331,0.2873263888888889,full,/Users/rajiv/Desktop/FinalYearProject-MARL/results/learned_models/coordinated/qmix_seed102.onnx
Full QMIX,102,1030,volatile,coordinated,60.26466666666662,0.49783549783549785,0.5021645021645021,14.295840000000078,27.873481980284083,0.03046608267507725,7.713541666666667,34.0,57.0,59.0,0.9233217592592591,0.4596623476831809,282,344,0,62,808,344,0.2986111111111111,full,/Users/rajiv/Desktop/FinalYearProject-MARL/results/learned_models/coordinated/qmix_seed102.onnx
Full QMIX,103,1001,volatile,coordinated,86.03800000000007,0.49174917491749176,0.5082508250825082,13.345840000000024,27.869978979177933,0.012236548598728539,8.036458333333334,33.0,47.0,73.0,0.9105902777777778,0.44778201778511184,263,336,0,73,816,336,0.2916666666666667,full,/Users/rajiv/Desktop/FinalYearProject-MARL/results/learned_models/coordinated/qmix_seed103.onnx
Full QMIX,103,1002,volatile,coordinated,135.77766666666665,0.5580524344569289,0.44194756554307113,14.74584000000014,28.196069389932298,0.022707166705631297,7.532986111111111,33.450000000000045,60.0,76.0,0.9502314814814815,0.5302789915383549,291,354,0,63,798,354,0.3072916666666667,full,/Users/rajiv/Desktop/FinalYearProject-MARL/results/learned_models/coordinated/qmix_seed103.onnx
Full QMIX,103,1003,volatile,coordinated,62.01433333333336,0.54375,0.45625000000000004,12.545840000000007,28.045742792782573,0.061971854554865605,7.595486111111111,29.450000000000045,52.0,46.0,0.9673032407407409,0.5259711371527779,247,284,0,37,868,284,0.2465277777777778,full,/Users/rajiv/Desktop/FinalYearProject-MARL/results/learned_models/coordinated/qmix_seed103.onnx
Full QMIX,103,1004,volatile,coordinated,123.38000000000001,0.5309090909090909,0.4690909090909091,13.7958400000001,27.778055887166204,0.02740537994123555,9.234375,41.0,66.0,69.0,0.9071180555555556,0.48159722222222223,272,335,0,63,817,335,0.2907986111111111,full,/Users/rajiv/Desktop/FinalYearProject-MARL/results/learned_models/coordinated/qmix_seed103.onnx
Full QMIX,103,1005,volatile,coordinated,93.93866666666678,0.5336134453781513,0.46638655462184875,12.395839999999996,27.612860050191575,0.02366723494237176,9.552083333333334,40.0,64.0,65.0,0.9510995370370369,0.5075195008558978,244,292,0,48,860,292,0.2534722222222222,full,/Users/rajiv/Desktop/FinalYearProject-MARL/results/learned_models/coordinated/qmix_seed103.onnx
Full QMIX,103,1006,volatile,coordinated,10.140000000000029,0.42412451361867703,0.5758754863813229,13.695840000000064,27.73702749384593,0.007919073630847703,7.544270833333333,32.0,55.0,42.0,0.8888888888888888,0.37699956766104625,270,313,0,43,839,313,0.2717013888888889,full,/Users/rajiv/Desktop/FinalYearProject-MARL/results/learned_models/coordinated/qmix_seed103.onnx
Full QMIX,103,1007,volatile,coordinated,20.916999999999984,0.4476987447698745,0.5523012552301255,13.045840000000036,27.847617605125972,0.009416903443216327,7.668402777777778,30.0,48.0,57.0,0.890625,0.3987316945606695,257,304,0,47,848,304,0.2638888888888889,full,/Users/rajiv/Desktop/FinalYearProject-MARL/results/learned_models/coordinated/qmix_seed103.onnx
Full QMIX,103,1008,volatile,coordinated,-26.752000000000034,0.3915343915343915,0.6084656084656085,11.045839999999961,27.8133897866608,0.011674209761414991,8.657118055555555,34.0,67.0,43.0,0.8932291666666666,0.3497299382716049,217,243,0,26,909,243,0.2109375,full,/Users/rajiv/Desktop/FinalYearProject-MARL/results/learned_models/coordinated/qmix_seed103.onnx
Full QMIX,103,1009,volatile,coordinated,9.746666666666647,0.43349753694581283,0.5665024630541872,12.195839999999993,27.585351449882772,0.012991358712205695,8.421875,32.0,58.0,43.0,0.9285300925925924,0.40251550811895637,240,281,0,41,871,281,0.2439236111111111,full,/Users/rajiv/Desktop/FinalYearProject-MARL/results/learned_models/coordinated/qmix_seed103.onnx
Full QMIX,103,1010,volatile,coordinated,78.81299999999999,0.5311004784688995,0.4688995215311005,13.445840000000118,27.87536673639651,0.025418606546103593,6.936631944444445,27.0,59.0,71.0,0.9470486111111112,0.5029779704944178,265,316,0,51,836,316,0.2743055555555556,full,/Users/rajiv/Desktop/FinalYearProject-MARL/results/learned_models/coordinated/qmix_seed103.onnx
Full QMIX,103,1011,volatile,coordinated,40.74999999999998,0.4751131221719457,0.5248868778280543,12.89584000000001,27.8041058670549,0.012485235042954098,8.491319444444445,35.0,54.0,59.0,0.8958333333333334,0.42562217194570134,254,291,0,37,861,291,0.2526041666666667,full,/Users/rajiv/Desktop/FinalYearProject-MARL/results/learned_models/coordinated/qmix_seed103.onnx
Full QMIX,103,1012,volatile,coordinated,14.407999999999948,0.43656716417910446,0.5634328358208955,13.795840000000045,27.719253047701116,0.11009406115200657,8.294270833333334,37.0,63.0,61.0,0.8888888888888888,0.38805970149253727,272,312,0,40,840,312,0.2708333333333333,full,/Users/rajiv/Desktop/FinalYearProject-MARL/results/learned_models/coordinated/qmix_seed103.onnx
Full QMIX,103,1013,volatile,coordinated,49.84999999999999,0.5144508670520231,0.48554913294797686,12.995840000000104,27.505443767934835,0.11177103062352724,9.270833333333334,43.0,62.0,49.0,0.9565972222222222,0.4921222703917791,256,287,0,31,865,287,0.24913194444444445,full,/Users/rajiv/Desktop/FinalYearProject-MARL/results/learned_models/coordinated/qmix_seed103.onnx
Full QMIX,103,1014,volatile,coordinated,49.608,0.5677966101694916,0.43220338983050843,10.745839999999959,27.16643055612605,0.18499295137630303,8.455729166666666,32.0,55.0,39.0,0.9609375,0.5456170550847458,211,235,0,24,917,235,0.20399305555555555,full,/Users/rajiv/Desktop/FinalYearProject-MARL/results/learned_models/coordinated/qmix_seed103.onnx
Full QMIX,103,1015,volatile,coordinated,74.1093333333333,0.5632911392405063,0.43670886075949367,12.695840000000079,27.984652380248956,0.10037350222572247,7.372395833333333,28.0,59.0,46.0,0.9725115740740742,0.5478071524847633,250,281,0,31,871,281,0.2439236111111111,full,/Users/rajiv/Desktop/FinalYearProject-MARL/results/learned_models/coordinated/qmix_seed103.onnx
Full QMIX,103,1016,volatile,coordinated,112.38499999999993,0.519434628975265,0.48056537102473496,14.145840000000067,27.74034214332949,0.027659890870928936,6.475694444444445,29.0,45.0,71.0,0.9210069444444444,0.47840290047114253,279,350,0,71,802,350,0.3038194444444444,full,/Users/rajiv/Desktop/FinalYearProject-MARL/results/learned_models/coordinated/qmix_seed103.onnx
Full QMIX,103,1017,volatile,coordinated,67.4930000000001,0.4742268041237113,0.5257731958762887,13.345840000000107,27.7096812165475,0.018951934727622403,9.081597222222221,36.0,53.0,78.0,0.875,0.4149484536082474,263,327,0,64,825,327,0.2838541666666667,full,/Users/rajiv/Desktop/FinalYearProject-MARL/results/learned_models/coordinated/qmix_seed103.onnx
Full QMIX,103,1018,volatile,coordinated,148.28866666666661,0.5982142857142857,0.4017857142857143,14.545840000000094,27.811885286899123,0.10540935039287089,7.374131944444445,35.0,58.0,70.0,0.9693287037037036,0.5798662781084656,287,345,0,58,807,345,0.2994791666666667,full,/Users/rajiv/Desktop/FinalYearProject-MARL/results/learned_models/coordinated/qmix_seed103.onnx
Full QMIX,103,1019,volatile,coordinated,26.904666666666664,0.4631578947368421,0.5368421052631579,12.195840000000006,28.392817341526957,0.1010451274483352,6.793402777777778,28.0,53.0,56.0,0.9311342592592591,0.43126218323586735,240,295,0,55,857,295,0.2560763888888889,full,/Users/rajiv/Desktop/FinalYearProject-MARL/results/learned_models/coordinated/qmix_seed103.onnx
Full QMIX,103,1020,volatile,coordinated,56.26500000000007,0.4823529411764706,0.5176470588235293,12.895840000000032,27.540248359265487,0.0353305771842269,8.434027777777779,35.450000000000045,57.0,67.0,0.9270833333333334,0.44718137254901963,254,307,0,53,845,307,0.2664930555555556,full,/Users/rajiv/Desktop/FinalYearProject-MARL/results/learned_models/coordinated/qmix_seed103.onnx
Full QMIX,103,1021,volatile,coordinated,63.02266666666675,0.4977973568281938,0.5022026431718062,12.595840000000008,27.668333776553673,0.02245849630836456,8.487847222222221,37.0,63.0,63.0,0.9320023148148147,0.46394828887257294,248,303,0,55,849,303,0.2630208333333333,full,/Users/rajiv/Desktop/FinalYearProject-MARL/results/learned_models/coordinated/qmix_seed103.onnx
Full QMIX,103,1022,volatile,coordinated,58.03000000000002,0.4927536231884058,0.5072463768115942,12.995840000000031,27.780487312650067,0.10487261605828621,9.291666666666666,40.0,66.0,53.0,0.9201388888888888,0.45340177133655396,256,285,0,29,867,285,0.24739583333333334,full,/Users/rajiv/Desktop/FinalYearProject-MARL/results/learned_models/coordinated/qmix_seed103.onnx
Full QMIX,103,1023,volatile,coordinated,92.17733333333334,0.5412371134020618,0.4587628865979382,12.595840000000011,28.173412349677125,0.024948433038942043,10.04079861111111,40.0,60.0,43.0,0.9317129629629629,0.5042776345933562,248,278,0,30,874,278,0.24131944444444445,full,/Users/rajiv/Desktop/FinalYearProject-MARL/results/learned_models/coordinated/qmix_seed103.onnx
Full QMIX,103,1024,volatile,coordinated,89.14299999999992,0.6666666666666666,0.33333333333333337,12.245840000000038,27.734086011533236,0.2015724429758337,6.443576388888889,25.0,50.0,47.0,0.9800347222222222,0.6533564814814814,241,277,0,36,875,277,0.2404513888888889,full,/Users/rajiv/Desktop/FinalYearProject-MARL/results/learned_models/coordinated/qmix_seed103.onnx
Full QMIX,103,1025,volatile,coordinated,17.117333333333345,0.4343065693430657,0.5656934306569343,13.245840000000042,27.631273780374894,0.02383876491162798,6.249131944444445,26.450000000000045,38.0,67.0,0.9021990740740742,0.39183098472560157,261,326,0,65,826,326,0.2829861111111111,full,/Users/rajiv/Desktop/FinalYearProject-MARL/results/learned_models/coordinated/qmix_seed103.onnx
Full QMIX,103,1026,volatile,coordinated,17.761999999999976,0.4855072463768116,0.5144927536231885,11.895839999999984,28.031244741185912,0.011118481902574986,7.408854166666667,27.0,69.0,46.0,0.9557291666666666,0.4640134359903381,234,267,0,33,885,267,0.23177083333333334,full,/Users/rajiv/Desktop/FinalYearProject-MARL/results/learned_models/coordinated/qmix_seed103.onnx
Full QMIX,103,1027,volatile,coordinated,55.89133333333335,0.5328947368421053,0.4671052631578947,12.145840000000003,27.875509386714086,0.0219406834215458,8.730902777777779,33.0,57.0,45.0,0.9699074074074076,0.5168585526315791,239,275,0,36,877,275,0.2387152777777778,full,/Users/rajiv/Desktop/FinalYearProject-MARL/results/learned_models/coordinated/qmix_seed103.onnx
Full QMIX,103,1028,volatile,coordinated,39.176,0.5033112582781457,0.4966887417218543,11.945840000000056,27.621479294635346,0.17023424176474708,8.830729166666666,36.0,62.0,43.0,0.9713541666666666,0.48889348785871967,235,266,0,31,886,266,0.2309027777777778,full,/Users/rajiv/Desktop/FinalYearProject-MARL/results/learned_models/coordinated/qmix_seed103.onnx
Full QMIX,103,1029,volatile,coordinated,72.52166666666668,0.511520737327189,0.48847926267281105,12.895840000000053,27.800474848912,0.08108111375507249,6.894965277777778,29.0,56.0,54.0,0.929398148148148,0.47540642601126465,254,303,0,49,849,303,0.2630208333333333,full,/Users/rajiv/Desktop/FinalYearProject-MARL/results/learned_models/coordinated/qmix_seed103.onnx
Full QMIX,103,1030,volatile,coordinated,73.88166666666662,0.5151515151515151,0.48484848484848486,13.895840000000064,27.873481980284083,0.030466082675077184,7.556423611111111,34.450000000000045,76.0,63.0,0.9241898148148149,0.4760977833894501,274,335,0,61,817,335,0.2907986111111111,full,/Users/rajiv/Desktop/FinalYearProject-MARL/results/learned_models/coordinated/qmix_seed103.onnx
No neighbor signal,101,1001,volatile,coordinated,35.78299999999992,0.45544554455445546,0.5445544554455446,13.695840000000025,27.869978979177933,0.012847324891880828,9.20920138888889,38.0,55.0,82.0,0.8993055555555556,0.4095847084708471,270,363,0,93,789,363,0.3151041666666667,no_neighbor_signal,/Users/rajiv/Desktop/FinalYearProject-MARL/results/ablation_models/no_neighbor_signal/coordinated/qmix_seed101.onnx
No neighbor signal,101,1002,volatile,coordinated,109.07766666666672,0.5355805243445693,0.46441947565543074,15.09584000000014,28.196069389932298,0.02109759123445995,7.684027777777778,34.0,65.0,83.0,0.9537037037037037,0.5107851296989874,298,385,0,87,767,385,0.3342013888888889,no_neighbor_signal,/Users/rajiv/Desktop/FinalYearProject-MARL/results/ablation_models/no_neighbor_signal/coordinated/qmix_seed101.onnx
No neighbor signal,101,1003,volatile,coordinated,24.419999999999973,0.5,0.5,13.095840000000024,28.045742792782573,0.027595014042423677,8.504340277777779,34.0,56.0,56.0,0.9496527777777778,0.4748263888888889,258,304,0,46,848,304,0.2638888888888889,no_neighbor_signal,/Users/rajiv/Desktop/FinalYearProject-MARL/results/ablation_models/no_neighbor_signal/coordinated/qmix_seed101.onnx
No neighbor signal,101,1004,volatile,coordinated,33.583999999999925,0.4581818181818182,0.5418181818181818,14.545840000000132,27.778055887166204,0.02787396979308083,8.39670138888889,38.450000000000045,67.0,97.0,0.8993055555555556,0.41204545454545455,287,380,0,93,772,380,0.3298611111111111,no_neighbor_signal,/Users/rajiv/Desktop/FinalYearProject-MARL/results/ablation_models/no_neighbor_signal/coordinated/qmix_seed101.onnx
No neighbor signal,101,1005,volatile,coordinated,27.181333333333342,0.46638655462184875,0.5336134453781513,13.145840000000012,27.612860050191575,0.023667234942371797,9.108506944444445,39.450000000000045,62.0,64.0,0.9291087962962964,0.43332385037348276,259,346,0,87,806,346,0.3003472222222222,no_neighbor_signal,/Users/rajiv/Desktop/FinalYearProject-MARL/results/ablation_models/no_neighbor_signal/coordinated/qmix_seed101.onnx
No neighbor signal,101,1006,volatile,coordinated,-27.659999999999982,0.40077821011673154,0.5992217898832685,13.79584000000006,27.73702749384593,0.0063293712920791285,8.57638888888889,36.0,56.0,65.0,0.8828125,0.35381201361867703,272,337,0,65,815,337,0.2925347222222222,no_neighbor_signal,/Users/rajiv/Desktop/FinalYearProject-MARL/results/ablation_models/no_neighbor_signal/coordinated/qmix_seed101.onnx
No neighbor signal,101,1007,volatile,coordinated,-38.419333333333384,0.39748953974895396,0.602510460251046,13.845840000000107,27.847617605125972,0.009416903443216332,9.04079861111111,37.0,64.0,74.0,0.872974537037037,0.346998246939408,273,327,0,54,825,327,0.2838541666666667,no_neighbor_signal,/Users/rajiv/Desktop/FinalYearProject-MARL/results/ablation_models/no_neighbor_signal/coordinated/qmix_seed101.onnx
No neighbor signal,101,1008,volatile,coordinated,-67.10200000000007,0.3439153439153439,0.656084656084656,11.295839999999963,27.8133897866608,0.015577184562605964,11.309027777777779,43.0,65.0,47.0,0.8845486111111112,0.30420983980011757,222,257,0,35,895,257,0.2230902777777778,no_neighbor_signal,/Users/rajiv/Desktop/FinalYearProject-MARL/results/ablation_models/no_neighbor_signal/coordinated/qmix_seed101.onnx
No neighbor signal,101,1009,volatile,coordinated,-17.523333333333333,0.4088669950738916,0.5911330049261083,12.745840000000031,27.585351449882772,0.012010155252999321,9.591145833333334,39.450000000000045,58.0,53.0,0.9189814814814814,0.3757411968618865,251,288,0,37,864,288,0.25,no_neighbor_signal,/Users/rajiv/Desktop/FinalYearProject-MARL/results/ablation_models/no_neighbor_signal/coordinated/qmix_seed101.onnx
No neighbor signal,101,1010,volatile,coordinated,17.151333333333326,0.45454545454545453,0.5454545454545454,13.445840000000121,27.87536673639651,0.02505305321557974,9.446180555555555,39.0,59.0,69.0,0.9351851851851851,0.42508417508417506,265,320,0,55,832,320,0.2777777777777778,no_neighbor_signal,/Users/rajiv/Desktop/FinalYearProject-MARL/results/ablation_models/no_neighbor_signal/coordinated/qmix_seed101.onnx
No neighbor signal,101,1011,volatile,coordinated,-10.887333333333341,0.42081447963800905,0.5791855203619909,13.495840000000012,27.8041058670549,0.011001204427398359,10.417534722222221,43.0,61.0,60.0,0.880787037037037,0.3706479386626445,266,318,0,52,834,318,0.2760416666666667,no_neighbor_signal,/Users/rajiv/Desktop/FinalYearProject-MARL/results/ablation_models/no_neighbor_signal/coordinated/qmix_seed101.onnx
No neighbor signal,101,1012,volatile,coordinated,-43.48566666666664,0.39552238805970147,0.6044776119402986,14.695840000000045,27.719253047701116,0.018339644143397654,9.4765625,46.0,65.0,80.0,0.8735532407407407,0.34550986387506905,290,354,0,64,798,354,0.3072916666666667,no_neighbor_signal,/Users/rajiv/Desktop/FinalYearProject-MARL/results/ablation_models/no_neighbor_signal/coordinated/qmix_seed101.onnx
No neighbor signal,101,1013,volatile,coordinated,61.71599999999998,0.5317919075144508,0.4682080924855492,13.995840000000133,27.505443767934835,0.04927103062352729,8.17361111111111,33.0,64.0,54.0,0.9748263888888888,0.5184047848426461,276,313,0,37,839,313,0.2717013888888889,no_neighbor_signal,/Users/rajiv/Desktop/FinalYearProject-MARL/results/ablation_models/no_neighbor_signal/coordinated/qmix_seed101.onnx
No neighbor signal,101,1014,volatile,coordinated,7.684666666666667,0.4915254237288136,0.5084745762711864,11.995839999999966,27.16643055612605,0.02249295137630304,9.32986111111111,39.0,62.0,49.0,0.9597800925925924,0.47175631669805396,236,277,0,41,875,277,0.2404513888888889,no_neighbor_signal,/Users/rajiv/Desktop/FinalYearProject-MARL/results/ablation_models/no_neighbor_signal/coordinated/qmix_seed101.onnx
No neighbor signal,101,1015,volatile,coordinated,49.05133333333332,0.5379746835443038,0.4620253164556962,13.645840000000094,27.984652380248956,0.037718692988260145,7.926215277777778,36.0,61.0,61.0,0.9716435185185186,0.522719614392874,269,308,0,39,844,308,0.2673611111111111,no_neighbor_signal,/Users/rajiv/Desktop/FinalYearProject-MARL/results/ablation_models/no_neighbor_signal/coordinated/qmix_seed101.onnx
No neighbor signal,101,1016,volatile,coordinated,52.95233333333327,0.47703180212014135,0.5229681978798586,14.745840000000067,27.74034214332949,0.013515248559309065,7.763888888888889,36.0,59.0,83.0,0.8969907407407407,0.42789310954063603,291,381,0,90,771,381,0.3307291666666667,no_neighbor_signal,/Users/rajiv/Desktop/FinalYearProject-MARL/results/ablation_models/no_neighbor_signal/coordinated/qmix_seed101.onnx
No neighbor signal,101,1017,volatile,coordinated,-10.90633333333334,0.4054982817869416,0.5945017182130584,13.945840000000159,27.7096812165475,0.011435194727029644,11.902777777777779,45.0,65.0,81.0,0.8677662037037037,0.351877704594629,275,345,0,70,807,345,0.2994791666666667,no_neighbor_signal,/Users/rajiv/Desktop/FinalYearProject-MARL/results/ablation_models/no_neighbor_signal/coordinated/qmix_seed101.onnx
No neighbor signal,101,1018,volatile,coordinated,105.20799999999998,0.5625,0.4375,15.745840000000099,27.811885286899123,0.038843417597687134,7.663194444444445,37.0,67.0,92.0,0.9722222222222222,0.546875,311,392,0,81,760,392,0.3402777777777778,no_neighbor_signal,/Users/rajiv/Desktop/FinalYearProject-MARL/results/ablation_models/no_neighbor_signal/coordinated/qmix_seed101.onnx
No neighbor signal,101,1019,volatile,coordinated,-9.52833333333331,0.4263157894736842,0.5736842105263158,12.845840000000035,28.392817341526957,0.02604512744833528,9.276909722222221,40.0,64.0,68.0,0.9233217592592591,0.393626644736842,253,305,0,52,847,305,0.2647569444444444,no_neighbor_signal,/Users/rajiv/Desktop/FinalYearProject-MARL/results/ablation_models/no_neighbor_signal/coordinated/qmix_seed101.onnx
No neighbor signal,101,1020,volatile,coordinated,-0.9369999999999967,0.42745098039215684,0.5725490196078431,13.195840000000045,27.540248359265487,0.025933077184226997,9.432291666666666,38.450000000000045,54.0,68.0,0.9175347222222222,0.3922011165577342,260,345,0,85,807,345,0.2994791666666667,no_neighbor_signal,/Users/rajiv/Desktop/FinalYearProject-MARL/results/ablation_models/no_neighbor_signal/coordinated/qmix_seed101.onnx
No neighbor signal,101,1021,volatile,coordinated,18.898,0.45374449339207046,0.5462555066079295,13.495840000000038,27.668333776553673,0.013695312965315032,9.280381944444445,39.0,55.0,68.0,0.9210069444444444,0.41790182941752324,266,328,0,62,824,328,0.2847222222222222,no_neighbor_signal,/Users/rajiv/Desktop/FinalYearProject-MARL/results/ablation_models/no_neighbor_signal/coordinated/qmix_seed101.onnx
No neighbor signal,101,1022,volatile,coordinated,22.06466666666664,0.45410628019323673,0.5458937198067633,13.395840000000021,27.780487312650067,0.017372616058286217,9.543402777777779,42.0,66.0,57.0,0.9076967592592591,0.41219079889067806,264,307,0,43,845,307,0.2664930555555556,no_neighbor_signal,/Users/rajiv/Desktop/FinalYearProject-MARL/results/ablation_models/no_neighbor_signal/coordinated/qmix_seed101.onnx
No neighbor signal,101,1023,volatile,coordinated,21.526999999999983,0.4690721649484536,0.5309278350515464,13.145840000000042,28.173412349677125,0.024568687267109895,10.93576388888889,43.0,59.0,64.0,0.9079861111111112,0.42591101088201605,259,311,0,52,841,311,0.2699652777777778,no_neighbor_signal,/Users/rajiv/Desktop/FinalYearProject-MARL/results/ablation_models/no_neighbor_signal/coordinated/qmix_seed101.onnx
No neighbor signal,101,1024,volatile,coordinated,70.00299999999999,0.6324786324786325,0.36752136752136755,12.695840000000034,27.734086011533236,0.1632791454821052,8.038194444444445,31.0,62.0,53.0,0.9835069444444444,0.6220471272554605,250,291,0,41,861,291,0.2526041666666667,no_neighbor_signal,/Users/rajiv/Desktop/FinalYearProject-MARL/results/ablation_models/no_neighbor_signal/coordinated/qmix_seed101.onnx
No neighbor signal,101,1025,volatile,coordinated,-75.84266666666664,0.35036496350364965,0.6496350364963503,13.595840000000091,27.631273780374894,0.015001982225103423,8.328125,35.0,58.0,69.0,0.8718171296296297,0.3054541768045418,268,330,0,62,822,330,0.2864583333333333,no_neighbor_signal,/Users/rajiv/Desktop/FinalYearProject-MARL/results/ablation_models/no_neighbor_signal/coordinated/qmix_seed101.onnx
No neighbor signal,101,1026,volatile,coordinated,-24.651333333333355,0.42028985507246375,0.5797101449275363,12.79584000000006,28.031244741185912,0.011118481902575047,9.213541666666666,39.450000000000045,62.0,46.0,0.9302662037037036,0.39098144793344064,252,282,0,30,870,282,0.24479166666666666,no_neighbor_signal,/Users/rajiv/Desktop/FinalYearProject-MARL/results/ablation_models/no_neighbor_signal/coordinated/qmix_seed101.onnx
No neighbor signal,101,1027,volatile,coordinated,18.292666666666676,0.48026315789473684,0.5197368421052632,12.29584,27.875509386714086,0.021940683421545846,9.67361111111111,38.0,65.0,59.0,0.968460648148148,0.4651159691764132,242,287,0,45,865,287,0.24913194444444445,no_neighbor_signal,/Users/rajiv/Desktop/FinalYearProject-MARL/results/ablation_models/no_neighbor_signal/coordinated/qmix_seed101.onnx
No neighbor signal,101,1028,volatile,coordinated,38.26899999999999,0.5298013245033113,0.4701986754966887,13.695840000000096,27.621479294635346,0.020234241764747116,7.963541666666667,33.0,49.0,66.0,0.9739583333333334,0.5160044150110376,270,317,0,47,835,317,0.2751736111111111,no_neighbor_signal,/Users/rajiv/Desktop/FinalYearProject-MARL/results/ablation_models/no_neighbor_signal/coordinated/qmix_seed101.onnx
No neighbor signal,101,1029,volatile,coordinated,47.31699999999996,0.48847926267281105,0.511520737327189,13.29584000000006,27.800474848912,0.026665416622105392,8.72829861111111,39.450000000000045,69.0,62.0,0.9296875,0.454133064516129,262,322,0,60,830,322,0.2795138888888889,no_neighbor_signal,/Users/rajiv/Desktop/FinalYearProject-MARL/results/ablation_models/no_neighbor_signal/coordinated/qmix_seed101.onnx
No neighbor signal,101,1030,volatile,coordinated,50.67533333333334,0.5021645021645021,0.49783549783549785,14.195840000000075,27.873481980284083,0.03046608267507727,8.40625,39.0,58.0,79.0,0.9169560185185185,0.46046276254609586,280,349,0,69,803,349,0.3029513888888889,no_neighbor_signal,/Users/rajiv/Desktop/FinalYearProject-MARL/results/ablation_models/no_neighbor_signal/coordinated/qmix_seed101.onnx
No neighbor signal,102,1001,volatile,coordinated,86.56966666666669,0.49174917491749176,0.5082508250825082,13.14584000000002,27.869978979177933,0.012236548598728516,7.048611111111111,27.0,46.0,74.0,0.9085648148148149,0.4467859980442489,259,331,0,72,821,331,0.2873263888888889,no_neighbor_signal,/Users/rajiv/Desktop/FinalYearProject-MARL/results/ablation_models/no_neighbor_signal/coordinated/qmix_seed102.onnx
No neighbor signal,102,1002,volatile,coordinated,150.57366666666675,0.5655430711610487,0.43445692883895126,14.04584000000012,28.196069389932298,0.03247941598731667,6.842013888888889,29.0,62.0,68.0,0.957175925925926,0.5413242127895687,277,344,0,67,808,344,0.2986111111111111,no_neighbor_signal,/Users/rajiv/Desktop/FinalYearProject-MARL/results/ablation_models/no_neighbor_signal/coordinated/qmix_seed102.onnx
No neighbor signal,102,1003,volatile,coordinated,83.9743333333333,0.56875,0.43125,11.495839999999964,28.045742792782573,0.10177803874168397,6.705729166666667,25.0,56.0,40.0,0.9733796296296295,0.5536096643518518,226,262,0,36,890,262,0.22743055555555555,no_neighbor_signal,/Users/rajiv/Desktop/FinalYearProject-MARL/results/ablation_models/no_neighbor_signal/coordinated/qmix_seed102.onnx
No neighbor signal,102,1004,volatile,coordinated,108.45633333333323,0.5163636363636364,0.48363636363636364,13.495840000000102,27.778055887166204,0.027873969793080797,7.953993055555555,34.0,60.0,73.0,0.9056712962962963,0.4676557239057239,266,334,0,68,818,334,0.2899305555555556,no_neighbor_signal,/Users/rajiv/Desktop/FinalYearProject-MARL/results/ablation_models/no_neighbor_signal/coordinated/qmix_seed102.onnx
No neighbor signal,102,1005,volatile,coordinated,88.46099999999996,0.5294117647058824,0.47058823529411764,11.845839999999951,27.612860050191575,0.02366723494237175,8.8828125,39.0,59.0,67.0,0.9487847222222222,0.5022977941176471,233,302,0,69,850,302,0.2621527777777778,no_neighbor_signal,/Users/rajiv/Desktop/FinalYearProject-MARL/results/ablation_models/no_neighbor_signal/coordinated/qmix_seed102.onnx
No neighbor signal,102,1006,volatile,coordinated,32.995999999999945,0.44357976653696496,0.556420233463035,12.745840000000024,27.73702749384593,0.018178037886315532,6.460069444444445,26.0,55.0,42.0,0.8984375,0.39852869649805445,251,299,0,48,853,299,0.2595486111111111,no_neighbor_signal,/Users/rajiv/Desktop/FinalYearProject-MARL/results/ablation_models/no_neighbor_signal/coordinated/qmix_seed102.onnx
No neighbor signal,102,1007,volatile,coordinated,73.98233333333329,0.5062761506276151,0.4937238493723849,12.145839999999984,27.847617605125972,0.009416903443216305,6.933159722222222,26.0,54.0,65.0,0.9108796296296295,0.4611566325739966,239,290,0,51,862,290,0.2517361111111111,no_neighbor_signal,/Users/rajiv/Desktop/FinalYearProject-MARL/results/ablation_models/no_neighbor_signal/coordinated/qmix_seed102.onnx
No neighbor signal,102,1008,volatile,coordinated,-20.97000000000004,0.4021164021164021,0.5978835978835979,10.545839999999965,27.8133897866608,0.018510198839804,8.210069444444445,32.0,49.0,52.0,0.9001736111111112,0.3619745737801293,207,234,0,27,918,234,0.203125,no_neighbor_signal,/Users/rajiv/Desktop/FinalYearProject-MARL/results/ablation_models/no_neighbor_signal/coordinated/qmix_seed102.onnx
No neighbor signal,102,1009,volatile,coordinated,52.36366666666663,0.4827586206896552,0.5172413793103448,11.595839999999965,27.585351449882772,0.02163239193281129,6.486111111111111,23.0,45.0,52.0,0.957175925925926,0.4620849297573436,228,264,0,36,888,264,0.22916666666666666,no_neighbor_signal,/Users/rajiv/Desktop/FinalYearProject-MARL/results/ablation_models/no_neighbor_signal/coordinated/qmix_seed102.onnx
No neighbor signal,102,1010,volatile,coordinated,83.86866666666664,0.5358851674641149,0.46411483253588515,12.445840000000045,27.87536673639651,0.025418606546103582,6.205729166666667,24.0,40.0,73.0,0.9458912037037037,0.5068890660995924,245,295,0,50,857,295,0.2560763888888889,no_neighbor_signal,/Users/rajiv/Desktop/FinalYearProject-MARL/results/ablation_models/no_neighbor_signal/coordinated/qmix_seed102.onnx
No neighbor signal,102,1011,volatile,coordinated,63.40266666666665,0.497737556561086,0.502262443438914,12.345839999999987,27.8041058670549,0.012485235042954086,7.744791666666667,31.450000000000045,52.0,57.0,0.9042245370370371,0.45006651164739403,243,282,0,39,870,282,0.24479166666666666,no_neighbor_signal,/Users/rajiv/Desktop/FinalYearProject-MARL/results/ablation_models/no_neighbor_signal/coordinated/qmix_seed102.onnx
No neighbor signal,102,1012,volatile,coordinated,51.877999999999965,0.4701492537313433,0.5298507462686567,12.395840000000037,27.719253047701116,0.23509406115200648,8.473090277777779,38.0,63.0,58.0,0.8958333333333334,0.4211753731343284,244,285,0,41,867,285,0.24739583333333334,no_neighbor_signal,/Users/rajiv/Desktop/FinalYearProject-MARL/results/ablation_models/no_neighbor_signal/coordinated/qmix_seed102.onnx
No neighbor signal,102,1013,volatile,coordinated,93.84099999999994,0.5780346820809249,0.4219653179190751,12.045840000000078,27.505443767934835,0.23677103062352717,6.6328125,24.450000000000045,62.0,52.0,0.96875,0.559971098265896,237,281,0,44,871,281,0.2439236111111111,no_neighbor_signal,/Users/rajiv/Desktop/FinalYearProject-MARL/results/ablation_models/no_neighbor_signal/coordinated/qmix_seed102.onnx
No neighbor signal,102,1014,volatile,coordinated,56.80099999999998,0.576271186440678,0.423728813559322,9.995839999999879,27.16643055612605,0.20919569849094177,7.954861111111111,32.0,56.0,39.0,0.96875,0.5582627118644068,196,226,0,30,926,226,0.19618055555555555,no_neighbor_signal,/Users/rajiv/Desktop/FinalYearProject-MARL/results/ablation_models/no_neighbor_signal/coordinated/qmix_seed102.onnx
No neighbor signal,102,1015,volatile,coordinated,99.38266666666664,0.6075949367088608,0.3924050632911392,12.24584000000008,27.984652380248956,0.11271869298826008,5.909722222222222,21.0,41.0,50.0,0.9745370370370369,0.5921237693389592,241,275,0,34,877,275,0.2387152777777778,no_neighbor_signal,/Users/rajiv/Desktop/FinalYearProject-MARL/results/ablation_models/no_neighbor_signal/coordinated/qmix_seed102.onnx
No neighbor signal,102,1016,volatile,coordinated,119.96800000000002,0.5229681978798587,0.4770318021201413,13.69584000000006,27.74034214332949,0.015912217320134796,6.482638888888889,28.0,62.0,67.0,0.9236111111111112,0.48301923831959176,270,337,0,67,815,337,0.2925347222222222,no_neighbor_signal,/Users/rajiv/Desktop/FinalYearProject-MARL/results/ablation_models/no_neighbor_signal/coordinated/qmix_seed102.onnx
No neighbor signal,102,1017,volatile,coordinated,85.3586666666667,0.49140893470790376,0.5085910652920962,12.9458400000001,27.7096812165475,0.01124029816361777,9.34982638888889,38.0,59.0,78.0,0.8747106481481481,0.4298406277841415,255,320,0,65,832,320,0.2777777777777778,no_neighbor_signal,/Users/rajiv/Desktop/FinalYearProject-MARL/results/ablation_models/no_neighbor_signal/coordinated/qmix_seed102.onnx
No neighbor signal,102,1018,volatile,coordinated,175.6376666666666,0.6294642857142857,0.3705357142857143,13.7958400000001,27.811885286899123,0.238843417597687,5.777777777777778,23.450000000000045,46.0,74.0,0.9797453703703702,0.6167147197420634,272,344,0,72,808,344,0.2986111111111111,no_neighbor_signal,/Users/rajiv/Desktop/FinalYearProject-MARL/results/ablation_models/no_neighbor_signal/coordinated/qmix_seed102.onnx
No neighbor signal,102,1019,volatile,coordinated,44.47733333333336,0.4789473684210526,0.5210526315789474,11.595839999999985,28.392817341526957,0.12604512744833515,7.342013888888889,31.450000000000045,59.0,47.0,0.9369212962962963,0.4487359892787524,228,280,0,52,872,280,0.24305555555555555,no_neighbor_signal,/Users/rajiv/Desktop/FinalYearProject-MARL/results/ablation_models/no_neighbor_signal/coordinated/qmix_seed102.onnx
No neighbor signal,102,1020,volatile,coordinated,45.529,0.47058823529411764,0.5294117647058824,12.345840000000003,27.540248359265487,0.03533057718422687,7.558159722222222,30.450000000000045,45.0,72.0,0.9322916666666666,0.4387254901960784,243,309,0,66,843,309,0.2682291666666667,no_neighbor_signal,/Users/rajiv/Desktop/FinalYearProject-MARL/results/ablation_models/no_neighbor_signal/coordinated/qmix_seed102.onnx
No neighbor signal,102,1021,volatile,coordinated,71.62566666666667,0.5022026431718062,0.4977973568281938,11.845839999999958,27.668333776553673,0.025431495909086665,8.138020833333334,35.450000000000045,55.0,62.0,0.9406828703703702,0.4724134238864415,233,285,0,52,867,285,0.24739583333333334,no_neighbor_signal,/Users/rajiv/Desktop/FinalYearProject-MARL/results/ablation_models/no_neighbor_signal/coordinated/qmix_seed102.onnx
No neighbor signal,102,1022,volatile,coordinated,80.72766666666664,0.5169082125603864,0.48309178743961356,12.395840000000021,27.780487312650067,0.09237261605828619,8.332465277777779,37.0,59.0,49.0,0.9233217592592591,0.47727260019681506,244,272,0,28,880,272,0.2361111111111111,no_neighbor_signal,/Users/rajiv/Desktop/FinalYearProject-MARL/results/ablation_models/no_neighbor_signal/coordinated/qmix_seed102.onnx
No neighbor signal,102,1023,volatile,coordinated,98.07433333333337,0.5412371134020618,0.4587628865979382,11.645839999999996,28.173412349677125,0.112448433038942,10.0390625,40.0,61.0,38.0,0.9351851851851851,0.5061569301260023,229,254,0,25,898,254,0.2204861111111111,no_neighbor_signal,/Users/rajiv/Desktop/FinalYearProject-MARL/results/ablation_models/no_neighbor_signal/coordinated/qmix_seed102.onnx
No neighbor signal,102,1024,volatile,coordinated,93.57199999999999,0.6581196581196581,0.3418803418803419,10.495840000000012,27.734086011533236,0.40077914548210514,7.102430555555555,26.450000000000045,48.0,40.0,0.9835069444444444,0.6472652540360874,206,235,0,29,917,235,0.20399305555555555,no_neighbor_signal,/Users/rajiv/Desktop/FinalYearProject-MARL/results/ablation_models/no_neighbor_signal/coordinated/qmix_seed102.onnx
No neighbor signal,102,1025,volatile,coordinated,50.36666666666669,0.4635036496350365,0.5364963503649636,13.045840000000037,27.631273780374894,0.023838764911627962,6.082465277777778,25.0,42.0,68.0,0.9163773148148147,0.4247442298594214,257,311,0,54,841,311,0.2699652777777778,no_neighbor_signal,/Users/rajiv/Desktop/FinalYearProject-MARL/results/ablation_models/no_neighbor_signal/coordinated/qmix_seed102.onnx
No neighbor signal,102,1026,volatile,coordinated,50.32366666666666,0.5362318840579711,0.46376811594202894,10.895839999999918,28.031244741185912,0.061118481902574955,6.361111111111111,22.0,43.0,41.0,0.9632523148148149,0.51652660359635,214,243,0,29,909,243,0.2109375,no_neighbor_signal,/Users/rajiv/Desktop/FinalYearProject-MARL/results/ablation_models/no_neighbor_signal/coordinated/qmix_seed102.onnx
No neighbor signal,102,1027,volatile,coordinated,84.75099999999996,0.5855263157894737,0.4144736842105263,11.095839999999923,27.875509386714086,0.09694068342154577,7.624131944444445,30.0,45.0,53.0,0.9774305555555556,0.5723113121345029,218,260,0,42,892,260,0.22569444444444445,no_neighbor_signal,/Users/rajiv/Desktop/FinalYearProject-MARL/results/ablation_models/no_neighbor_signal/coordinated/qmix_seed102.onnx
No neighbor signal,102,1028,volatile,coordinated,89.20400000000001,0.5894039735099338,0.4105960264900662,11.745839999999998,27.621479294635346,0.10773424176474702,7.065972222222222,28.0,51.0,46.0,0.9835069444444444,0.5796829010301693,231,260,0,29,892,260,0.22569444444444445,no_neighbor_signal,/Users/rajiv/Desktop/FinalYearProject-MARL/results/ablation_models/no_neighbor_signal/coordinated/qmix_seed102.onnx
No neighbor signal,102,1029,volatile,coordinated,99.971,0.543778801843318,0.45622119815668205,12.345840000000043,27.800474848912,0.07666541662210524,5.988715277777778,22.0,40.0,63.0,0.9505208333333334,0.5168730798771122,243,299,0,56,853,299,0.2595486111111111,no_neighbor_signal,/Users/rajiv/Desktop/FinalYearProject-MARL/results/ablation_models/no_neighbor_signal/coordinated/qmix_seed102.onnx
No neighbor signal,102,1030,volatile,coordinated,93.24499999999995,0.5324675324675324,0.4675324675324676,12.095840000000036,27.873481980284083,0.14296608267507716,7.064236111111111,28.0,56.0,60.0,0.921875,0.49086850649350644,238,292,0,54,860,292,0.2534722222222222,no_neighbor_signal,/Users/rajiv/Desktop/FinalYearProject-MARL/results/ablation_models/no_neighbor_signal/coordinated/qmix_seed102.onnx
No neighbor signal,103,1001,volatile,coordinated,92.0046666666667,0.49504950495049505,0.504950495049505,12.995840000000019,27.869978979177933,0.014066576550834018,7.327256944444445,29.450000000000045,44.0,73.0,0.9129050925925927,0.45193321415474885,256,326,0,70,826,326,0.2829861111111111,no_neighbor_signal,/Users/rajiv/Desktop/FinalYearProject-MARL/results/ablation_models/no_neighbor_signal/coordinated/qmix_seed103.onnx
No neighbor signal,103,1002,volatile,coordinated,166.00466666666676,0.5805243445692884,0.41947565543071164,13.995840000000124,28.196069389932298,0.05859759123445986,6.824652777777778,27.0,60.0,68.0,0.9597800925925927,0.5571757091829658,276,337,0,61,815,337,0.2925347222222222,no_neighbor_signal,/Users/rajiv/Desktop/FinalYearProject-MARL/results/ablation_models/no_neighbor_signal/coordinated/qmix_seed103.onnx
No neighbor signal,103,1003,volatile,coordinated,117.81999999999995,0.625,0.375,11.145839999999982,28.045742792782573,0.1994718545548655,6.7890625,27.0,48.0,43.0,0.984375,0.615234375,219,254,0,35,898,254,0.2204861111111111,no_neighbor_signal,/Users/rajiv/Desktop/FinalYearProject-MARL/results/ablation_models/no_neighbor_signal/coordinated/qmix_seed103.onnx
No neighbor signal,103,1004,volatile,coordinated,124.48266666666656,0.5309090909090909,0.4690909090909091,13.295840000000094,27.778055887166204,0.027873969793080797,9.14236111111111,42.0,68.0,72.0,0.9085648148148149,0.4823653198653199,262,315,0,53,837,315,0.2734375,no_neighbor_signal,/Users/rajiv/Desktop/FinalYearProject-MARL/results/ablation_models/no_neighbor_signal/coordinated/qmix_seed103.onnx
No neighbor signal,103,1005,volatile,coordinated,104.15999999999995,0.542016806722689,0.45798319327731096,11.395839999999932,27.612860050191575,0.07366723494237172,9.347222222222221,40.0,69.0,61.0,0.9487847222222222,0.5142572654061625,224,276,0,52,876,276,0.23958333333333334,no_neighbor_signal,/Users/rajiv/Desktop/FinalYearProject-MARL/results/ablation_models/no_neighbor_signal/coordinated/qmix_seed103.onnx
No neighbor signal,103,1006,volatile,coordinated,49.49166666666672,0.46303501945525294,0.5369649805447471,12.345840000000013,27.73702749384593,0.0806780378863155,5.934027777777778,24.0,42.0,51.0,0.9050925925925924,0.4190895662199164,243,289,0,46,863,289,0.2508680555555556,no_neighbor_signal,/Users/rajiv/Desktop/FinalYearProject-MARL/results/ablation_models/no_neighbor_signal/coordinated/qmix_seed103.onnx
No neighbor signal,103,1007,volatile,coordinated,52.193333333333314,0.4769874476987448,0.5230125523012552,12.145839999999986,27.847617605125972,0.009416903443216308,6.704861111111111,25.0,52.0,58.0,0.9082754629629631,0.4332359948860996,239,293,0,54,859,293,0.2543402777777778,no_neighbor_signal,/Users/rajiv/Desktop/FinalYearProject-MARL/results/ablation_models/no_neighbor_signal/coordinated/qmix_seed103.onnx
No neighbor signal,103,1008,volatile,coordinated,12.754666666666632,0.4444444444444444,0.5555555555555556,10.245839999999955,27.8133897866608,0.019502515429623737,8.261284722222221,34.0,51.0,46.0,0.9068287037037036,0.40303497942386823,201,225,0,24,927,225,0.1953125,no_neighbor_signal,/Users/rajiv/Desktop/FinalYearProject-MARL/results/ablation_models/no_neighbor_signal/coordinated/qmix_seed103.onnx
No neighbor signal,103,1009,volatile,coordinated,96.39866666666664,0.5369458128078818,0.4630541871921182,11.595839999999964,27.585351449882772,0.020824525111649714,5.6953125,20.0,45.0,51.0,0.9719328703703705,0.5218752850757161,228,265,0,37,887,265,0.2300347222222222,no_neighbor_signal,/Users/rajiv/Desktop/FinalYearProject-MARL/results/ablation_models/no_neighbor_signal/coordinated/qmix_seed103.onnx
No neighbor signal,103,1010,volatile,coordinated,107.69733333333328,0.5550239234449761,0.4449760765550239,12.395840000000048,27.87536673639651,0.02541860654610358,5.796875,22.0,40.0,64.0,0.9603587962962964,0.533022107035265,244,288,0,44,864,288,0.25,no_neighbor_signal,/Users/rajiv/Desktop/FinalYearProject-MARL/results/ablation_models/no_neighbor_signal/coordinated/qmix_seed103.onnx
No neighbor signal,103,1011,volatile,coordinated,77.24266666666671,0.5113122171945701,0.4886877828054299,12.295839999999991,27.8041058670549,0.012485235042954075,7.004340277777778,29.0,48.0,54.0,0.9059606481481483,0.46322874769565947,242,277,0,35,875,277,0.2404513888888889,no_neighbor_signal,/Users/rajiv/Desktop/FinalYearProject-MARL/results/ablation_models/no_neighbor_signal/coordinated/qmix_seed103.onnx
No neighbor signal,103,1012,volatile,coordinated,53.537333333333265,0.47388059701492535,0.5261194029850746,12.595840000000035,27.719253047701116,0.18401019330052515,7.453125,34.0,62.0,69.0,0.9074074074074073,0.4300027639579878,248,293,0,45,859,293,0.2543402777777778,no_neighbor_signal,/Users/rajiv/Desktop/FinalYearProject-MARL/results/ablation_models/no_neighbor_signal/coordinated/qmix_seed103.onnx
No neighbor signal,103,1013,volatile,coordinated,112.3516666666666,0.6011560693641619,0.3988439306358381,11.745840000000086,27.505443767934835,0.26177103062352713,6.598958333333333,24.450000000000045,62.0,53.0,0.9814814814814815,0.5900235495611219,231,268,0,37,884,268,0.2326388888888889,no_neighbor_signal,/Users/rajiv/Desktop/FinalYearProject-MARL/results/ablation_models/no_neighbor_signal/coordinated/qmix_seed103.onnx
No neighbor signal,103,1014,volatile,coordinated,66.45899999999999,0.5932203389830508,0.4067796610169492,9.3458399999999,27.16643055612605,0.25999295137630296,8.40017361111111,30.450000000000045,57.0,36.0,0.9678819444444444,0.5741672551789077,183,207,0,24,945,207,0.1796875,no_neighbor_signal,/Users/rajiv/Desktop/FinalYearProject-MARL/results/ablation_models/no_neighbor_signal/coordinated/qmix_seed103.onnx
No neighbor signal,103,1015,volatile,coordinated,103.98933333333332,0.6139240506329114,0.38607594936708856,12.095840000000084,27.984652380248956,0.15021869298826007,5.515625,20.0,37.0,51.0,0.976851851851852,0.5997128457571497,238,270,0,32,882,270,0.234375,no_neighbor_signal,/Users/rajiv/Desktop/FinalYearProject-MARL/results/ablation_models/no_neighbor_signal/coordinated/qmix_seed103.onnx
No neighbor signal,103,1016,volatile,coordinated,153.40333333333322,0.5547703180212014,0.44522968197879864,13.595840000000065,27.74034214332949,0.027659890870928877,5.586805555555555,23.0,42.0,69.0,0.9291087962962963,0.5154419823975919,268,333,0,65,819,333,0.2890625,no_neighbor_signal,/Users/rajiv/Desktop/FinalYearProject-MARL/results/ablation_models/no_neighbor_signal/coordinated/qmix_seed103.onnx
No neighbor signal,103,1017,volatile,coordinated,86.10166666666673,0.4879725085910653,0.5120274914089347,12.695840000000064,27.7096812165475,0.011240298163617777,8.909722222222221,35.0,52.0,75.0,0.8799189814814815,0.4293762727504136,250,312,0,62,840,312,0.2708333333333333,no_neighbor_signal,/Users/rajiv/Desktop/FinalYearProject-MARL/results/ablation_models/no_neighbor_signal/coordinated/qmix_seed103.onnx
No neighbor signal,103,1018,volatile,coordinated,185.9070000000001,0.6383928571428571,0.3616071428571429,13.595840000000113,27.811885286899123,0.29480257624347345,5.315972222222222,20.0,39.0,71.0,0.9809027777777778,0.6262013268849206,268,335,0,67,817,335,0.2907986111111111,no_neighbor_signal,/Users/rajiv/Desktop/FinalYearProject-MARL/results/ablation_models/no_neighbor_signal/coordinated/qmix_seed103.onnx
No neighbor signal,103,1019,volatile,coordinated,55.96033333333334,0.49473684210526314,0.5052631578947369,11.645839999999993,28.392817341526957,0.1363141901889755,6.090277777777778,21.0,52.0,53.0,0.9438657407407407,0.46696515594541904,229,274,0,45,878,274,0.2378472222222222,no_neighbor_signal,/Users/rajiv/Desktop/FinalYearProject-MARL/results/ablation_models/no_neighbor_signal/coordinated/qmix_seed103.onnx
No neighbor signal,103,1020,volatile,coordinated,80.11299999999997,0.5019607843137255,0.4980392156862745,12.345840000000008,27.540248359265487,0.04783057718422683,8.11892361111111,32.450000000000045,50.0,64.0,0.9366319444444444,0.47015250544662307,243,289,0,46,863,289,0.2508680555555556,no_neighbor_signal,/Users/rajiv/Desktop/FinalYearProject-MARL/results/ablation_models/no_neighbor_signal/coordinated/qmix_seed103.onnx
No neighbor signal,103,1021,volatile,coordinated,105.85066666666664,0.5374449339207048,0.4625550660792952,11.695839999999958,27.668333776553673,0.048092812965314855,7.633680555555555,31.450000000000045,58.0,58.0,0.9537037037037036,0.5125632240169684,230,286,0,56,866,286,0.2482638888888889,no_neighbor_signal,/Users/rajiv/Desktop/FinalYearProject-MARL/results/ablation_models/no_neighbor_signal/coordinated/qmix_seed103.onnx
No neighbor signal,103,1022,volatile,coordinated,124.307,0.5700483091787439,0.42995169082125606,12.095840000000027,27.780487312650067,0.12920052660159265,8.166666666666666,34.0,65.0,52.0,0.9435763888888888,0.537884125067096,238,267,0,29,885,267,0.23177083333333334,no_neighbor_signal,/Users/rajiv/Desktop/FinalYearProject-MARL/results/ablation_models/no_neighbor_signal/coordinated/qmix_seed103.onnx
No neighbor signal,103,1023,volatile,coordinated,123.31433333333331,0.5773195876288659,0.4226804123711341,11.445839999999981,28.173412349677125,0.09994843303894198,8.178819444444445,33.450000000000045,54.0,46.0,0.9438657407407407,0.5449121802214585,225,252,0,27,900,252,0.21875,no_neighbor_signal,/Users/rajiv/Desktop/FinalYearProject-MARL/results/ablation_models/no_neighbor_signal/coordinated/qmix_seed103.onnx
No neighbor signal,103,1024,volatile,coordinated,109.70799999999991,0.6837606837606838,0.3162393162393162,9.745839999999994,27.734086011533236,0.48792623566021387,6.897569444444445,24.0,42.0,35.0,0.9869791666666666,0.6748575498575499,191,216,0,25,936,216,0.1875,no_neighbor_signal,/Users/rajiv/Desktop/FinalYearProject-MARL/results/ablation_models/no_neighbor_signal/coordinated/qmix_seed103.onnx
No neighbor signal,103,1025,volatile,coordinated,66.50100000000005,0.4781021897810219,0.5218978102189781,12.995840000000042,27.631273780374894,0.01695406776849799,5.115451388888889,17.450000000000045,37.0,71.0,0.9244791666666666,0.44199551399026765,256,309,0,53,843,309,0.2682291666666667,no_neighbor_signal,/Users/rajiv/Desktop/FinalYearProject-MARL/results/ablation_models/no_neighbor_signal/coordinated/qmix_seed103.onnx
No neighbor signal,103,1026,volatile,coordinated,77.15933333333338,0.5797101449275363,0.42028985507246375,10.495839999999896,28.031244741185912,0.07361848190257494,7.814236111111111,30.0,67.0,35.0,0.9759837962962964,0.565787707997853,206,236,0,30,916,236,0.2048611111111111,no_neighbor_signal,/Users/rajiv/Desktop/FinalYearProject-MARL/results/ablation_models/no_neighbor_signal/coordinated/qmix_seed103.onnx
No neighbor signal,103,1027,volatile,coordinated,97.46533333333326,0.6052631578947368,0.39473684210526316,11.095839999999923,27.875509386714086,0.12194068342154571,6.677951388888889,24.450000000000045,40.0,53.0,0.9837962962962964,0.5954556530214425,218,267,0,49,885,267,0.23177083333333334,no_neighbor_signal,/Users/rajiv/Desktop/FinalYearProject-MARL/results/ablation_models/no_neighbor_signal/coordinated/qmix_seed103.onnx
No neighbor signal,103,1028,volatile,coordinated,93.4283333333333,0.5960264900662252,0.4039735099337748,11.295840000000005,27.621479294635346,0.17023424176474705,6.243055555555555,24.0,45.0,48.0,0.9855324074074076,0.5874034216335542,222,258,0,36,894,258,0.22395833333333334,no_neighbor_signal,/Users/rajiv/Desktop/FinalYearProject-MARL/results/ablation_models/no_neighbor_signal/coordinated/qmix_seed103.onnx
No neighbor signal,103,1029,volatile,coordinated,152.1316666666667,0.5944700460829493,0.4055299539170507,12.245840000000037,27.800474848912,0.08916541662210528,5.316840277777778,19.0,33.0,56.0,0.980613425925926,0.582945308499744,241,292,0,51,860,292,0.2534722222222222,no_neighbor_signal,/Users/rajiv/Desktop/FinalYearProject-MARL/results/ablation_models/no_neighbor_signal/coordinated/qmix_seed103.onnx
No neighbor signal,103,1030,volatile,coordinated,116.27199999999995,0.5541125541125541,0.4458874458874459,12.395840000000039,27.873481980284083,0.04296608267507715,6.631944444444445,26.0,68.0,58.0,0.9375,0.5194805194805194,244,298,0,54,854,298,0.2586805555555556,no_neighbor_signal,/Users/rajiv/Desktop/FinalYearProject-MARL/results/ablation_models/no_neighbor_signal/coordinated/qmix_seed103.onnx
No redundancy penalty,101,1001,volatile,coordinated,-96.60333333333321,0.3927392739273927,0.6072607260726073,19.34584000000019,27.869978979177933,0.019955339230378462,9.0859375,41.0,55.0,154.0,0.8981481481481483,0.3527380515829361,383,660,0,277,492,660,0.5729166666666666,no_redundancy,/Users/rajiv/Desktop/FinalYearProject-MARL/results/ablation_models/no_redundancy/coordinated/qmix_seed101.onnx
No redundancy penalty,101,1002,volatile,coordinated,-87.06700000000025,0.40823970037453183,0.5917602996254682,19.095840000000184,28.196069389932298,0.022881091444984753,9.649305555555555,43.450000000000045,57.0,165.0,0.9340277777777778,0.3813072201414898,378,667,0,289,485,667,0.5789930555555556,no_redundancy,/Users/rajiv/Desktop/FinalYearProject-MARL/results/ablation_models/no_redundancy/coordinated/qmix_seed101.onnx
No redundancy penalty,101,1003,volatile,coordinated,-155.51700000000042,0.35,0.65,19.245840000000193,28.045742792782573,0.01562146508011774,9.044270833333334,42.0,56.0,163.0,0.9270833333333334,0.32447916666666665,381,658,0,277,494,658,0.5711805555555556,no_redundancy,/Users/rajiv/Desktop/FinalYearProject-MARL/results/ablation_models/no_redundancy/coordinated/qmix_seed101.onnx
No redundancy penalty,101,1004,volatile,coordinated,-177.36133333333333,0.31636363636363635,0.6836363636363636,19.14584000000019,27.778055887166204,0.01039141981680422,9.889756944444445,44.0,59.0,152.0,0.8339120370370371,0.26381944444444444,379,644,0,265,508,644,0.5590277777777778,no_redundancy,/Users/rajiv/Desktop/FinalYearProject-MARL/results/ablation_models/no_redundancy/coordinated/qmix_seed101.onnx
No redundancy penalty,101,1005,volatile,coordinated,-157.6193333333333,0.3445378151260504,0.6554621848739496,19.045840000000183,27.612860050191575,0.018032791175305846,9.387152777777779,42.0,58.0,146.0,0.8842592592592593,0.30466075319016495,377,637,0,260,515,637,0.5529513888888888,no_redundancy,/Users/rajiv/Desktop/FinalYearProject-MARL/results/ablation_models/no_redundancy/coordinated/qmix_seed101.onnx
No redundancy penalty,101,1006,volatile,coordinated,-230.10899999999924,0.28793774319066145,0.7120622568093385,19.4958400000002,27.73702749384593,0.011446316565126062,8.456597222222221,40.0,53.0,177.0,0.8515625,0.24519698443579765,386,698,0,312,454,698,0.6059027777777778,no_redundancy,/Users/rajiv/Desktop/FinalYearProject-MARL/results/ablation_models/no_redundancy/coordinated/qmix_seed101.onnx
No redundancy penalty,101,1007,volatile,coordinated,-254.3339999999992,0.2510460251046025,0.7489539748953975,19.645840000000206,27.847617605125972,0.010532448371568333,8.660590277777779,41.0,55.0,162.0,0.8237847222222222,0.20680788005578798,389,683,0,294,469,683,0.5928819444444444,no_redundancy,/Users/rajiv/Desktop/FinalYearProject-MARL/results/ablation_models/no_redundancy/coordinated/qmix_seed101.onnx
No redundancy penalty,101,1008,volatile,coordinated,-225.6189999999993,0.24338624338624337,0.7566137566137566,19.045840000000183,27.8133897866608,0.01767853237260385,9.723958333333334,43.0,61.0,153.0,0.875,0.21296296296296297,377,637,0,260,515,637,0.5529513888888888,no_redundancy,/Users/rajiv/Desktop/FinalYearProject-MARL/results/ablation_models/no_redundancy/coordinated/qmix_seed101.onnx
No redundancy penalty,101,1009,volatile,coordinated,-207.9530000000004,0.29064039408866993,0.7093596059113301,19.245840000000186,27.585351449882772,0.02013128502397235,9.23611111111111,42.0,57.0,164.0,0.8741319444444444,0.25405805281882865,381,673,0,292,479,673,0.5842013888888888,no_redundancy,/Users/rajiv/Desktop/FinalYearProject-MARL/results/ablation_models/no_redundancy/coordinated/qmix_seed101.onnx
No redundancy penalty,101,1010,volatile,coordinated,-168.5920000000004,0.3157894736842105,0.6842105263157895,18.595840000000177,27.87536673639651,0.03432106310317022,10.66232638888889,46.0,58.0,150.0,0.890625,0.28125,368,616,0,248,536,616,0.5347222222222222,no_redundancy,/Users/rajiv/Desktop/FinalYearProject-MARL/results/ablation_models/no_redundancy/coordinated/qmix_seed101.onnx
No redundancy penalty,101,1011,volatile,coordinated,-227.80799999999942,0.2669683257918552,0.7330316742081449,19.145840000000184,27.8041058670549,0.011441303413969438,9.33767361111111,42.0,58.0,159.0,0.8263888888888888,0.2206196581196581,379,658,0,279,494,658,0.5711805555555556,no_redundancy,/Users/rajiv/Desktop/FinalYearProject-MARL/results/ablation_models/no_redundancy/coordinated/qmix_seed101.onnx
No redundancy penalty,101,1012,volatile,coordinated,-207.69499999999923,0.31343283582089554,0.6865671641791045,18.845840000000166,27.719253047701116,0.024735979963439358,9.630208333333334,43.450000000000045,60.0,172.0,0.8472222222222222,0.26554726368159204,373,689,0,316,463,689,0.5980902777777778,no_redundancy,/Users/rajiv/Desktop/FinalYearProject-MARL/results/ablation_models/no_redundancy/coordinated/qmix_seed101.onnx
No redundancy penalty,101,1013,volatile,coordinated,-184.10600000000036,0.28901734104046245,0.7109826589595376,19.3458400000002,27.505443767934835,0.003408096126786651,9.1328125,42.0,56.0,151.0,0.9149305555555556,0.2644307964033398,383,633,0,250,519,633,0.5494791666666666,no_redundancy,/Users/rajiv/Desktop/FinalYearProject-MARL/results/ablation_models/no_redundancy/coordinated/qmix_seed101.onnx
No redundancy penalty,101,1014,volatile,coordinated,-163.64900000000017,0.3220338983050847,0.6779661016949152,18.89584000000017,27.16643055612605,0.022015450219129436,9.911458333333334,44.0,59.0,162.0,0.9340277777777778,0.30078860640301314,374,645,0,271,507,645,0.5598958333333334,no_redundancy,/Users/rajiv/Desktop/FinalYearProject-MARL/results/ablation_models/no_redundancy/coordinated/qmix_seed101.onnx
No redundancy penalty,101,1015,volatile,coordinated,-134.1153333333335,0.36075949367088606,0.639240506329114,18.695840000000175,27.984652380248956,0.02787410268948346,10.192708333333334,45.0,57.0,146.0,0.945023148148148,0.3409260724331926,370,633,0,263,519,633,0.5494791666666666,no_redundancy,/Users/rajiv/Desktop/FinalYearProject-MARL/results/ablation_models/no_redundancy/coordinated/qmix_seed101.onnx
No redundancy penalty,101,1016,volatile,coordinated,-174.78000000000057,0.33568904593639576,0.6643109540636043,19.645840000000206,27.74034214332949,0.01697202901415041,8.499131944444445,40.0,58.0,177.0,0.8697916666666666,0.29197953474676086,389,702,0,313,450,702,0.609375,no_redundancy,/Users/rajiv/Desktop/FinalYearProject-MARL/results/ablation_models/no_redundancy/coordinated/qmix_seed101.onnx
No redundancy penalty,101,1017,volatile,coordinated,-147.9480000000003,0.3402061855670103,0.6597938144329897,18.995840000000175,27.7096812165475,0.015335632765322382,9.596354166666666,43.0,58.0,155.0,0.8498263888888888,0.2891161941580756,376,654,0,278,498,654,0.5677083333333334,no_redundancy,/Users/rajiv/Desktop/FinalYearProject-MARL/results/ablation_models/no_redundancy/coordinated/qmix_seed101.onnx
No redundancy penalty,101,1018,volatile,coordinated,-147.21900000000073,0.36607142857142855,0.6339285714285714,19.14584000000018,27.811885286899123,0.025184299721753765,9.456597222222221,43.0,59.0,187.0,0.9131944444444444,0.3342943948412698,379,711,0,332,441,711,0.6171875,no_redundancy,/Users/rajiv/Desktop/FinalYearProject-MARL/results/ablation_models/no_redundancy/coordinated/qmix_seed101.onnx
No redundancy penalty,101,1019,volatile,coordinated,-154.47233333333378,0.3368421052631579,0.6631578947368422,18.99584000000018,28.392817341526957,0.02284736000138545,9.444444444444445,42.0,59.0,159.0,0.9068287037037036,0.30545808966861593,376,655,0,279,497,655,0.5685763888888888,no_redundancy,/Users/rajiv/Desktop/FinalYearProject-MARL/results/ablation_models/no_redundancy/coordinated/qmix_seed101.onnx
No redundancy penalty,101,1020,volatile,coordinated,-146.93900000000028,0.35294117647058826,0.6470588235294117,19.3958400000002,27.540248359265487,0.00794821271321505,8.856770833333334,41.0,58.0,160.0,0.9019097222222222,0.3183210784313726,384,642,0,258,510,642,0.5572916666666666,no_redundancy,/Users/rajiv/Desktop/FinalYearProject-MARL/results/ablation_models/no_redundancy/coordinated/qmix_seed101.onnx
No redundancy penalty,101,1021,volatile,coordinated,-199.2033333333339,0.3039647577092511,0.696035242290749,19.045840000000183,27.668333776553673,0.02316094257544011,9.175347222222221,42.0,53.0,174.0,0.8859953703703705,0.2693113680861478,377,690,0,313,462,690,0.5989583333333334,no_redundancy,/Users/rajiv/Desktop/FinalYearProject-MARL/results/ablation_models/no_redundancy/coordinated/qmix_seed101.onnx
No redundancy penalty,101,1022,volatile,coordinated,-202.37833333333379,0.28019323671497587,0.7198067632850241,18.94584000000017,27.780487312650067,0.023564523247107005,9.897569444444445,44.0,61.0,153.0,0.8538773148148148,0.23925064859545536,375,652,0,277,500,652,0.5659722222222222,no_redundancy,/Users/rajiv/Desktop/FinalYearProject-MARL/results/ablation_models/no_redundancy/coordinated/qmix_seed101.onnx
No redundancy penalty,101,1023,volatile,coordinated,-160.27566666666726,0.3402061855670103,0.6597938144329897,19.245840000000186,28.173412349677125,0.022727364343820687,9.147569444444445,42.0,56.0,168.0,0.8796296296296295,0.2992554410080183,381,673,0,292,479,673,0.5842013888888888,no_redundancy,/Users/rajiv/Desktop/FinalYearProject-MARL/results/ablation_models/no_redundancy/coordinated/qmix_seed101.onnx
No redundancy penalty,101,1024,volatile,coordinated,-109.88099999999996,0.46153846153846156,0.5384615384615384,19.595840000000205,27.734086011533236,0.022331962229466953,8.481770833333334,40.0,55.0,175.0,0.9548611111111112,0.44070512820512825,388,693,0,305,459,693,0.6015625,no_redundancy,/Users/rajiv/Desktop/FinalYearProject-MARL/results/ablation_models/no_redundancy/coordinated/qmix_seed101.onnx
No redundancy penalty,101,1025,volatile,coordinated,-250.94499999999985,0.26277372262773724,0.7372262773722628,19.545840000000208,27.631273780374894,0.02148317452952489,8.21875,39.0,51.0,161.0,0.8324652777777778,0.21875,387,669,0,282,483,669,0.5807291666666666,no_redundancy,/Users/rajiv/Desktop/FinalYearProject-MARL/results/ablation_models/no_redundancy/coordinated/qmix_seed101.onnx
No redundancy penalty,101,1026,volatile,coordinated,-228.40900000000036,0.21739130434782608,0.782608695652174,19.29584000000019,28.031244741185912,0.01662546377932865,8.594618055555555,40.0,54.0,159.0,0.8923611111111112,0.1939915458937198,382,672,0,290,480,672,0.5833333333333334,no_redundancy,/Users/rajiv/Desktop/FinalYearProject-MARL/results/ablation_models/no_redundancy/coordinated/qmix_seed101.onnx
No redundancy penalty,101,1027,volatile,coordinated,-205.1880000000004,0.26973684210526316,0.7302631578947368,18.89584000000017,27.875509386714086,0.02069592542697217,9.61892361111111,43.0,60.0,170.0,0.9027777777777778,0.2435124269005848,374,659,0,285,493,659,0.5720486111111112,no_redundancy,/Users/rajiv/Desktop/FinalYearProject-MARL/results/ablation_models/no_redundancy/coordinated/qmix_seed101.onnx
No redundancy penalty,101,1028,volatile,coordinated,-137.47700000000046,0.3708609271523179,0.6291390728476821,19.345840000000194,27.621479294635346,0.02253056168472691,9.319444444444445,42.0,55.0,157.0,0.9401041666666666,0.34864790286975716,383,667,0,284,485,667,0.5789930555555556,no_redundancy,/Users/rajiv/Desktop/FinalYearProject-MARL/results/ablation_models/no_redundancy/coordinated/qmix_seed101.onnx
No redundancy penalty,101,1029,volatile,coordinated,-192.6210000000005,0.31797235023041476,0.6820276497695852,19.395840000000195,27.800474848912,0.025218407324418532,9.046006944444445,42.0,60.0,173.0,0.8706597222222222,0.2768457181259601,384,697,0,313,455,697,0.6050347222222222,no_redundancy,/Users/rajiv/Desktop/FinalYearProject-MARL/results/ablation_models/no_redundancy/coordinated/qmix_seed101.onnx
No redundancy penalty,101,1030,volatile,coordinated,-155.98300000000057,0.3593073593073593,0.6406926406926408,19.045840000000176,27.873481980284083,0.015308128086021569,9.21875,42.0,58.0,178.0,0.8993055555555556,0.3231271043771044,377,706,0,329,446,706,0.6128472222222222,no_redundancy,/Users/rajiv/Desktop/FinalYearProject-MARL/results/ablation_models/no_redundancy/coordinated/qmix_seed101.onnx
No redundancy penalty,102,1001,volatile,coordinated,25.749666666666634,0.44884488448844884,0.5511551155115512,15.595840000000038,27.869978979177933,0.012847324891880826,10.15017361111111,42.0,62.0,87.0,0.9085648148148149,0.4078046693558245,308,385,0,77,767,385,0.3342013888888889,no_redundancy,/Users/rajiv/Desktop/FinalYearProject-MARL/results/ablation_models/no_redundancy/coordinated/qmix_seed102.onnx
No redundancy penalty,102,1002,volatile,coordinated,29.360666666666624,0.4606741573033708,0.5393258426966292,15.895840000000117,28.196069389932298,0.026528728641768737,10.364583333333334,44.0,64.0,78.0,0.9241898148148149,0.4257503641281732,314,392,0,78,760,392,0.3402777777777778,no_redundancy,/Users/rajiv/Desktop/FinalYearProject-MARL/results/ablation_models/no_redundancy/coordinated/qmix_seed102.onnx
No redundancy penalty,102,1003,volatile,coordinated,-23.930999999999976,0.4375,0.5625,14.445840000000068,28.045742792782573,0.02229887262095253,9.717881944444445,40.0,60.0,60.0,0.9288194444444444,0.4063585069444444,285,345,0,60,807,345,0.2994791666666667,no_redundancy,/Users/rajiv/Desktop/FinalYearProject-MARL/results/ablation_models/no_redundancy/coordinated/qmix_seed102.onnx
No redundancy penalty,102,1004,volatile,coordinated,50.91566666666661,0.4727272727272727,0.5272727272727273,15.295840000000105,27.778055887166204,0.03586363808147576,9.965277777777779,44.0,64.0,78.0,0.8825231481481481,0.4171927609427609,302,376,0,74,776,376,0.3263888888888889,no_redundancy,/Users/rajiv/Desktop/FinalYearProject-MARL/results/ablation_models/no_redundancy/coordinated/qmix_seed102.onnx
No redundancy penalty,102,1005,volatile,coordinated,-10.102666666666671,0.42857142857142855,0.5714285714285714,14.245840000000042,27.612860050191575,0.01885770929542436,10.24826388888889,44.0,62.0,69.0,0.9247685185185186,0.3963293650793651,281,354,0,73,798,354,0.3072916666666667,no_redundancy,/Users/rajiv/Desktop/FinalYearProject-MARL/results/ablation_models/no_redundancy/coordinated/qmix_seed102.onnx
No redundancy penalty,102,1006,volatile,coordinated,-54.18333333333325,0.36964980544747084,0.6303501945525292,15.745840000000085,27.73702749384593,0.009085875606625719,10.4140625,44.450000000000045,62.0,44.0,0.8686342592592592,0.3210904849401931,311,367,0,56,785,367,0.3185763888888889,no_redundancy,/Users/rajiv/Desktop/FinalYearProject-MARL/results/ablation_models/no_redundancy/coordinated/qmix_seed102.onnx
No redundancy penalty,102,1007,volatile,coordinated,-98.45999999999997,0.34309623430962344,0.6569037656903766,15.195840000000096,27.847617605125972,0.02033104003461333,9.04079861111111,38.450000000000045,57.0,81.0,0.8463541666666666,0.29038092747559274,300,360,0,60,792,360,0.3125,no_redundancy,/Users/rajiv/Desktop/FinalYearProject-MARL/results/ablation_models/no_redundancy/coordinated/qmix_seed102.onnx
No redundancy penalty,102,1008,volatile,coordinated,-101.948,0.31216931216931215,0.6878306878306879,14.345840000000086,27.8133897866608,0.010419291652209877,10.219618055555555,42.0,62.0,60.0,0.8828125,0.2755869708994709,283,337,0,54,815,337,0.2925347222222222,no_redundancy,/Users/rajiv/Desktop/FinalYearProject-MARL/results/ablation_models/no_redundancy/coordinated/qmix_seed102.onnx
No redundancy penalty,102,1009,volatile,coordinated,-70.59866666666665,0.35960591133004927,0.6403940886699507,15.195840000000079,27.585351449882772,0.0174055576797549,10.190972222222221,43.0,60.0,67.0,0.906539351851852,0.3259969097792374,300,357,0,57,795,357,0.3098958333333333,no_redundancy,/Users/rajiv/Desktop/FinalYearProject-MARL/results/ablation_models/no_redundancy/coordinated/qmix_seed102.onnx
No redundancy penalty,102,1010,volatile,coordinated,8.192333333333327,0.46411483253588515,0.5358851674641149,14.845840000000097,27.87536673639651,0.02274542236189817,9.780381944444445,40.450000000000045,59.0,87.0,0.9247685185185186,0.4291987861066809,293,356,0,63,796,356,0.3090277777777778,no_redundancy,/Users/rajiv/Desktop/FinalYearProject-MARL/results/ablation_models/no_redundancy/coordinated/qmix_seed102.onnx
No redundancy penalty,102,1011,volatile,coordinated,-65.82366666666671,0.37104072398190047,0.6289592760180995,15.695840000000093,27.8041058670549,0.016129512402117102,10.20920138888889,43.0,60.0,67.0,0.8579282407407407,0.3183263155689626,310,384,0,74,768,384,0.3333333333333333,no_redundancy,/Users/rajiv/Desktop/FinalYearProject-MARL/results/ablation_models/no_redundancy/coordinated/qmix_seed102.onnx
No redundancy penalty,102,1012,volatile,coordinated,-68.03799999999997,0.3805970149253731,0.6194029850746269,15.695840000000072,27.719253047701116,0.03139623189753309,10.252604166666666,45.0,60.0,84.0,0.8585069444444444,0.32674518034825867,310,388,0,78,764,388,0.3368055555555556,no_redundancy,/Users/rajiv/Desktop/FinalYearProject-MARL/results/ablation_models/no_redundancy/coordinated/qmix_seed102.onnx
No redundancy penalty,102,1013,volatile,coordinated,-51.41300000000003,0.3872832369942196,0.6127167630057804,14.69584000000009,27.505443767934835,0.023296670165618646,10.76388888888889,42.450000000000045,62.0,57.0,0.9123263888888888,0.3533287170841361,290,346,0,56,806,346,0.3003472222222222,no_redundancy,/Users/rajiv/Desktop/FinalYearProject-MARL/results/ablation_models/no_redundancy/coordinated/qmix_seed102.onnx
No redundancy penalty,102,1014,volatile,coordinated,-18.345000000000006,0.4576271186440678,0.5423728813559322,13.745840000000046,27.16643055612605,0.01953942711479295,11.34548611111111,46.0,64.0,55.0,0.9496527777777778,0.4345868644067797,271,316,0,45,836,316,0.2743055555555556,no_redundancy,/Users/rajiv/Desktop/FinalYearProject-MARL/results/ablation_models/no_redundancy/coordinated/qmix_seed102.onnx
No redundancy penalty,102,1015,volatile,coordinated,-14.369999999999997,0.45569620253164556,0.5443037974683544,14.695840000000077,27.984652380248956,0.010294158542795452,10.11892361111111,43.0,63.0,73.0,0.9470486111111112,0.43156645569620256,290,333,0,43,819,333,0.2890625,no_redundancy,/Users/rajiv/Desktop/FinalYearProject-MARL/results/ablation_models/no_redundancy/coordinated/qmix_seed102.onnx
No redundancy penalty,102,1016,volatile,coordinated,29.984333333333332,0.45936395759717313,0.5406360424028269,15.945840000000091,27.74034214332949,0.017046945796754604,8.697916666666666,39.0,63.0,86.0,0.8952546296296295,0.4112477097238581,315,406,0,91,746,406,0.3524305555555556,no_redundancy,/Users/rajiv/Desktop/FinalYearProject-MARL/results/ablation_models/no_redundancy/coordinated/qmix_seed102.onnx
No redundancy penalty,102,1017,volatile,coordinated,-21.01399999999999,0.3951890034364261,0.604810996563574,14.745840000000127,27.7096812165475,0.023797493609532833,12.260416666666666,49.0,66.0,67.0,0.8524305555555556,0.3368711817487591,291,364,0,73,788,364,0.3159722222222222,no_redundancy,/Users/rajiv/Desktop/FinalYearProject-MARL/results/ablation_models/no_redundancy/coordinated/qmix_seed102.onnx
No redundancy penalty,102,1018,volatile,coordinated,80.45033333333336,0.5401785714285714,0.4598214285714286,16.345840000000095,27.811885286899123,0.025642506938627477,10.71267361111111,48.0,64.0,83.0,0.9438657407407409,0.5098560474537037,323,395,0,72,757,395,0.3428819444444444,no_redundancy,/Users/rajiv/Desktop/FinalYearProject-MARL/results/ablation_models/no_redundancy/coordinated/qmix_seed102.onnx
No redundancy penalty,102,1019,volatile,coordinated,-9.763333333333339,0.43157894736842106,0.5684210526315789,14.19584000000006,28.392817341526957,0.02584154386335304,9.686631944444445,42.0,66.0,63.0,0.9172453703703702,0.3958637914230019,280,346,0,66,806,346,0.3003472222222222,no_redundancy,/Users/rajiv/Desktop/FinalYearProject-MARL/results/ablation_models/no_redundancy/coordinated/qmix_seed102.onnx
No redundancy penalty,102,1020,volatile,coordinated,-12.907333333333321,0.4196078431372549,0.580392156862745,15.395840000000094,27.540248359265487,0.02553927948353576,9.839409722222221,40.0,56.0,69.0,0.9146412037037036,0.3837906227305737,304,377,0,73,775,377,0.3272569444444444,no_redundancy,/Users/rajiv/Desktop/FinalYearProject-MARL/results/ablation_models/no_redundancy/coordinated/qmix_seed102.onnx
No redundancy penalty,102,1021,volatile,coordinated,-32.66899999999999,0.4052863436123348,0.5947136563876652,15.195840000000052,27.668333776553673,0.010722313364592909,9.425347222222221,41.0,56.0,73.0,0.9027777777777778,0.36588350465002445,300,380,0,80,772,380,0.3298611111111111,no_redundancy,/Users/rajiv/Desktop/FinalYearProject-MARL/results/ablation_models/no_redundancy/coordinated/qmix_seed102.onnx
No redundancy penalty,102,1022,volatile,coordinated,-55.609999999999985,0.3719806763285024,0.6280193236714976,14.94584000000007,27.780487312650067,0.018016295765793028,11.528645833333334,48.0,65.0,59.0,0.8671875,0.32257699275362317,295,340,0,45,812,340,0.2951388888888889,no_redundancy,/Users/rajiv/Desktop/FinalYearProject-MARL/results/ablation_models/no_redundancy/coordinated/qmix_seed102.onnx
No redundancy penalty,102,1023,volatile,coordinated,-1.762999999999964,0.4381443298969072,0.5618556701030928,15.395840000000089,28.173412349677125,0.03159385234121491,11.830729166666666,47.0,66.0,56.0,0.9027777777777778,0.39554696449026344,304,351,0,47,801,351,0.3046875,no_redundancy,/Users/rajiv/Desktop/FinalYearProject-MARL/results/ablation_models/no_redundancy/coordinated/qmix_seed102.onnx
No redundancy penalty,102,1024,volatile,coordinated,40.84366666666669,0.5897435897435898,0.41025641025641024,15.445840000000096,27.734086011533236,0.017731129690765207,8.747395833333334,38.0,60.0,58.0,0.9754050925925927,0.5752389007597342,305,352,0,47,800,352,0.3055555555555556,no_redundancy,/Users/rajiv/Desktop/FinalYearProject-MARL/results/ablation_models/no_redundancy/coordinated/qmix_seed102.onnx
No redundancy penalty,102,1025,volatile,coordinated,-94.033,0.3357664233576642,0.6642335766423357,15.545840000000121,27.631273780374894,0.025140267169554212,9.889756944444445,41.0,63.0,67.0,0.8723958333333334,0.2929212287104623,307,367,0,60,785,367,0.3185763888888889,no_redundancy,/Users/rajiv/Desktop/FinalYearProject-MARL/results/ablation_models/no_redundancy/coordinated/qmix_seed102.onnx
No redundancy penalty,102,1026,volatile,coordinated,-95.495,0.3115942028985507,0.6884057971014492,14.64584000000008,28.031244741185912,0.005826861836328113,10.510416666666666,44.0,63.0,53.0,0.9010416666666666,0.28075935990338163,289,332,0,43,820,332,0.2881944444444444,no_redundancy,/Users/rajiv/Desktop/FinalYearProject-MARL/results/ablation_models/no_redundancy/coordinated/qmix_seed102.onnx
No redundancy penalty,102,1027,volatile,coordinated,-23.590666666666678,0.4342105263157895,0.5657894736842105,14.395840000000051,27.875509386714086,0.028499787132853456,10.777777777777779,44.0,64.0,71.0,0.9447337962962964,0.4102133589181287,284,321,0,37,831,321,0.2786458333333333,no_redundancy,/Users/rajiv/Desktop/FinalYearProject-MARL/results/ablation_models/no_redundancy/coordinated/qmix_seed102.onnx
No redundancy penalty,102,1028,volatile,coordinated,10.256666666666693,0.48344370860927155,0.5165562913907285,14.845840000000083,27.621479294635346,0.01957387969587989,10.386284722222221,43.0,64.0,54.0,0.9554398148148147,0.46190136742702964,293,333,0,40,819,333,0.2890625,no_redundancy,/Users/rajiv/Desktop/FinalYearProject-MARL/results/ablation_models/no_redundancy/coordinated/qmix_seed102.onnx
No redundancy penalty,102,1029,volatile,coordinated,-3.3160000000000203,0.4423963133640553,0.5576036866359446,15.3458400000001,27.800474848912,0.0264907067020261,9.1875,39.0,66.0,65.0,0.9019097222222222,0.3990015360983103,303,378,0,75,774,378,0.328125,no_redundancy,/Users/rajiv/Desktop/FinalYearProject-MARL/results/ablation_models/no_redundancy/coordinated/qmix_seed102.onnx
No redundancy penalty,102,1030,volatile,coordinated,27.58033333333337,0.47619047619047616,0.5238095238095238,15.695840000000109,27.873481980284083,0.02290157329983429,10.388020833333334,45.0,63.0,69.0,0.910011574074074,0.43333884479717805,310,379,0,69,773,379,0.3289930555555556,no_redundancy,/Users/rajiv/Desktop/FinalYearProject-MARL/results/ablation_models/no_redundancy/coordinated/qmix_seed102.onnx
No redundancy penalty,103,1001,volatile,coordinated,-47.229000000000006,0.40264026402640263,0.5973597359735974,18.395840000000174,27.869978979177933,0.023877314591572246,10.448784722222221,44.0,61.0,108.0,0.9010416666666666,0.36279565456545654,364,495,0,131,657,495,0.4296875,no_redundancy,/Users/rajiv/Desktop/FinalYearProject-MARL/results/ablation_models/no_redundancy/coordinated/qmix_seed103.onnx
No redundancy penalty,103,1002,volatile,coordinated,-8.794999999999975,0.4344569288389513,0.5655430711610487,18.34584000000018,28.196069389932298,0.027900180334892465,12.469618055555555,50.0,66.0,90.0,0.9366319444444444,0.4069262380357886,363,483,0,120,669,483,0.4192708333333333,no_redundancy,/Users/rajiv/Desktop/FinalYearProject-MARL/results/ablation_models/no_redundancy/coordinated/qmix_seed103.onnx
No redundancy penalty,103,1003,volatile,coordinated,-78.66200000000012,0.3875,0.6125,17.79584000000016,28.045742792782573,0.01777983996198438,10.95486111111111,46.0,64.0,88.0,0.9270833333333334,0.3592447916666667,352,454,0,102,698,454,0.3940972222222222,no_redundancy,/Users/rajiv/Desktop/FinalYearProject-MARL/results/ablation_models/no_redundancy/coordinated/qmix_seed103.onnx
No redundancy penalty,103,1004,volatile,coordinated,-81.43299999999996,0.3709090909090909,0.6290909090909091,18.245840000000175,27.778055887166204,0.03552415477659608,12.036458333333334,49.0,67.0,96.0,0.8472222222222222,0.3142424242424242,361,506,0,145,646,506,0.4392361111111111,no_redundancy,/Users/rajiv/Desktop/FinalYearProject-MARL/results/ablation_models/no_redundancy/coordinated/qmix_seed103.onnx
No redundancy penalty,103,1005,volatile,coordinated,-59.20166666666668,0.39915966386554624,0.6008403361344538,18.34584000000017,27.612860050191575,0.01575532601355783,11.307291666666666,47.0,64.0,78.0,0.9056712962962963,0.3615074502023032,363,489,0,126,663,489,0.4244791666666667,no_redundancy,/Users/rajiv/Desktop/FinalYearProject-MARL/results/ablation_models/no_redundancy/coordinated/qmix_seed103.onnx
No redundancy penalty,103,1006,volatile,coordinated,-117.10500000000003,0.33852140077821014,0.6614785992217899,18.59584000000018,27.73702749384593,0.014070438524456035,10.721354166666666,46.450000000000045,66.0,91.0,0.8723958333333334,0.29532465953307396,368,489,0,121,663,489,0.4244791666666667,no_redundancy,/Users/rajiv/Desktop/FinalYearProject-MARL/results/ablation_models/no_redundancy/coordinated/qmix_seed103.onnx
No redundancy penalty,103,1007,volatile,coordinated,-133.61266666666666,0.3179916317991632,0.6820083682008369,19.045840000000194,27.847617605125972,0.008245778919183398,10.210069444444445,44.450000000000045,62.0,83.0,0.8527199074074073,0.2711577948241128,377,498,0,121,654,498,0.4322916666666667,no_redundancy,/Users/rajiv/Desktop/FinalYearProject-MARL/results/ablation_models/no_redundancy/coordinated/qmix_seed103.onnx
No redundancy penalty,103,1008,volatile,coordinated,-160.03800000000027,0.2751322751322751,0.7248677248677249,18.495840000000168,27.8133897866608,0.005759469755199377,10.800347222222221,43.0,69.0,96.0,0.8784722222222222,0.24169606114050557,366,475,0,109,677,475,0.4123263888888889,no_redundancy,/Users/rajiv/Desktop/FinalYearProject-MARL/results/ablation_models/no_redundancy/coordinated/qmix_seed103.onnx
No redundancy penalty,103,1009,volatile,coordinated,-113.94099999999997,0.33497536945812806,0.6650246305418719,18.395840000000174,27.585351449882772,0.013945811150578991,11.475694444444445,48.450000000000045,65.0,75.0,0.8741319444444444,0.29281267104542963,364,470,0,106,682,470,0.4079861111111111,no_redundancy,/Users/rajiv/Desktop/FinalYearProject-MARL/results/ablation_models/no_redundancy/coordinated/qmix_seed103.onnx
No redundancy penalty,103,1010,volatile,coordinated,-54.84766666666667,0.3923444976076555,0.6076555023923444,17.99584000000017,27.87536673639651,0.018346956879864266,12.238715277777779,49.0,66.0,82.0,0.922164351851852,0.3618061093390041,356,454,0,98,698,454,0.3940972222222222,no_redundancy,/Users/rajiv/Desktop/FinalYearProject-MARL/results/ablation_models/no_redundancy/coordinated/qmix_seed103.onnx
No redundancy penalty,103,1011,volatile,coordinated,-146.38333333333316,0.3167420814479638,0.6832579185520362,18.045840000000155,27.8041058670549,0.006867703663273903,10.70486111111111,45.450000000000045,61.0,107.0,0.833912037037037,0.2641350343556226,357,495,0,138,657,495,0.4296875,no_redundancy,/Users/rajiv/Desktop/FinalYearProject-MARL/results/ablation_models/no_redundancy/coordinated/qmix_seed103.onnx
No redundancy penalty,103,1012,volatile,coordinated,-125.79500000000006,0.34328358208955223,0.6567164179104478,18.34584000000016,27.719253047701116,0.01323743282062859,10.356770833333334,47.0,61.0,103.0,0.8506944444444444,0.2920294361525705,363,497,0,134,655,497,0.4314236111111111,no_redundancy,/Users/rajiv/Desktop/FinalYearProject-MARL/results/ablation_models/no_redundancy/coordinated/qmix_seed103.onnx
No redundancy penalty,103,1013,volatile,coordinated,-96.88799999999996,0.32947976878612717,0.6705202312138728,17.945840000000178,27.505443767934835,0.02447141845861185,12.047743055555555,50.0,66.0,60.0,0.9201388888888888,0.3031671483622351,355,446,0,91,706,446,0.3871527777777778,no_redundancy,/Users/rajiv/Desktop/FinalYearProject-MARL/results/ablation_models/no_redundancy/coordinated/qmix_seed103.onnx
No redundancy penalty,103,1014,volatile,coordinated,-48.17066666666668,0.4491525423728814,0.5508474576271186,17.34584000000014,27.16643055612605,0.00878580123168348,11.98611111111111,50.0,66.0,84.0,0.9508101851851853,0.42705881198995616,343,432,0,89,720,432,0.375,no_redundancy,/Users/rajiv/Desktop/FinalYearProject-MARL/results/ablation_models/no_redundancy/coordinated/qmix_seed103.onnx
No redundancy penalty,103,1015,volatile,coordinated,-68.89533333333333,0.379746835443038,0.620253164556962,17.395840000000145,27.984652380248956,0.009397499999999918,12.140625,50.0,68.0,70.0,0.9380787037037036,0.35623241912798875,344,427,0,83,725,427,0.3706597222222222,no_redundancy,/Users/rajiv/Desktop/FinalYearProject-MARL/results/ablation_models/no_redundancy/coordinated/qmix_seed103.onnx
No redundancy penalty,103,1016,volatile,coordinated,-52.99133333333333,0.40636042402826855,0.5936395759717314,18.395840000000177,27.74034214332949,0.017683547395852862,9.842881944444445,43.0,62.0,111.0,0.8755787037037037,0.3558005333071588,364,516,0,152,636,516,0.4479166666666667,no_redundancy,/Users/rajiv/Desktop/FinalYearProject-MARL/results/ablation_models/no_redundancy/coordinated/qmix_seed103.onnx
No redundancy penalty,103,1017,volatile,coordinated,-98.35333333333342,0.35051546391752575,0.6494845360824743,17.99584000000016,27.7096812165475,0.004139852220464049,11.3515625,47.0,62.0,105.0,0.8512731481481483,0.2983844024436808,356,498,0,142,654,498,0.4322916666666667,no_redundancy,/Users/rajiv/Desktop/FinalYearProject-MARL/results/ablation_models/no_redundancy/coordinated/qmix_seed103.onnx
No redundancy penalty,103,1018,volatile,coordinated,-21.169333333333284,0.44642857142857145,0.5535714285714286,18.595840000000177,27.811885286899123,0.024974611500755715,10.2578125,47.0,62.0,119.0,0.9502314814814815,0.42421048280423285,368,519,0,151,633,519,0.4505208333333333,no_redundancy,/Users/rajiv/Desktop/FinalYearProject-MARL/results/ablation_models/no_redundancy/coordinated/qmix_seed103.onnx
No redundancy penalty,103,1019,volatile,coordinated,-83.14599999999997,0.3684210526315789,0.631578947368421,17.895840000000145,28.392817341526957,0.014951634587593677,11.300347222222221,47.0,65.0,93.0,0.9045138888888888,0.33324195906432746,354,456,0,102,696,456,0.3958333333333333,no_redundancy,/Users/rajiv/Desktop/FinalYearProject-MARL/results/ablation_models/no_redundancy/coordinated/qmix_seed103.onnx
No redundancy penalty,103,1020,volatile,coordinated,-62.76966666666665,0.38823529411764707,0.611764705882353,17.845840000000145,27.540248359265487,0.019257332765843224,11.067708333333334,46.0,66.0,91.0,0.910011574074074,0.35329861111111105,353,460,0,107,692,460,0.3993055555555556,no_redundancy,/Users/rajiv/Desktop/FinalYearProject-MARL/results/ablation_models/no_redundancy/coordinated/qmix_seed103.onnx
No redundancy penalty,103,1021,volatile,coordinated,-123.86199999999998,0.3303964757709251,0.6696035242290749,18.09584000000017,27.668333776553673,0.027513157760919872,10.894965277777779,47.0,65.0,100.0,0.8854166666666666,0.2925385462555066,358,497,0,139,655,497,0.4314236111111111,no_redundancy,/Users/rajiv/Desktop/FinalYearProject-MARL/results/ablation_models/no_redundancy/coordinated/qmix_seed103.onnx
No redundancy penalty,103,1022,volatile,coordinated,-108.15966666666667,0.32367149758454106,0.6763285024154589,18.04584000000015,27.780487312650067,0.019423885150152295,11.33420138888889,48.0,68.0,71.0,0.8648726851851851,0.2799346372338522,357,452,0,95,700,452,0.3923611111111111,no_redundancy,/Users/rajiv/Desktop/FinalYearProject-MARL/results/ablation_models/no_redundancy/coordinated/qmix_seed103.onnx
No redundancy penalty,103,1023,volatile,coordinated,-56.46999999999998,0.4072164948453608,0.5927835051546392,17.49584000000013,28.173412349677125,0.014399223688133775,10.736979166666666,47.0,63.0,104.0,0.9097222222222222,0.37045389461626577,346,480,0,134,672,480,0.4166666666666667,no_redundancy,/Users/rajiv/Desktop/FinalYearProject-MARL/results/ablation_models/no_redundancy/coordinated/qmix_seed103.onnx
No redundancy penalty,103,1024,volatile,coordinated,-19.108999999999988,0.5213675213675214,0.4786324786324786,18.095840000000184,27.734086011533236,0.023809568272629984,10.514756944444445,44.0,62.0,91.0,0.96875,0.5050747863247863,358,468,0,110,684,468,0.40625,no_redundancy,/Users/rajiv/Desktop/FinalYearProject-MARL/results/ablation_models/no_redundancy/coordinated/qmix_seed103.onnx
No redundancy penalty,103,1025,volatile,coordinated,-158.1603333333333,0.2956204379562044,0.7043795620437956,18.345840000000173,27.631273780374894,0.020895677347684605,10.180555555555555,44.0,63.0,86.0,0.8538773148148149,0.2524235857664234,363,472,0,109,680,472,0.4097222222222222,no_redundancy,/Users/rajiv/Desktop/FinalYearProject-MARL/results/ablation_models/no_redundancy/coordinated/qmix_seed103.onnx
No redundancy penalty,103,1026,volatile,coordinated,-150.31633333333326,0.2536231884057971,0.7463768115942029,18.195840000000178,28.031244741185912,0.02384629433764956,11.910590277777779,49.0,65.0,73.0,0.8912037037037037,0.22602992485238865,360,458,0,98,694,458,0.3975694444444444,no_redundancy,/Users/rajiv/Desktop/FinalYearProject-MARL/results/ablation_models/no_redundancy/coordinated/qmix_seed103.onnx
No redundancy penalty,103,1027,volatile,coordinated,-67.43233333333333,0.3815789473684211,0.618421052631579,17.94584000000014,27.875509386714086,0.01861923991509516,11.988715277777779,50.0,66.0,70.0,0.9328703703703702,0.35596369395711497,355,438,0,83,714,438,0.3802083333333333,no_redundancy,/Users/rajiv/Desktop/FinalYearProject-MARL/results/ablation_models/no_redundancy/coordinated/qmix_seed103.onnx
No redundancy penalty,103,1028,volatile,coordinated,-59.04099999999998,0.41721854304635764,0.5827814569536424,18.54584000000019,27.621479294635346,0.018177827722817043,12.034722222222221,48.0,66.0,87.0,0.9427083333333334,0.3933153973509934,367,457,0,90,695,457,0.3967013888888889,no_redundancy,/Users/rajiv/Desktop/FinalYearProject-MARL/results/ablation_models/no_redundancy/coordinated/qmix_seed103.onnx
No redundancy penalty,103,1029,volatile,coordinated,-54.43999999999996,0.39631336405529954,0.6036866359447004,17.64584000000013,27.800474848912,0.023934593468317538,10.58767361111111,47.450000000000045,67.0,78.0,0.9036458333333334,0.3581269201228879,349,465,0,116,687,465,0.4036458333333333,no_redundancy,/Users/rajiv/Desktop/FinalYearProject-MARL/results/ablation_models/no_redundancy/coordinated/qmix_seed103.onnx
No redundancy penalty,103,1030,volatile,coordinated,-65.49866666666678,0.4069264069264069,0.5930735930735931,17.79584000000016,27.873481980284083,0.019882955925118892,9.925347222222221,43.450000000000045,66.0,120.0,0.9134837962962964,0.3717206790123457,352,510,0,158,642,510,0.4427083333333333,no_redundancy,/Users/rajiv/Desktop/FinalYearProject-MARL/results/ablation_models/no_redundancy/coordinated/qmix_seed103.onnx
No AoI term,101,1001,volatile,coordinated,17.012999999999998,0.43234323432343236,0.5676567656765676,14.795840000000046,27.869978979177933,0.017220502701906518,11.37673611111111,45.0,65.0,65.0,0.8984375,0.38843337458745875,292,365,0,73,787,365,0.3168402777777778,no_aoi,/Users/rajiv/Desktop/FinalYearProject-MARL/results/ablation_models/no_aoi/coordinated/qmix_seed101.onnx
No AoI term,101,1002,volatile,coordinated,39.264000000000046,0.4681647940074906,0.5318352059925093,16.14584000000014,28.196069389932298,0.02751927353698069,10.387152777777779,45.0,65.0,78.0,0.9348958333333334,0.43768531523096127,319,394,0,75,758,394,0.3420138888888889,no_aoi,/Users/rajiv/Desktop/FinalYearProject-MARL/results/ablation_models/no_aoi/coordinated/qmix_seed101.onnx
No AoI term,101,1003,volatile,coordinated,-37.54000000000002,0.40625,0.59375,14.995840000000095,28.045742792782573,0.01723342535499217,9.995659722222221,42.0,62.0,48.0,0.921875,0.37451171875,296,343,0,47,809,343,0.2977430555555556,no_aoi,/Users/rajiv/Desktop/FinalYearProject-MARL/results/ablation_models/no_aoi/coordinated/qmix_seed101.onnx
No AoI term,101,1004,volatile,coordinated,15.172000000000033,0.44,0.56,15.54584000000012,27.778055887166204,0.026386516839124633,10.364583333333334,45.0,66.0,80.0,0.8732638888888888,0.3842361111111111,307,378,0,71,774,378,0.328125,no_aoi,/Users/rajiv/Desktop/FinalYearProject-MARL/results/ablation_models/no_aoi/coordinated/qmix_seed101.onnx
No AoI term,101,1005,volatile,coordinated,-20.57333333333336,0.42016806722689076,0.5798319327731092,14.495840000000086,27.612860050191575,0.026117974196049908,11.34201388888889,46.0,65.0,59.0,0.9007523148148147,0.37846735916588853,286,358,0,72,794,358,0.3107638888888889,no_aoi,/Users/rajiv/Desktop/FinalYearProject-MARL/results/ablation_models/no_aoi/coordinated/qmix_seed101.onnx
No AoI term,101,1006,volatile,coordinated,-89.27033333333335,0.3463035019455253,0.6536964980544747,14.94584000000009,27.73702749384593,0.015598071995646381,10.714409722222221,44.450000000000045,63.0,67.0,0.857349537037037,0.29690314706730075,295,357,0,62,795,357,0.3098958333333333,no_aoi,/Users/rajiv/Desktop/FinalYearProject-MARL/results/ablation_models/no_aoi/coordinated/qmix_seed101.onnx
No AoI term,101,1007,volatile,coordinated,-66.7336666666666,0.3598326359832636,0.6401673640167365,14.945840000000121,27.847617605125972,0.013624437940572828,9.78732638888889,41.0,64.0,57.0,0.8657407407407407,0.3115217728188439,295,351,0,56,801,351,0.3046875,no_aoi,/Users/rajiv/Desktop/FinalYearProject-MARL/results/ablation_models/no_aoi/coordinated/qmix_seed101.onnx
No AoI term,101,1008,volatile,coordinated,-100.68199999999999,0.31216931216931215,0.6878306878306879,14.045840000000094,27.8133897866608,0.010419291652209936,12.238715277777779,46.450000000000045,69.0,53.0,0.8732638888888888,0.27260618753674304,277,311,0,34,841,311,0.2699652777777778,no_aoi,/Users/rajiv/Desktop/FinalYearProject-MARL/results/ablation_models/no_aoi/coordinated/qmix_seed101.onnx
No AoI term,101,1009,volatile,coordinated,-83.77933333333333,0.3399014778325123,0.6600985221674878,14.645840000000085,27.585351449882772,0.017405557679754928,11.104166666666666,45.0,65.0,53.0,0.8833912037037037,0.3002659756431308,289,343,0,54,809,343,0.2977430555555556,no_aoi,/Users/rajiv/Desktop/FinalYearProject-MARL/results/ablation_models/no_aoi/coordinated/qmix_seed101.onnx
No AoI term,101,1010,volatile,coordinated,9.068333333333339,0.4449760765550239,0.5550239234449761,14.695840000000118,27.87536673639651,0.026093111323088784,11.296006944444445,45.0,65.0,65.0,0.9351851851851851,0.41613503455608714,290,332,0,42,820,332,0.2881944444444444,no_aoi,/Users/rajiv/Desktop/FinalYearProject-MARL/results/ablation_models/no_aoi/coordinated/qmix_seed101.onnx
No AoI term,101,1011,volatile,coordinated,-53.50500000000003,0.38461538461538464,0.6153846153846154,15.1958400000001,27.8041058670549,0.019724781243607867,10.827256944444445,44.450000000000045,64.0,62.0,0.8498263888888888,0.3268563034188034,300,361,0,61,791,361,0.3133680555555556,no_aoi,/Users/rajiv/Desktop/FinalYearProject-MARL/results/ablation_models/no_aoi/coordinated/qmix_seed101.onnx
No AoI term,101,1012,volatile,coordinated,-104.46366666666663,0.33955223880597013,0.6604477611940298,16.195840000000082,27.719253047701116,0.025971534306508608,10.789930555555555,47.0,61.0,71.0,0.8483796296296295,0.28806920259812047,320,397,0,77,755,397,0.3446180555555556,no_aoi,/Users/rajiv/Desktop/FinalYearProject-MARL/results/ablation_models/no_aoi/coordinated/qmix_seed101.onnx
No AoI term,101,1013,volatile,coordinated,-35.92700000000001,0.4046242774566474,0.5953757225433526,15.04584000000015,27.505443767934835,0.02625234135791037,11.605902777777779,47.0,65.0,52.0,0.9236111111111112,0.3737154784842647,297,345,0,48,807,345,0.2994791666666667,no_aoi,/Users/rajiv/Desktop/FinalYearProject-MARL/results/ablation_models/no_aoi/coordinated/qmix_seed101.onnx
No AoI term,101,1014,volatile,coordinated,-6.784000000000018,0.4661016949152542,0.5338983050847458,13.995840000000083,27.16643055612605,0.012132293319084508,10.95920138888889,45.0,63.0,46.0,0.9583333333333334,0.446680790960452,276,310,0,34,842,310,0.2690972222222222,no_aoi,/Users/rajiv/Desktop/FinalYearProject-MARL/results/ablation_models/no_aoi/coordinated/qmix_seed101.onnx
No AoI term,101,1015,volatile,coordinated,4.6523333333333285,0.47468354430379744,0.5253164556962026,15.095840000000093,27.984652380248956,0.010294158542795454,10.069444444444445,43.0,62.0,58.0,0.9508101851851851,0.4513339486638537,298,334,0,36,818,334,0.2899305555555556,no_aoi,/Users/rajiv/Desktop/FinalYearProject-MARL/results/ablation_models/no_aoi/coordinated/qmix_seed101.onnx
No AoI term,101,1016,volatile,coordinated,26.074333333333286,0.45229681978798586,0.5477031802120141,16.345840000000116,27.74034214332949,0.02667763954759874,10.265625,45.0,64.0,75.0,0.8961226851851851,0.40531344064912966,323,415,0,92,737,415,0.3602430555555556,no_aoi,/Users/rajiv/Desktop/FinalYearProject-MARL/results/ablation_models/no_aoi/coordinated/qmix_seed101.onnx
No AoI term,101,1017,volatile,coordinated,-46.444000000000045,0.37800687285223367,0.6219931271477663,14.74584000000014,27.7096812165475,0.010327611550007528,11.533854166666666,46.0,65.0,83.0,0.8541666666666666,0.3228808705612829,291,375,0,84,777,375,0.3255208333333333,no_aoi,/Users/rajiv/Desktop/FinalYearProject-MARL/results/ablation_models/no_aoi/coordinated/qmix_seed101.onnx
No AoI term,101,1018,volatile,coordinated,80.23799999999997,0.5357142857142857,0.4642857142857143,17.145840000000145,27.811885286899123,0.02731383287937571,10.234375,45.0,68.0,81.0,0.9565972222222222,0.5124627976190476,339,414,0,75,738,414,0.359375,no_aoi,/Users/rajiv/Desktop/FinalYearProject-MARL/results/ablation_models/no_aoi/coordinated/qmix_seed101.onnx
No AoI term,101,1019,volatile,coordinated,-41.768666666666675,0.3894736842105263,0.6105263157894737,14.145840000000087,28.392817341526957,0.014723949410049498,10.467881944444445,44.0,64.0,68.0,0.9143518518518517,0.35611598440545805,279,344,0,65,808,344,0.2986111111111111,no_aoi,/Users/rajiv/Desktop/FinalYearProject-MARL/results/ablation_models/no_aoi/coordinated/qmix_seed101.onnx
No AoI term,101,1020,volatile,coordinated,-19.159666666666652,0.40784313725490196,0.592156862745098,14.795840000000084,27.540248359265487,0.025539279483535765,11.377604166666666,46.0,65.0,63.0,0.9160879629629629,0.37362018881626724,292,353,0,61,799,353,0.3064236111111111,no_aoi,/Users/rajiv/Desktop/FinalYearProject-MARL/results/ablation_models/no_aoi/coordinated/qmix_seed101.onnx
No AoI term,101,1021,volatile,coordinated,-26.07233333333331,0.41409691629955947,0.5859030837004405,15.745840000000074,27.668333776553673,0.01072231336459291,10.833333333333334,45.0,60.0,69.0,0.8990162037037036,0.37227983765704026,311,378,0,67,774,378,0.328125,no_aoi,/Users/rajiv/Desktop/FinalYearProject-MARL/results/ablation_models/no_aoi/coordinated/qmix_seed101.onnx
No AoI term,101,1022,volatile,coordinated,-48.50366666666668,0.3719806763285024,0.6280193236714976,14.995840000000085,27.780487312650067,0.01640211106840291,11.635416666666666,47.0,69.0,51.0,0.8778935185185185,0.32655942476292715,296,340,0,44,812,340,0.2951388888888889,no_aoi,/Users/rajiv/Desktop/FinalYearProject-MARL/results/ablation_models/no_aoi/coordinated/qmix_seed101.onnx
No AoI term,101,1023,volatile,coordinated,-48.417000000000016,0.3865979381443299,0.6134020618556701,14.495840000000046,28.173412349677125,0.023815802534252715,11.59201388888889,46.0,62.0,65.0,0.8732638888888888,0.33760201890034364,286,339,0,53,813,339,0.2942708333333333,no_aoi,/Users/rajiv/Desktop/FinalYearProject-MARL/results/ablation_models/no_aoi/coordinated/qmix_seed101.onnx
No AoI term,101,1024,volatile,coordinated,37.14000000000001,0.5897435897435898,0.41025641025641024,14.89584000000014,27.734086011533236,0.03320706827262988,9.6875,39.0,61.0,66.0,0.9765625,0.5759214743589743,294,342,0,48,810,342,0.296875,no_aoi,/Users/rajiv/Desktop/FinalYearProject-MARL/results/ablation_models/no_aoi/coordinated/qmix_seed101.onnx
No AoI term,101,1025,volatile,coordinated,-89.13933333333327,0.34306569343065696,0.656934306569343,14.7458400000001,27.631273780374894,0.015001982225103466,10.151041666666666,41.450000000000045,60.0,69.0,0.865162037037037,0.2968074141659908,291,354,0,63,798,354,0.3072916666666667,no_aoi,/Users/rajiv/Desktop/FinalYearProject-MARL/results/ablation_models/no_aoi/coordinated/qmix_seed101.onnx
No AoI term,101,1026,volatile,coordinated,-77.2176666666667,0.32608695652173914,0.6739130434782609,14.645840000000122,28.031244741185912,0.015188695027825464,10.60329861111111,42.0,64.0,42.0,0.917824074074074,0.299290458937198,289,322,0,33,830,322,0.2795138888888889,no_aoi,/Users/rajiv/Desktop/FinalYearProject-MARL/results/ablation_models/no_aoi/coordinated/qmix_seed101.onnx
No AoI term,101,1027,volatile,coordinated,-15.570666666666678,0.4276315789473684,0.5723684210526316,13.99584000000005,27.875509386714086,0.017826916184463887,11.164930555555555,45.0,65.0,55.0,0.9560185185185185,0.408823708576998,276,314,0,38,838,314,0.2725694444444444,no_aoi,/Users/rajiv/Desktop/FinalYearProject-MARL/results/ablation_models/no_aoi/coordinated/qmix_seed101.onnx
No AoI term,101,1028,volatile,coordinated,-5.7163333333333375,0.47019867549668876,0.5298013245033113,15.795840000000114,27.621479294635346,0.020234241764747148,11.067708333333334,43.450000000000045,62.0,67.0,0.960648148148148,0.451695486877606,312,364,0,52,788,364,0.3159722222222222,no_aoi,/Users/rajiv/Desktop/FinalYearProject-MARL/results/ablation_models/no_aoi/coordinated/qmix_seed101.onnx
No AoI term,101,1029,volatile,coordinated,5.1439999999999495,0.4423963133640553,0.5576036866359446,14.595840000000068,27.800474848912,0.024518034628126215,10.809895833333334,47.450000000000045,68.0,56.0,0.9149305555555556,0.4047619047619048,288,359,0,71,793,359,0.3116319444444444,no_aoi,/Users/rajiv/Desktop/FinalYearProject-MARL/results/ablation_models/no_aoi/coordinated/qmix_seed101.onnx
No AoI term,101,1030,volatile,coordinated,-6.039666666666611,0.43722943722943725,0.5627705627705628,15.895840000000122,27.873481980284083,0.028019378164787404,10.109375,44.0,65.0,72.0,0.9134837962962964,0.39940200617283955,314,398,0,84,754,398,0.3454861111111111,no_aoi,/Users/rajiv/Desktop/FinalYearProject-MARL/results/ablation_models/no_aoi/coordinated/qmix_seed101.onnx
No AoI term,102,1001,volatile,coordinated,76.65566666666665,0.48184818481848185,0.5181518151815181,13.845840000000033,27.869978979177933,0.012236548598728521,8.055555555555555,35.0,58.0,64.0,0.8981481481481483,0.43277105488326617,273,334,0,61,818,334,0.2899305555555556,no_aoi,/Users/rajiv/Desktop/FinalYearProject-MARL/results/ablation_models/no_aoi/coordinated/qmix_seed102.onnx
No AoI term,102,1002,volatile,coordinated,104.76266666666672,0.5318352059925093,0.46816479400749067,14.795840000000121,28.196069389932298,0.018851960686575627,7.244791666666667,31.0,55.0,81.0,0.9380787037037037,0.4989032806214454,292,362,0,70,790,362,0.3142361111111111,no_aoi,/Users/rajiv/Desktop/FinalYearProject-MARL/results/ablation_models/no_aoi/coordinated/qmix_seed102.onnx
No AoI term,102,1003,volatile,coordinated,5.687999999999943,0.4625,0.5375,12.895840000000003,28.045742792782573,0.03174928052389588,7.876736111111111,31.450000000000045,51.0,47.0,0.9366319444444444,0.43319227430555557,254,296,0,42,856,296,0.2569444444444444,no_aoi,/Users/rajiv/Desktop/FinalYearProject-MARL/results/ablation_models/no_aoi/coordinated/qmix_seed102.onnx
No AoI term,102,1004,volatile,coordinated,126.37766666666656,0.5345454545454545,0.46545454545454545,14.195840000000102,27.778055887166204,0.018688469349361924,8.346354166666666,37.0,59.0,66.0,0.8990162037037036,0.4805650252525252,280,341,0,61,811,341,0.2960069444444444,no_aoi,/Users/rajiv/Desktop/FinalYearProject-MARL/results/ablation_models/no_aoi/coordinated/qmix_seed102.onnx
No AoI term,102,1005,volatile,coordinated,70.43066666666671,0.5042016806722689,0.4957983193277311,12.795840000000002,27.612860050191575,0.02366723494237178,9.252604166666666,40.0,59.0,60.0,0.952835648148148,0.48042133520074687,252,315,0,63,837,315,0.2734375,no_aoi,/Users/rajiv/Desktop/FinalYearProject-MARL/results/ablation_models/no_aoi/coordinated/qmix_seed102.onnx
No AoI term,102,1006,volatile,coordinated,11.925666666666732,0.43190661478599224,0.5680933852140078,14.095840000000068,27.73702749384593,0.0006342553954301966,7.513888888888889,33.0,59.0,48.0,0.8868634259259259,0.38304218006917423,278,330,0,52,822,330,0.2864583333333333,no_aoi,/Users/rajiv/Desktop/FinalYearProject-MARL/results/ablation_models/no_aoi/coordinated/qmix_seed102.onnx
No AoI term,102,1007,volatile,coordinated,8.910666666666717,0.4393305439330544,0.5606694560669456,13.545840000000052,27.847617605125972,0.007357481944651205,7.637152777777778,29.450000000000045,50.0,62.0,0.8877314814814815,0.3900075546257555,267,321,0,54,831,321,0.2786458333333333,no_aoi,/Users/rajiv/Desktop/FinalYearProject-MARL/results/ablation_models/no_aoi/coordinated/qmix_seed102.onnx
No AoI term,102,1008,volatile,coordinated,-32.04800000000001,0.3968253968253968,0.6031746031746033,12.095839999999981,27.8133897866608,0.018510198839804006,8.116319444444445,33.0,49.0,57.0,0.8949652777777778,0.3551449514991182,238,271,0,33,881,271,0.23524305555555555,no_aoi,/Users/rajiv/Desktop/FinalYearProject-MARL/results/ablation_models/no_aoi/coordinated/qmix_seed102.onnx
No AoI term,102,1009,volatile,coordinated,-15.45466666666667,0.4039408866995074,0.5960591133004927,12.945840000000056,27.585351449882772,0.012991358712205702,7.380208333333333,31.0,51.0,49.0,0.9265046296296295,0.3742531016237913,255,299,0,44,853,299,0.2595486111111111,no_aoi,/Users/rajiv/Desktop/FinalYearProject-MARL/results/ablation_models/no_aoi/coordinated/qmix_seed102.onnx
No AoI term,102,1010,volatile,coordinated,67.16533333333336,0.5167464114832536,0.4832535885167464,13.295840000000078,27.87536673639651,0.025418606546103603,7.991319444444445,33.0,55.0,65.0,0.9351851851851853,0.48325358851674655,262,311,0,49,841,311,0.2699652777777778,no_aoi,/Users/rajiv/Desktop/FinalYearProject-MARL/results/ablation_models/no_aoi/coordinated/qmix_seed102.onnx
No AoI term,102,1011,volatile,coordinated,7.881666666666719,0.4343891402714932,0.5656108597285068,13.195840000000013,27.8041058670549,0.012485235042954127,9.552083333333334,41.0,60.0,49.0,0.8790509259259259,0.38185017596782306,260,295,0,35,857,295,0.2560763888888889,no_aoi,/Users/rajiv/Desktop/FinalYearProject-MARL/results/ablation_models/no_aoi/coordinated/qmix_seed102.onnx
No AoI term,102,1012,volatile,coordinated,-6.855333333333375,0.417910447761194,0.582089552238806,14.045840000000037,27.719253047701116,0.06005862797976727,8.69704861111111,40.450000000000045,62.0,63.0,0.8842592592592593,0.3695411829740188,277,322,0,45,830,322,0.2795138888888889,no_aoi,/Users/rajiv/Desktop/FinalYearProject-MARL/results/ablation_models/no_aoi/coordinated/qmix_seed102.onnx
No AoI term,102,1013,volatile,coordinated,-5.216999999999997,0.4393063583815029,0.5606936416184971,13.445840000000093,27.505443767934835,0.02427103062352735,8.9140625,38.0,62.0,50.0,0.9288194444444444,0.4080362877328195,265,302,0,37,850,302,0.2621527777777778,no_aoi,/Users/rajiv/Desktop/FinalYearProject-MARL/results/ablation_models/no_aoi/coordinated/qmix_seed102.onnx
No AoI term,102,1014,volatile,coordinated,35.12399999999999,0.5508474576271186,0.4491525423728814,11.945839999999974,27.16643055612605,0.02016395091787946,7.745659722222222,31.0,56.0,50.0,0.9644097222222222,0.5312426435969868,235,273,0,38,879,273,0.23697916666666666,no_aoi,/Users/rajiv/Desktop/FinalYearProject-MARL/results/ablation_models/no_aoi/coordinated/qmix_seed102.onnx
No AoI term,102,1015,volatile,coordinated,58.978333333333296,0.5506329113924051,0.4493670886075949,13.345840000000061,27.984652380248956,0.01342694101183026,7.7265625,32.0,55.0,53.0,0.9655671296296298,0.5316730397327709,263,303,0,40,849,303,0.2630208333333333,no_aoi,/Users/rajiv/Desktop/FinalYearProject-MARL/results/ablation_models/no_aoi/coordinated/qmix_seed102.onnx
No AoI term,102,1016,volatile,coordinated,95.45333333333328,0.5017667844522968,0.49823321554770317,14.245840000000063,27.74034214332949,0.015912217320134828,8.30642361111111,38.0,65.0,65.0,0.917824074074074,0.46053363434105477,281,346,0,65,806,346,0.3003472222222222,no_aoi,/Users/rajiv/Desktop/FinalYearProject-MARL/results/ablation_models/no_aoi/coordinated/qmix_seed102.onnx
No AoI term,102,1017,volatile,coordinated,70.39000000000004,0.47079037800687284,0.5292096219931272,13.54584000000011,27.7096812165475,0.028693633946841934,9.553819444444445,41.0,62.0,68.0,0.8793402777777778,0.41398494177166856,267,321,0,54,831,321,0.2786458333333333,no_aoi,/Users/rajiv/Desktop/FinalYearProject-MARL/results/ablation_models/no_aoi/coordinated/qmix_seed102.onnx
No AoI term,102,1018,volatile,coordinated,138.94266666666658,0.5892857142857143,0.4107142857142857,14.945840000000086,27.811885286899123,0.021861688006502053,8.293402777777779,38.0,59.0,66.0,0.9615162037037036,0.5666077628968254,295,356,0,61,796,356,0.3090277777777778,no_aoi,/Users/rajiv/Desktop/FinalYearProject-MARL/results/ablation_models/no_aoi/coordinated/qmix_seed102.onnx
No AoI term,102,1019,volatile,coordinated,35.636666666666656,0.47368421052631576,0.5263157894736843,12.695840000000024,28.392817341526957,0.02604512744833523,8.842881944444445,40.0,66.0,49.0,0.9311342592592591,0.44106359649122795,250,291,0,41,861,291,0.2526041666666667,no_aoi,/Users/rajiv/Desktop/FinalYearProject-MARL/results/ablation_models/no_aoi/coordinated/qmix_seed102.onnx
No AoI term,102,1020,volatile,coordinated,41.593000000000046,0.4666666666666667,0.5333333333333333,13.395840000000042,27.540248359265487,0.025933077184226973,7.681423611111111,32.0,46.0,66.0,0.9288194444444444,0.43344907407407407,264,332,0,68,820,332,0.2881944444444444,no_aoi,/Users/rajiv/Desktop/FinalYearProject-MARL/results/ablation_models/no_aoi/coordinated/qmix_seed102.onnx
No AoI term,102,1021,volatile,coordinated,45.17199999999999,0.47577092511013214,0.5242290748898679,13.29584000000002,27.668333776553673,0.02209336883746179,7.886284722222222,36.0,55.0,64.0,0.9366319444444444,0.44562224669603523,262,321,0,59,831,321,0.2786458333333333,no_aoi,/Users/rajiv/Desktop/FinalYearProject-MARL/results/ablation_models/no_aoi/coordinated/qmix_seed102.onnx
No AoI term,102,1022,volatile,coordinated,60.513000000000055,0.4975845410628019,0.5024154589371981,13.69584000000004,27.780487312650067,0.029872616058286217,8.700520833333334,39.450000000000045,64.0,53.0,0.9201388888888888,0.45784688674181423,270,302,0,32,850,302,0.2621527777777778,no_aoi,/Users/rajiv/Desktop/FinalYearProject-MARL/results/ablation_models/no_aoi/coordinated/qmix_seed102.onnx
No AoI term,102,1023,volatile,coordinated,71.4153333333332,0.5103092783505154,0.4896907216494846,13.495840000000051,28.173412349677125,0.037570429213094496,10.163194444444445,42.0,62.0,41.0,0.9369212962962963,0.4781196305841924,266,300,0,34,852,300,0.2604166666666667,no_aoi,/Users/rajiv/Desktop/FinalYearProject-MARL/results/ablation_models/no_aoi/coordinated/qmix_seed102.onnx
No AoI term,102,1024,volatile,coordinated,68.43933333333331,0.6239316239316239,0.37606837606837606,13.095840000000061,27.734086011533236,0.11407244297583378,7.053819444444445,28.0,48.0,48.0,0.9777199074074073,0.6100303695789806,258,291,0,33,861,291,0.2526041666666667,no_aoi,/Users/rajiv/Desktop/FinalYearProject-MARL/results/ablation_models/no_aoi/coordinated/qmix_seed102.onnx
No AoI term,102,1025,volatile,coordinated,-5.557333333333315,0.40875912408759124,0.5912408759124088,13.695840000000063,27.631273780374894,0.02452295708420463,7.003472222222222,29.450000000000045,48.0,60.0,0.8990162037037036,0.3674810759664774,270,325,0,55,827,325,0.2821180555555556,no_aoi,/Users/rajiv/Desktop/FinalYearProject-MARL/results/ablation_models/no_aoi/coordinated/qmix_seed102.onnx
No AoI term,102,1026,volatile,coordinated,-12.886666666666688,0.427536231884058,0.572463768115942,12.64584000000005,28.031244741185912,0.00832694600411571,8.243055555555555,33.0,48.0,41.0,0.9447337962962964,0.4039079274020398,249,276,0,27,876,276,0.23958333333333334,no_aoi,/Users/rajiv/Desktop/FinalYearProject-MARL/results/ablation_models/no_aoi/coordinated/qmix_seed102.onnx
No AoI term,102,1027,volatile,coordinated,51.517333333333355,0.5328947368421053,0.4671052631578947,12.945840000000048,27.875509386714086,0.022276806531550352,9.086805555555555,35.0,57.0,47.0,0.964699074074074,0.5140830592105263,255,290,0,35,862,290,0.2517361111111111,no_aoi,/Users/rajiv/Desktop/FinalYearProject-MARL/results/ablation_models/no_aoi/coordinated/qmix_seed102.onnx
No AoI term,102,1028,volatile,coordinated,42.696999999999974,0.5231788079470199,0.4768211920529801,13.145840000000058,27.621479294635346,0.02023424176474707,8.10763888888889,33.0,63.0,50.0,0.9678819444444444,0.5063753219278881,259,299,0,40,853,299,0.2595486111111111,no_aoi,/Users/rajiv/Desktop/FinalYearProject-MARL/results/ablation_models/no_aoi/coordinated/qmix_seed102.onnx
No AoI term,102,1029,volatile,coordinated,47.05066666666664,0.4838709677419355,0.5161290322580645,13.945840000000064,27.800474848912,0.031081113755072526,7.868923611111111,33.0,60.0,54.0,0.9276620370370369,0.4488687275985662,275,332,0,57,820,332,0.2881944444444444,no_aoi,/Users/rajiv/Desktop/FinalYearProject-MARL/results/ablation_models/no_aoi/coordinated/qmix_seed102.onnx
No AoI term,102,1030,volatile,coordinated,59.93166666666663,0.49783549783549785,0.5021645021645021,14.44584000000009,27.873481980284083,0.03046608267507725,7.743055555555555,34.0,57.0,58.0,0.921585648148148,0.45879804994388323,285,347,0,62,805,347,0.3012152777777778,no_aoi,/Users/rajiv/Desktop/FinalYearProject-MARL/results/ablation_models/no_aoi/coordinated/qmix_seed102.onnx
No AoI term,103,1001,volatile,coordinated,77.50566666666667,0.48514851485148514,0.5148514851485149,13.245840000000022,27.869978979177933,0.012236548598728537,7.730034722222222,32.0,48.0,73.0,0.9016203703703705,0.4374197836450312,261,329,0,68,823,329,0.2855902777777778,no_aoi,/Users/rajiv/Desktop/FinalYearProject-MARL/results/ablation_models/no_aoi/coordinated/qmix_seed103.onnx
No AoI term,103,1002,volatile,coordinated,153.00966666666656,0.5692883895131086,0.43071161048689144,14.595840000000127,28.196069389932298,0.022707166705631276,7.402777777777778,32.450000000000045,60.0,69.0,0.9606481481481483,0.5468858371480094,288,353,0,65,799,353,0.3064236111111111,no_aoi,/Users/rajiv/Desktop/FinalYearProject-MARL/results/ablation_models/no_aoi/coordinated/qmix_seed103.onnx
No AoI term,103,1003,volatile,coordinated,54.76833333333332,0.53125,0.46875,12.295840000000005,28.045742792782573,0.07447185455486559,7.454861111111111,29.0,50.0,44.0,0.9603587962962964,0.5101906105324074,242,278,0,36,874,278,0.24131944444444445,no_aoi,/Users/rajiv/Desktop/FinalYearProject-MARL/results/ablation_models/no_aoi/coordinated/qmix_seed103.onnx
No AoI term,103,1004,volatile,coordinated,116.72433333333325,0.5236363636363637,0.4763636363636363,13.7458400000001,27.778055887166204,0.027873969793080784,8.815104166666666,41.0,66.0,67.0,0.902199074074074,0.4724242424242424,271,332,0,61,820,332,0.2881944444444444,no_aoi,/Users/rajiv/Desktop/FinalYearProject-MARL/results/ablation_models/no_aoi/coordinated/qmix_seed103.onnx
No AoI term,103,1005,volatile,coordinated,100.69900000000008,0.542016806722689,0.45798319327731096,12.24583999999999,27.612860050191575,0.023667234942371773,9.598090277777779,40.0,66.0,66.0,0.9513888888888888,0.5156687675070027,241,290,0,49,862,290,0.2517361111111111,no_aoi,/Users/rajiv/Desktop/FinalYearProject-MARL/results/ablation_models/no_aoi/coordinated/qmix_seed103.onnx
No AoI term,103,1006,volatile,coordinated,34.822333333333376,0.4474708171206226,0.5525291828793775,13.495840000000063,27.73702749384593,0.007139411004163031,7.269097222222222,31.0,51.0,41.0,0.8961226851851851,0.40098875018014124,266,305,0,39,847,305,0.2647569444444444,no_aoi,/Users/rajiv/Desktop/FinalYearProject-MARL/results/ablation_models/no_aoi/coordinated/qmix_seed103.onnx
No AoI term,103,1007,volatile,coordinated,36.52100000000001,0.46443514644351463,0.5355648535564854,12.945840000000036,27.847617605125972,0.009416903443216319,7.053819444444445,26.450000000000045,52.0,57.0,0.8940972222222222,0.41525017433751743,255,305,0,50,847,305,0.2647569444444444,no_aoi,/Users/rajiv/Desktop/FinalYearProject-MARL/results/ablation_models/no_aoi/coordinated/qmix_seed103.onnx
No AoI term,103,1008,volatile,coordinated,-28.009666666666675,0.3915343915343915,0.6084656084656085,11.04583999999996,27.8133897866608,0.011674209761414981,7.932291666666667,30.0,63.0,44.0,0.8900462962962963,0.3484837350578091,217,249,0,32,903,249,0.21614583333333334,no_aoi,/Users/rajiv/Desktop/FinalYearProject-MARL/results/ablation_models/no_aoi/coordinated/qmix_seed103.onnx
No AoI term,103,1009,volatile,coordinated,11.633333333333335,0.43349753694581283,0.5665024630541872,12.04583999999999,27.585351449882772,0.012991358712205676,7.894097222222222,31.0,54.0,46.0,0.9386574074074073,0.4069056741470534,237,282,0,45,870,282,0.24479166666666666,no_aoi,/Users/rajiv/Desktop/FinalYearProject-MARL/results/ablation_models/no_aoi/coordinated/qmix_seed103.onnx
No AoI term,103,1010,volatile,coordinated,79.31399999999996,0.5311004784688995,0.4688995215311005,13.045840000000078,27.87536673639651,0.02541860654610359,6.547743055555555,25.0,51.0,72.0,0.9470486111111112,0.5029779704944178,257,310,0,53,842,310,0.2690972222222222,no_aoi,/Users/rajiv/Desktop/FinalYearProject-MARL/results/ablation_models/no_aoi/coordinated/qmix_seed103.onnx
No AoI term,103,1011,volatile,coordinated,46.893000000000036,0.4841628959276018,0.5158371040723981,12.695839999999993,27.8041058670549,0.012485235042954092,8.272569444444445,34.0,53.0,60.0,0.8923611111111112,0.432048139768728,250,287,0,37,865,287,0.24913194444444445,no_aoi,/Users/rajiv/Desktop/FinalYearProject-MARL/results/ablation_models/no_aoi/coordinated/qmix_seed103.onnx
No AoI term,103,1012,volatile,coordinated,30.805999999999905,0.45149253731343286,0.5485074626865671,13.495840000000037,27.719253047701116,0.12259406115200655,8.0,37.0,61.0,60.0,0.8923611111111112,0.40289438225538976,266,306,0,40,846,306,0.265625,no_aoi,/Users/rajiv/Desktop/FinalYearProject-MARL/results/ablation_models/no_aoi/coordinated/qmix_seed103.onnx
No AoI term,103,1013,volatile,coordinated,54.407,0.5202312138728323,0.47976878612716767,12.895840000000096,27.505443767934835,0.12427103062352723,8.67795138888889,40.0,62.0,48.0,0.9548611111111112,0.4967485549132948,254,283,0,29,869,283,0.2456597222222222,no_aoi,/Users/rajiv/Desktop/FinalYearProject-MARL/results/ablation_models/no_aoi/coordinated/qmix_seed103.onnx
No AoI term,103,1014,volatile,coordinated,49.64100000000001,0.5677966101694916,0.43220338983050843,10.645839999999948,27.16643055612605,0.19749295137630304,8.202256944444445,31.0,55.0,40.0,0.9618055555555556,0.546109934086629,209,235,0,26,917,235,0.20399305555555555,no_aoi,/Users/rajiv/Desktop/FinalYearProject-MARL/results/ablation_models/no_aoi/coordinated/qmix_seed103.onnx
No AoI term,103,1015,volatile,coordinated,76.90733333333323,0.569620253164557,0.430379746835443,12.695840000000079,27.984652380248956,0.07537350222572245,6.735243055555555,26.0,58.0,48.0,0.9725115740740742,0.5539622890295359,250,285,0,35,867,285,0.24739583333333334,no_aoi,/Users/rajiv/Desktop/FinalYearProject-MARL/results/ablation_models/no_aoi/coordinated/qmix_seed103.onnx
No AoI term,103,1016,volatile,coordinated,129.8146666666666,0.5300353356890459,0.46996466431095407,14.045840000000066,27.74034214332949,0.02765989087092891,6.638020833333333,29.0,56.0,60.0,0.9224537037037036,0.48893305850019625,277,338,0,61,814,338,0.2934027777777778,no_aoi,/Users/rajiv/Desktop/FinalYearProject-MARL/results/ablation_models/no_aoi/coordinated/qmix_seed103.onnx
No AoI term,103,1017,volatile,coordinated,76.87000000000006,0.48109965635738833,0.5189003436426116,13.145840000000096,27.7096812165475,0.018951934727622383,8.698784722222221,34.0,52.0,76.0,0.8776041666666666,0.4222150630011455,259,325,0,66,827,325,0.2821180555555556,no_aoi,/Users/rajiv/Desktop/FinalYearProject-MARL/results/ablation_models/no_aoi/coordinated/qmix_seed103.onnx
No AoI term,103,1018,volatile,coordinated,148.30566666666664,0.6026785714285714,0.3973214285714286,14.195840000000093,27.811885286899123,0.15540935039287085,6.2578125,28.0,47.0,78.0,0.9693287037037036,0.5841936383928571,280,352,0,72,800,352,0.3055555555555556,no_aoi,/Users/rajiv/Desktop/FinalYearProject-MARL/results/ablation_models/no_aoi/coordinated/qmix_seed103.onnx
No AoI term,103,1019,volatile,coordinated,36.08166666666668,0.47368421052631576,0.5263157894736843,12.195840000000006,28.392817341526957,0.08854512744833518,6.538194444444445,27.0,53.0,55.0,0.9346064814814814,0.44270833333333326,240,291,0,51,861,291,0.2526041666666667,no_aoi,/Users/rajiv/Desktop/FinalYearProject-MARL/results/ablation_models/no_aoi/coordinated/qmix_seed103.onnx
No AoI term,103,1020,volatile,coordinated,53.68200000000003,0.4745098039215686,0.5254901960784314,12.845840000000027,27.540248359265487,0.035330577184226865,7.423611111111111,32.0,47.0,62.0,0.9305555555555556,0.441557734204793,253,309,0,56,843,309,0.2682291666666667,no_aoi,/Users/rajiv/Desktop/FinalYearProject-MARL/results/ablation_models/no_aoi/coordinated/qmix_seed103.onnx
No AoI term,103,1021,volatile,coordinated,92.94066666666671,0.5286343612334802,0.4713656387665198,12.395840000000005,27.668333776553673,0.022458496308364544,8.328993055555555,36.450000000000045,63.0,58.0,0.9398148148148149,0.4968184043073911,244,298,0,54,854,298,0.2586805555555556,no_aoi,/Users/rajiv/Desktop/FinalYearProject-MARL/results/ablation_models/no_aoi/coordinated/qmix_seed103.onnx
No AoI term,103,1022,volatile,coordinated,65.99233333333329,0.4975845410628019,0.5024154589371981,12.595840000000026,27.780487312650067,0.10487261605828621,9.086805555555555,38.450000000000045,66.0,48.0,0.9230324074074073,0.45928665682590797,248,276,0,28,876,276,0.23958333333333334,no_aoi,/Users/rajiv/Desktop/FinalYearProject-MARL/results/ablation_models/no_aoi/coordinated/qmix_seed103.onnx
No AoI term,103,1023,volatile,coordinated,99.60333333333338,0.5463917525773195,0.45360824742268047,12.595840000000004,28.173412349677125,0.024948433038942043,9.940972222222221,39.450000000000045,59.0,41.0,0.941261574074074,0.5142975610920197,248,277,0,29,875,277,0.2404513888888889,no_aoi,/Users/rajiv/Desktop/FinalYearProject-MARL/results/ablation_models/no_aoi/coordinated/qmix_seed103.onnx
No AoI term,103,1024,volatile,coordinated,90.72199999999985,0.6666666666666666,0.33333333333333337,11.695840000000045,27.734086011533236,0.32657244297583365,6.372395833333333,24.0,42.0,44.0,0.9765625,0.6510416666666666,230,267,0,37,885,267,0.23177083333333334,no_aoi,/Users/rajiv/Desktop/FinalYearProject-MARL/results/ablation_models/no_aoi/coordinated/qmix_seed103.onnx
No AoI term,103,1025,volatile,coordinated,33.72066666666667,0.44525547445255476,0.5547445255474452,13.245840000000044,27.631273780374894,0.02383876491162797,5.827256944444445,24.0,39.0,63.0,0.9120370370370371,0.4060894836442282,261,318,0,57,834,318,0.2760416666666667,no_aoi,/Users/rajiv/Desktop/FinalYearProject-MARL/results/ablation_models/no_aoi/coordinated/qmix_seed103.onnx
No AoI term,103,1026,volatile,coordinated,35.43466666666669,0.5144927536231884,0.48550724637681164,11.695839999999983,28.031244741185912,0.011118481902574985,7.950520833333333,30.0,68.0,42.0,0.9606481481481483,0.4942465110037574,230,258,0,28,894,258,0.22395833333333334,no_aoi,/Users/rajiv/Desktop/FinalYearProject-MARL/results/ablation_models/no_aoi/coordinated/qmix_seed103.onnx
No AoI term,103,1027,volatile,coordinated,67.21033333333335,0.5526315789473685,0.4473684210526315,12.095840000000003,27.875509386714086,0.021940683421545787,8.005208333333334,31.450000000000045,56.0,48.0,0.9751157407407409,0.5388797514619884,238,275,0,37,877,275,0.2387152777777778,no_aoi,/Users/rajiv/Desktop/FinalYearProject-MARL/results/ablation_models/no_aoi/coordinated/qmix_seed103.onnx
No AoI term,103,1028,volatile,coordinated,34.60433333333331,0.4966887417218543,0.5033112582781457,11.895840000000053,27.621479294635346,0.17023424176474708,8.952256944444445,37.450000000000045,61.0,42.0,0.9664351851851851,0.48001747608535683,234,266,0,32,886,266,0.2309027777777778,no_aoi,/Users/rajiv/Desktop/FinalYearProject-MARL/results/ablation_models/no_aoi/coordinated/qmix_seed103.onnx
No AoI term,103,1029,volatile,coordinated,79.2366666666667,0.5161290322580645,0.4838709677419355,12.545840000000048,27.800474848912,0.09358111375507247,6.2890625,25.0,48.0,58.0,0.9441550925925924,0.48730585424133804,247,300,0,53,852,300,0.2604166666666667,no_aoi,/Users/rajiv/Desktop/FinalYearProject-MARL/results/ablation_models/no_aoi/coordinated/qmix_seed103.onnx
No AoI term,103,1030,volatile,coordinated,73.85066666666664,0.5151515151515151,0.48484848484848486,13.145840000000048,27.873481980284083,0.03046608267507719,7.611111111111111,35.0,73.0,62.0,0.9172453703703705,0.472520342312009,259,319,0,60,833,319,0.2769097222222222,no_aoi,/Users/rajiv/Desktop/FinalYearProject-MARL/results/ablation_models/no_aoi/coordinated/qmix_seed103.onnx
No energy term,101,1001,volatile,coordinated,-55.40000000000006,0.38613861386138615,0.6138613861386139,16.345840000000116,27.869978979177933,0.02107894091934868,11.283854166666666,45.0,60.0,89.0,0.8854166666666666,0.34189356435643564,323,442,0,119,710,442,0.3836805555555556,no_energy,/Users/rajiv/Desktop/FinalYearProject-MARL/results/ablation_models/no_energy/coordinated/qmix_seed101.onnx
No energy term,101,1002,volatile,coordinated,18.818000000000016,0.45692883895131087,0.5430711610486891,17.19584000000016,28.196069389932298,0.020211719016068014,11.877604166666666,49.0,65.0,88.0,0.9357638888888888,0.42757750728256344,340,430,0,90,722,430,0.3732638888888889,no_energy,/Users/rajiv/Desktop/FinalYearProject-MARL/results/ablation_models/no_energy/coordinated/qmix_seed101.onnx
No energy term,101,1003,volatile,coordinated,-63.89300000000002,0.3875,0.6125,16.795840000000158,28.045742792782573,0.012245984935862719,11.491319444444445,46.0,62.0,67.0,0.9270833333333334,0.3592447916666667,332,405,0,73,747,405,0.3515625,no_energy,/Users/rajiv/Desktop/FinalYearProject-MARL/results/ablation_models/no_energy/coordinated/qmix_seed101.onnx
No energy term,101,1004,volatile,coordinated,-74.69333333333336,0.36363636363636365,0.6363636363636364,16.595840000000145,27.778055887166204,0.03293759940050692,11.74392361111111,48.0,68.0,80.0,0.8425925925925927,0.30639730639730645,328,438,0,110,714,438,0.3802083333333333,no_energy,/Users/rajiv/Desktop/FinalYearProject-MARL/results/ablation_models/no_energy/coordinated/qmix_seed101.onnx
No energy term,101,1005,volatile,coordinated,-44.53533333333331,0.40336134453781514,0.5966386554621849,16.195840000000114,27.612860050191575,0.013332727952500366,11.456597222222221,47.0,63.0,65.0,0.8938078703703702,0.3605275443510737,320,406,0,86,746,406,0.3524305555555556,no_energy,/Users/rajiv/Desktop/FinalYearProject-MARL/results/ablation_models/no_energy/coordinated/qmix_seed101.onnx
No energy term,101,1006,volatile,coordinated,-122.27733333333342,0.32684824902723736,0.6731517509727627,16.69584000000013,27.73702749384593,0.01570091578008305,11.354166666666666,46.0,64.0,77.0,0.8521412037037037,0.27852086035451795,330,440,0,110,712,440,0.3819444444444444,no_energy,/Users/rajiv/Desktop/FinalYearProject-MARL/results/ablation_models/no_energy/coordinated/qmix_seed101.onnx
No energy term,101,1007,volatile,coordinated,-130.9693333333333,0.30962343096234307,0.6903765690376569,17.295840000000158,27.847617605125972,0.01566043829271116,10.671006944444445,43.0,63.0,68.0,0.8373842592592592,0.25927378738571205,342,427,0,85,725,427,0.3706597222222222,no_energy,/Users/rajiv/Desktop/FinalYearProject-MARL/results/ablation_models/no_energy/coordinated/qmix_seed101.onnx
No energy term,101,1008,volatile,coordinated,-132.2900000000001,0.2857142857142857,0.7142857142857143,16.195840000000135,27.8133897866608,0.01238854545872679,12.216145833333334,46.450000000000045,69.0,69.0,0.8784722222222222,0.2509920634920635,320,387,0,67,765,387,0.3359375,no_energy,/Users/rajiv/Desktop/FinalYearProject-MARL/results/ablation_models/no_energy/coordinated/qmix_seed101.onnx
No energy term,101,1009,volatile,coordinated,-105.272,0.3251231527093596,0.6748768472906403,16.445840000000114,27.585351449882772,0.01431379189554084,12.74826388888889,48.0,65.0,56.0,0.8741319444444444,0.28420053366174053,325,393,0,68,759,393,0.3411458333333333,no_energy,/Users/rajiv/Desktop/FinalYearProject-MARL/results/ablation_models/no_energy/coordinated/qmix_seed101.onnx
No energy term,101,1010,volatile,coordinated,-29.900666666666677,0.41626794258373206,0.5837320574162679,16.295840000000133,27.87536673639651,0.018972006686958066,12.64670138888889,50.0,68.0,79.0,0.9212962962962964,0.3835061137692717,322,388,0,66,764,388,0.3368055555555556,no_energy,/Users/rajiv/Desktop/FinalYearProject-MARL/results/ablation_models/no_energy/coordinated/qmix_seed101.onnx
No energy term,101,1011,volatile,coordinated,-120.30933333333353,0.33031674208144796,0.6696832579185521,16.79584000000013,27.8041058670549,0.03596948162975971,12.198784722222221,47.0,61.0,85.0,0.8347800925925926,0.27574184053963463,332,435,0,103,717,435,0.3776041666666667,no_energy,/Users/rajiv/Desktop/FinalYearProject-MARL/results/ablation_models/no_energy/coordinated/qmix_seed101.onnx
No energy term,101,1012,volatile,coordinated,-126.45299999999985,0.332089552238806,0.667910447761194,17.395840000000142,27.719253047701116,0.023055098413760692,11.063368055555555,47.450000000000045,64.0,91.0,0.8489583333333334,0.2819301927860697,344,446,0,102,706,446,0.3871527777777778,no_energy,/Users/rajiv/Desktop/FinalYearProject-MARL/results/ablation_models/no_energy/coordinated/qmix_seed101.onnx
No energy term,101,1013,volatile,coordinated,-69.84100000000002,0.3583815028901734,0.6416184971098267,16.34584000000015,27.505443767934835,0.031184965194499634,12.676215277777779,51.0,69.0,53.0,0.9201388888888888,0.32976075786769427,323,379,0,56,773,379,0.3289930555555556,no_energy,/Users/rajiv/Desktop/FinalYearProject-MARL/results/ablation_models/no_energy/coordinated/qmix_seed101.onnx
No energy term,101,1014,volatile,coordinated,-37.27866666666669,0.4406779661016949,0.5593220338983051,15.845840000000118,27.16643055612605,0.012132293319084528,11.881944444444445,48.0,61.0,64.0,0.9490740740740742,0.41823603264281234,313,383,0,70,769,383,0.3324652777777778,no_energy,/Users/rajiv/Desktop/FinalYearProject-MARL/results/ablation_models/no_energy/coordinated/qmix_seed101.onnx
No energy term,101,1015,volatile,coordinated,-48.49166666666672,0.41139240506329117,0.5886075949367089,16.195840000000103,27.984652380248956,0.019066884564360863,11.776909722222221,48.0,66.0,72.0,0.9369212962962963,0.3854423054383498,320,387,0,67,765,387,0.3359375,no_energy,/Users/rajiv/Desktop/FinalYearProject-MARL/results/ablation_models/no_energy/coordinated/qmix_seed101.onnx
No energy term,101,1016,volatile,coordinated,-43.36899999999995,0.4028268551236749,0.5971731448763251,17.045840000000126,27.74034214332949,0.012242288460555771,10.5390625,44.0,64.0,92.0,0.8723958333333334,0.3514244699646643,337,463,0,126,689,463,0.4019097222222222,no_energy,/Users/rajiv/Desktop/FinalYearProject-MARL/results/ablation_models/no_energy/coordinated/qmix_seed101.onnx
No energy term,101,1017,volatile,coordinated,-89.9983333333334,0.35051546391752575,0.6494845360824743,16.29584000000013,27.7096812165475,0.01032761155000753,11.702256944444445,46.0,61.0,99.0,0.8530092592592593,0.2989929362352043,322,445,0,123,707,445,0.3862847222222222,no_energy,/Users/rajiv/Desktop/FinalYearProject-MARL/results/ablation_models/no_energy/coordinated/qmix_seed101.onnx
No energy term,101,1018,volatile,coordinated,6.345666666666668,0.46875,0.53125,17.895840000000163,27.811885286899123,0.024149682504684775,11.495659722222221,49.0,66.0,105.0,0.9415509259259258,0.44135199652777773,354,451,0,97,701,451,0.3914930555555556,no_energy,/Users/rajiv/Desktop/FinalYearProject-MARL/results/ablation_models/no_energy/coordinated/qmix_seed101.onnx
No energy term,101,1019,volatile,coordinated,-88.21666666666664,0.34210526315789475,0.6578947368421053,15.945840000000093,28.392817341526957,0.01239261169079723,11.160590277777779,46.0,61.0,73.0,0.9004629629629629,0.30805311890838205,315,420,0,105,732,420,0.3645833333333333,no_energy,/Users/rajiv/Desktop/FinalYearProject-MARL/results/ablation_models/no_energy/coordinated/qmix_seed101.onnx
No energy term,101,1020,volatile,coordinated,-52.9733333333333,0.38823529411764707,0.611764705882353,16.595840000000127,27.540248359265487,0.016030182292228325,11.79513888888889,46.0,66.0,77.0,0.9076967592592593,0.3523999183006536,328,417,0,89,735,417,0.3619791666666667,no_energy,/Users/rajiv/Desktop/FinalYearProject-MARL/results/ablation_models/no_energy/coordinated/qmix_seed101.onnx
No energy term,101,1021,volatile,coordinated,-87.63499999999999,0.3524229074889868,0.6475770925110131,16.94584000000013,27.668333776553673,0.011527611923678443,11.6484375,47.0,64.0,75.0,0.8854166666666666,0.3120411160058737,335,426,0,91,726,426,0.3697916666666667,no_energy,/Users/rajiv/Desktop/FinalYearProject-MARL/results/ablation_models/no_energy/coordinated/qmix_seed101.onnx
No energy term,101,1022,volatile,coordinated,-84.46266666666672,0.34299516908212563,0.6570048309178744,16.64584000000012,27.780487312650067,0.02088217516518575,12.069444444444445,48.0,66.0,61.0,0.8640046296296295,0.2963494140275541,329,394,0,65,758,394,0.3420138888888889,no_energy,/Users/rajiv/Desktop/FinalYearProject-MARL/results/ablation_models/no_energy/coordinated/qmix_seed101.onnx
No energy term,101,1023,volatile,coordinated,-90.07266666666666,0.36597938144329895,0.634020618556701,15.89584000000008,28.173412349677125,0.028999611252622026,11.339409722222221,46.0,62.0,102.0,0.8735532407407407,0.31970247470408547,314,434,0,120,718,434,0.3767361111111111,no_energy,/Users/rajiv/Desktop/FinalYearProject-MARL/results/ablation_models/no_energy/coordinated/qmix_seed101.onnx
No energy term,101,1024,volatile,coordinated,7.795999999999999,0.5470085470085471,0.45299145299145294,16.44584000000014,27.734086011533236,0.022564486539585357,10.6875,44.0,62.0,70.0,0.9670138888888888,0.5289648622981956,325,402,0,77,750,402,0.3489583333333333,no_energy,/Users/rajiv/Desktop/FinalYearProject-MARL/results/ablation_models/no_energy/coordinated/qmix_seed101.onnx
No energy term,101,1025,volatile,coordinated,-165.07933333333332,0.291970802919708,0.708029197080292,16.495840000000122,27.631273780374894,0.02041370791333763,10.6171875,43.0,62.0,95.0,0.8425925925925927,0.2460124357934577,326,423,0,97,729,423,0.3671875,no_energy,/Users/rajiv/Desktop/FinalYearProject-MARL/results/ablation_models/no_energy/coordinated/qmix_seed101.onnx
No energy term,101,1026,volatile,coordinated,-142.51433333333333,0.2608695652173913,0.7391304347826086,16.09584000000012,28.031244741185912,0.0056150076184914785,12.221354166666666,46.0,65.0,76.0,0.8912037037037037,0.23248792270531402,318,396,0,78,756,396,0.34375,no_energy,/Users/rajiv/Desktop/FinalYearProject-MARL/results/ablation_models/no_energy/coordinated/qmix_seed101.onnx
No energy term,101,1027,volatile,coordinated,-67.60499999999993,0.3618421052631579,0.638157894736842,15.645840000000092,27.875509386714086,0.027751031008008815,13.197916666666666,51.0,68.0,62.0,0.9357638888888888,0.33859877558479534,309,370,0,61,782,370,0.3211805555555556,no_energy,/Users/rajiv/Desktop/FinalYearProject-MARL/results/ablation_models/no_energy/coordinated/qmix_seed101.onnx
No energy term,101,1028,volatile,coordinated,-58.828000000000024,0.40397350993377484,0.5960264900662251,17.54584000000017,27.621479294635346,0.017368060270696126,11.606770833333334,46.0,63.0,82.0,0.9470486111111112,0.38258255150846215,347,426,0,79,726,426,0.3697916666666667,no_energy,/Users/rajiv/Desktop/FinalYearProject-MARL/results/ablation_models/no_energy/coordinated/qmix_seed101.onnx
No energy term,101,1029,volatile,coordinated,-17.08000000000002,0.43317972350230416,0.5668202764976958,16.645840000000117,27.800474848912,0.020950420743080553,11.171875,48.0,68.0,69.0,0.9053819444444444,0.3921931003584229,329,415,0,86,737,415,0.3602430555555556,no_energy,/Users/rajiv/Desktop/FinalYearProject-MARL/results/ablation_models/no_energy/coordinated/qmix_seed101.onnx
No energy term,101,1030,volatile,coordinated,-35.82766666666669,0.4155844155844156,0.5844155844155844,16.895840000000145,27.873481980284083,0.0297841137721553,11.64236111111111,47.450000000000045,66.0,85.0,0.9100115740740742,0.37818662818662824,334,430,0,96,722,430,0.3732638888888889,no_energy,/Users/rajiv/Desktop/FinalYearProject-MARL/results/ablation_models/no_energy/coordinated/qmix_seed101.onnx
No energy term,102,1001,volatile,coordinated,62.11666666666663,0.47194719471947194,0.528052805280528,14.395840000000037,27.869978979177933,0.012236548598728528,8.24826388888889,35.0,53.0,72.0,0.9085648148148149,0.4287946155726684,284,362,0,78,790,362,0.3142361111111111,no_energy,/Users/rajiv/Desktop/FinalYearProject-MARL/results/ablation_models/no_energy/coordinated/qmix_seed102.onnx
No energy term,102,1002,volatile,coordinated,91.23866666666677,0.5168539325842697,0.4831460674157303,14.995840000000118,28.196069389932298,0.01885196068657565,8.808159722222221,40.0,63.0,74.0,0.9354745370370371,0.48350369330004167,296,368,0,72,784,368,0.3194444444444444,no_energy,/Users/rajiv/Desktop/FinalYearProject-MARL/results/ablation_models/no_energy/coordinated/qmix_seed102.onnx
No energy term,102,1003,volatile,coordinated,-1.4359999999999844,0.45625,0.54375,13.395840000000033,28.045742792782573,0.03174928052389589,8.34548611111111,33.0,61.0,51.0,0.9392361111111112,0.42852647569444446,264,315,0,51,837,315,0.2734375,no_energy,/Users/rajiv/Desktop/FinalYearProject-MARL/results/ablation_models/no_energy/coordinated/qmix_seed102.onnx
No energy term,102,1004,volatile,coordinated,71.26933333333335,0.4909090909090909,0.509090909090909,14.545840000000108,27.778055887166204,0.026763118293212297,8.37326388888889,37.0,58.0,78.0,0.8831018518518517,0.4335227272727272,287,366,0,79,786,366,0.3177083333333333,no_energy,/Users/rajiv/Desktop/FinalYearProject-MARL/results/ablation_models/no_energy/coordinated/qmix_seed102.onnx
No energy term,102,1005,volatile,coordinated,22.85966666666667,0.4495798319327731,0.5504201680672269,13.09584000000001,27.612860050191575,0.023667234942371808,9.557291666666666,42.0,59.0,53.0,0.9363425925925927,0.42096074540927486,258,320,0,62,832,320,0.2777777777777778,no_energy,/Users/rajiv/Desktop/FinalYearProject-MARL/results/ablation_models/no_energy/coordinated/qmix_seed102.onnx
No energy term,102,1006,volatile,coordinated,-16.184999999999974,0.40077821011673154,0.5992217898832685,14.545840000000085,27.73702749384593,0.001406877241827087,9.633680555555555,41.450000000000045,59.0,38.0,0.8776041666666666,0.3517246271076524,287,331,0,44,821,331,0.2873263888888889,no_energy,/Users/rajiv/Desktop/FinalYearProject-MARL/results/ablation_models/no_energy/coordinated/qmix_seed102.onnx
No energy term,102,1007,volatile,coordinated,-28.073333333333323,0.401673640167364,0.598326359832636,13.845840000000072,27.847617605125972,0.02111777363122251,7.494791666666667,31.0,49.0,65.0,0.8764467592592592,0.35204556020455596,273,330,0,57,822,330,0.2864583333333333,no_energy,/Users/rajiv/Desktop/FinalYearProject-MARL/results/ablation_models/no_energy/coordinated/qmix_seed102.onnx
No energy term,102,1008,volatile,coordinated,-74.45600000000007,0.3386243386243386,0.6613756613756614,12.745840000000001,27.8133897866608,0.013372810591625251,9.598958333333334,39.0,63.0,49.0,0.8810763888888888,0.29835390946502055,251,294,0,43,858,294,0.2552083333333333,no_energy,/Users/rajiv/Desktop/FinalYearProject-MARL/results/ablation_models/no_energy/coordinated/qmix_seed102.onnx
No energy term,102,1009,volatile,coordinated,-54.58566666666664,0.3694581280788177,0.6305418719211823,13.495840000000058,27.585351449882772,0.01838676113896129,7.855034722222222,33.0,51.0,62.0,0.9074074074074076,0.3352490421455939,266,320,0,54,832,320,0.2777777777777778,no_energy,/Users/rajiv/Desktop/FinalYearProject-MARL/results/ablation_models/no_energy/coordinated/qmix_seed102.onnx
No energy term,102,1010,volatile,coordinated,58.46933333333336,0.5119617224880383,0.4880382775119617,13.395840000000087,27.87536673639651,0.025418606546103624,8.43923611111111,34.450000000000045,55.0,71.0,0.9317129629629631,0.4770013733829524,264,318,0,54,834,318,0.2760416666666667,no_energy,/Users/rajiv/Desktop/FinalYearProject-MARL/results/ablation_models/no_energy/coordinated/qmix_seed102.onnx
No energy term,102,1011,volatile,coordinated,-20.588333333333367,0.4072398190045249,0.5927601809954751,13.795840000000023,27.8041058670549,0.025684396544480896,10.105902777777779,43.0,62.0,52.0,0.8668981481481481,0.3530354449472096,272,314,0,42,838,314,0.2725694444444444,no_energy,/Users/rajiv/Desktop/FinalYearProject-MARL/results/ablation_models/no_energy/coordinated/qmix_seed102.onnx
No energy term,102,1012,volatile,coordinated,-14.786333333333344,0.41044776119402987,0.5895522388059702,14.345840000000052,27.719253047701116,0.05583964414339769,9.19357638888889,42.0,63.0,61.0,0.8825231481481483,0.3622296503593146,283,331,0,48,821,331,0.2873263888888889,no_energy,/Users/rajiv/Desktop/FinalYearProject-MARL/results/ablation_models/no_energy/coordinated/qmix_seed102.onnx
No energy term,102,1013,volatile,coordinated,-10.515000000000036,0.43352601156069365,0.5664739884393064,13.845840000000091,27.505443767934835,0.023187448973232553,9.309027777777779,40.0,61.0,50.0,0.9270833333333334,0.4019147398843931,273,310,0,37,842,310,0.2690972222222222,no_energy,/Users/rajiv/Desktop/FinalYearProject-MARL/results/ablation_models/no_energy/coordinated/qmix_seed102.onnx
No energy term,102,1014,volatile,coordinated,16.641,0.5084745762711864,0.4915254237288136,12.39584,27.16643055612605,0.018575957839609646,9.842881944444445,39.450000000000045,56.0,43.0,0.9583333333333334,0.4872881355932203,244,277,0,33,875,277,0.2404513888888889,no_energy,/Users/rajiv/Desktop/FinalYearProject-MARL/results/ablation_models/no_energy/coordinated/qmix_seed102.onnx
No energy term,102,1015,volatile,coordinated,21.00399999999999,0.5,0.5,13.645840000000065,27.984652380248956,0.02022467754275671,8.84375,38.0,61.0,62.0,0.9513888888888888,0.4756944444444444,269,305,0,36,847,305,0.2647569444444444,no_energy,/Users/rajiv/Desktop/FinalYearProject-MARL/results/ablation_models/no_energy/coordinated/qmix_seed102.onnx
No energy term,102,1016,volatile,coordinated,78.0873333333333,0.4911660777385159,0.5088339222614842,14.69584000000007,27.74034214332949,0.018605311661808517,8.616319444444445,39.0,66.0,71.0,0.9082754629629629,0.4461140966496532,290,354,0,64,798,354,0.3072916666666667,no_energy,/Users/rajiv/Desktop/FinalYearProject-MARL/results/ablation_models/no_energy/coordinated/qmix_seed102.onnx
No energy term,102,1017,volatile,coordinated,15.264000000000037,0.422680412371134,0.5773195876288659,13.7958400000001,27.7096812165475,0.028693633946841993,11.01736111111111,45.0,61.0,66.0,0.8619791666666666,0.3643417096219931,272,326,0,54,826,326,0.2829861111111111,no_energy,/Users/rajiv/Desktop/FinalYearProject-MARL/results/ablation_models/no_energy/coordinated/qmix_seed102.onnx
No energy term,102,1018,volatile,coordinated,110.69866666666663,0.5625,0.4375,15.145840000000081,27.811885286899123,0.03132140149429645,9.672743055555555,43.0,61.0,67.0,0.945023148148148,0.5315755208333333,299,361,0,62,791,361,0.3133680555555556,no_energy,/Users/rajiv/Desktop/FinalYearProject-MARL/results/ablation_models/no_energy/coordinated/qmix_seed102.onnx
No energy term,102,1019,volatile,coordinated,27.117666666666686,0.4631578947368421,0.5368421052631579,12.945840000000032,28.392817341526957,0.014723949410049453,8.99826388888889,41.0,67.0,49.0,0.929398148148148,0.43045808966861593,255,300,0,45,852,300,0.2604166666666667,no_energy,/Users/rajiv/Desktop/FinalYearProject-MARL/results/ablation_models/no_energy/coordinated/qmix_seed102.onnx
No energy term,102,1020,volatile,coordinated,17.456999999999997,0.4470588235294118,0.5529411764705883,13.845840000000045,27.540248359265487,0.025933077184226987,8.20486111111111,35.450000000000045,53.0,70.0,0.9192708333333334,0.410968137254902,273,345,0,72,807,345,0.2994791666666667,no_energy,/Users/rajiv/Desktop/FinalYearProject-MARL/results/ablation_models/no_energy/coordinated/qmix_seed102.onnx
No energy term,102,1021,volatile,coordinated,23.95999999999999,0.4581497797356828,0.5418502202643172,13.79584000000004,27.668333776553673,0.013016314577269946,8.223090277777779,37.0,55.0,65.0,0.9201388888888888,0.42156142927068035,272,337,0,65,815,337,0.2925347222222222,no_energy,/Users/rajiv/Desktop/FinalYearProject-MARL/results/ablation_models/no_energy/coordinated/qmix_seed102.onnx
No energy term,102,1022,volatile,coordinated,-17.823333333333373,0.4106280193236715,0.5893719806763285,14.095840000000052,27.780487312650067,0.020945289585369786,9.43576388888889,41.0,63.0,58.0,0.8833912037037037,0.36274518026480584,278,316,0,38,836,316,0.2743055555555556,no_energy,/Users/rajiv/Desktop/FinalYearProject-MARL/results/ablation_models/no_energy/coordinated/qmix_seed102.onnx
No energy term,102,1023,volatile,coordinated,55.36633333333329,0.5,0.5,14.295840000000057,28.173412349677125,0.024948433038942078,10.152777777777779,42.0,60.0,49.0,0.925636574074074,0.462818287037037,282,318,0,36,834,318,0.2760416666666667,no_energy,/Users/rajiv/Desktop/FinalYearProject-MARL/results/ablation_models/no_energy/coordinated/qmix_seed102.onnx
No energy term,102,1024,volatile,coordinated,57.70066666666668,0.6153846153846154,0.3846153846153846,13.545840000000057,27.734086011533236,0.06569962599959883,7.827256944444445,33.450000000000045,54.0,56.0,0.9754050925925924,0.6002492877492877,267,308,0,41,844,308,0.2673611111111111,no_energy,/Users/rajiv/Desktop/FinalYearProject-MARL/results/ablation_models/no_energy/coordinated/qmix_seed102.onnx
No energy term,102,1025,volatile,coordinated,-33.16666666666668,0.3905109489051095,0.6094890510948905,14.245840000000085,27.631273780374894,0.03172921784987873,7.613715277777778,33.0,49.0,67.0,0.8822337962962963,0.3445219569478237,281,336,0,55,816,336,0.2916666666666667,no_energy,/Users/rajiv/Desktop/FinalYearProject-MARL/results/ablation_models/no_energy/coordinated/qmix_seed102.onnx
No energy term,102,1026,volatile,coordinated,-34.727666666666664,0.4057971014492754,0.5942028985507246,12.995840000000047,28.031244741185912,0.008326946004115716,8.63888888888889,36.0,52.0,52.0,0.9291087962962964,0.3770296564680623,256,285,0,29,867,285,0.24739583333333334,no_energy,/Users/rajiv/Desktop/FinalYearProject-MARL/results/ablation_models/no_energy/coordinated/qmix_seed102.onnx
No energy term,102,1027,volatile,coordinated,32.14433333333332,0.5131578947368421,0.48684210526315785,13.345840000000047,27.875509386714086,0.028163664022848908,9.262152777777779,39.0,57.0,59.0,0.961226851851852,0.4932611476608188,263,307,0,44,845,307,0.2664930555555556,no_energy,/Users/rajiv/Desktop/FinalYearProject-MARL/results/ablation_models/no_energy/coordinated/qmix_seed102.onnx
No energy term,102,1028,volatile,coordinated,2.2763333333333398,0.45695364238410596,0.543046357615894,13.745840000000062,27.621479294635346,0.019257895676324913,8.887152777777779,36.0,63.0,53.0,0.9603587962962963,0.43883944996320823,271,308,0,37,844,308,0.2673611111111111,no_energy,/Users/rajiv/Desktop/FinalYearProject-MARL/results/ablation_models/no_energy/coordinated/qmix_seed102.onnx
No energy term,102,1029,volatile,coordinated,14.675000000000043,0.45161290322580644,0.5483870967741935,14.195840000000066,27.800474848912,0.031081113755072578,9.7265625,41.0,68.0,52.0,0.9053819444444444,0.40888216845878134,280,337,0,57,815,337,0.2925347222222222,no_energy,/Users/rajiv/Desktop/FinalYearProject-MARL/results/ablation_models/no_energy/coordinated/qmix_seed102.onnx
No energy term,102,1030,volatile,coordinated,36.16999999999998,0.47619047619047616,0.5238095238095238,14.895840000000113,27.873481980284083,0.021068582675077357,8.6796875,38.0,57.0,59.0,0.9079861111111112,0.4323743386243386,294,355,0,61,797,355,0.3081597222222222,no_energy,/Users/rajiv/Desktop/FinalYearProject-MARL/results/ablation_models/no_energy/coordinated/qmix_seed102.onnx
No energy term,103,1001,volatile,coordinated,56.51033333333337,0.47194719471947194,0.528052805280528,14.045840000000032,27.869978979177933,0.012236548598728546,9.657118055555555,40.0,57.0,80.0,0.9039351851851853,0.4266096748563746,277,349,0,72,803,349,0.3029513888888889,no_energy,/Users/rajiv/Desktop/FinalYearProject-MARL/results/ablation_models/no_energy/coordinated/qmix_seed103.onnx
No energy term,103,1002,volatile,coordinated,65.89766666666672,0.4943820224719101,0.5056179775280899,15.445840000000127,28.196069389932298,0.031374479556036346,9.987847222222221,44.0,63.0,76.0,0.9302662037037037,0.45990688722430295,305,374,0,69,778,374,0.3246527777777778,no_energy,/Users/rajiv/Desktop/FinalYearProject-MARL/results/ablation_models/no_energy/coordinated/qmix_seed103.onnx
No energy term,103,1003,volatile,coordinated,-10.516000000000021,0.44375,0.55625,13.795840000000055,28.045742792782573,0.029344141720246637,8.655381944444445,36.0,58.0,53.0,0.9357638888888888,0.4152452256944444,272,312,0,40,840,312,0.2708333333333333,no_energy,/Users/rajiv/Desktop/FinalYearProject-MARL/results/ablation_models/no_energy/coordinated/qmix_seed103.onnx
No energy term,103,1004,volatile,coordinated,45.076,0.4618181818181818,0.5381818181818182,14.845840000000111,27.778055887166204,0.01914665816878082,9.432291666666666,41.450000000000045,61.0,75.0,0.8888888888888888,0.4105050505050505,293,368,0,75,784,368,0.3194444444444444,no_energy,/Users/rajiv/Desktop/FinalYearProject-MARL/results/ablation_models/no_energy/coordinated/qmix_seed103.onnx
No energy term,103,1005,volatile,coordinated,32.51966666666668,0.47058823529411764,0.5294117647058824,13.745840000000047,27.612860050191575,0.030993859830052418,9.996527777777779,43.0,64.0,67.0,0.9380787037037036,0.44144880174291934,271,329,0,58,823,329,0.2855902777777778,no_energy,/Users/rajiv/Desktop/FinalYearProject-MARL/results/ablation_models/no_energy/coordinated/qmix_seed103.onnx
No energy term,103,1006,volatile,coordinated,-38.43133333333334,0.38132295719844356,0.6186770428015564,14.495840000000086,27.73702749384593,0.006329371292079128,10.45486111111111,43.450000000000045,66.0,46.0,0.8790509259259259,0.33520229860210404,286,334,0,48,818,334,0.2899305555555556,no_energy,/Users/rajiv/Desktop/FinalYearProject-MARL/results/ablation_models/no_energy/coordinated/qmix_seed103.onnx
No energy term,103,1007,volatile,coordinated,-45.64299999999995,0.3807531380753138,0.6192468619246863,14.345840000000091,27.847617605125972,0.0040382444218268945,9.72048611111111,40.0,63.0,54.0,0.8628472222222222,0.32853178754067874,283,322,0,39,830,322,0.2795138888888889,no_energy,/Users/rajiv/Desktop/FinalYearProject-MARL/results/ablation_models/no_energy/coordinated/qmix_seed103.onnx
No energy term,103,1008,volatile,coordinated,-84.32333333333341,0.328042328042328,0.671957671957672,13.045840000000013,27.8133897866608,0.01337281059162527,10.302083333333334,40.450000000000045,70.0,53.0,0.8825231481481481,0.28950494806976285,257,300,0,43,852,300,0.2604166666666667,no_energy,/Users/rajiv/Desktop/FinalYearProject-MARL/results/ablation_models/no_energy/coordinated/qmix_seed103.onnx
No energy term,103,1009,volatile,coordinated,-69.50500000000001,0.3497536945812808,0.6502463054187192,13.09584000000005,27.585351449882772,0.012991358712205772,9.328125,37.450000000000045,63.0,53.0,0.8888888888888888,0.31089217296113847,258,305,0,47,847,305,0.2647569444444444,no_energy,/Users/rajiv/Desktop/FinalYearProject-MARL/results/ablation_models/no_energy/coordinated/qmix_seed103.onnx
No energy term,103,1010,volatile,coordinated,33.59266666666666,0.4784688995215311,0.5215311004784688,14.395840000000108,27.87536673639651,0.021705364254389112,8.97829861111111,37.0,56.0,69.0,0.9398148148148149,0.449672160198476,284,349,0,65,803,349,0.3029513888888889,no_energy,/Users/rajiv/Desktop/FinalYearProject-MARL/results/ablation_models/no_energy/coordinated/qmix_seed103.onnx
No energy term,103,1011,volatile,coordinated,-18.04033333333335,0.4117647058823529,0.5882352941176471,13.595840000000019,27.8041058670549,0.024832211041326595,10.469618055555555,44.0,61.0,57.0,0.8747106481481481,0.36017497276688454,268,317,0,49,835,317,0.2751736111111111,no_energy,/Users/rajiv/Desktop/FinalYearProject-MARL/results/ablation_models/no_energy/coordinated/qmix_seed103.onnx
No energy term,103,1012,volatile,coordinated,-44.700666666666656,0.3880597014925373,0.6119402985074627,15.245840000000069,27.719253047701116,0.03505862797976734,9.030381944444445,41.0,63.0,73.0,0.8804976851851853,0.34168566887783314,301,356,0,55,796,356,0.3090277777777778,no_energy,/Users/rajiv/Desktop/FinalYearProject-MARL/results/ablation_models/no_energy/coordinated/qmix_seed103.onnx
No energy term,103,1013,volatile,coordinated,7.263666666666637,0.4508670520231214,0.5491329479768786,13.895840000000101,27.505443767934835,0.036771030623527316,10.60329861111111,46.0,63.0,48.0,0.9545717592592593,0.43038495504174695,274,313,0,39,839,313,0.2717013888888889,no_energy,/Users/rajiv/Desktop/FinalYearProject-MARL/results/ablation_models/no_energy/coordinated/qmix_seed103.onnx
No energy term,103,1014,volatile,coordinated,31.393999999999988,0.5423728813559322,0.4576271186440678,12.545840000000034,27.16643055612605,0.07740619234657949,9.766493055555555,41.0,60.0,49.0,0.9713541666666666,0.5268361581920904,247,278,0,31,874,278,0.24131944444444445,no_energy,/Users/rajiv/Desktop/FinalYearProject-MARL/results/ablation_models/no_energy/coordinated/qmix_seed103.onnx
No energy term,103,1015,volatile,coordinated,38.170333333333296,0.5189873417721519,0.4810126582278481,14.145840000000089,27.984652380248956,0.01676995905467569,9.25954861111111,39.0,61.0,53.0,0.9629629629629629,0.4997655883731833,279,312,0,33,840,312,0.2708333333333333,no_energy,/Users/rajiv/Desktop/FinalYearProject-MARL/results/ablation_models/no_energy/coordinated/qmix_seed103.onnx
No energy term,103,1016,volatile,coordinated,52.19899999999998,0.4734982332155477,0.5265017667844523,15.34584000000008,27.74034214332949,0.020554777280541184,8.90625,39.450000000000045,59.0,75.0,0.8975694444444444,0.42499754613270513,303,383,0,80,769,383,0.3324652777777778,no_energy,/Users/rajiv/Desktop/FinalYearProject-MARL/results/ablation_models/no_energy/coordinated/qmix_seed103.onnx
No energy term,103,1017,volatile,coordinated,17.216333333333324,0.436426116838488,0.563573883161512,13.845840000000146,27.7096812165475,0.028693633946841934,10.378472222222221,41.0,56.0,88.0,0.8683449074074074,0.37896839601629123,273,361,0,88,791,361,0.3133680555555556,no_energy,/Users/rajiv/Desktop/FinalYearProject-MARL/results/ablation_models/no_energy/coordinated/qmix_seed103.onnx
No energy term,103,1018,volatile,coordinated,93.38566666666671,0.5446428571428571,0.4553571428571429,15.545840000000103,27.811885286899123,0.08040935039287092,8.796875,40.0,64.0,82.0,0.9589120370370371,0.5222645916005291,307,369,0,62,783,369,0.3203125,no_energy,/Users/rajiv/Desktop/FinalYearProject-MARL/results/ablation_models/no_energy/coordinated/qmix_seed103.onnx
No energy term,103,1019,volatile,coordinated,-1.099666666666657,0.4368421052631579,0.5631578947368421,13.595840000000038,28.392817341526957,0.014723949410049456,9.82986111111111,43.0,66.0,63.0,0.9230324074074073,0.4032194200779727,268,309,0,41,843,309,0.2682291666666667,no_energy,/Users/rajiv/Desktop/FinalYearProject-MARL/results/ablation_models/no_energy/coordinated/qmix_seed103.onnx
No energy term,103,1020,volatile,coordinated,17.500999999999962,0.4470588235294118,0.5529411764705883,13.845840000000049,27.540248359265487,0.036408665800559264,9.575520833333334,39.0,61.0,71.0,0.9244791666666666,0.413296568627451,273,340,0,67,812,340,0.2951388888888889,no_energy,/Users/rajiv/Desktop/FinalYearProject-MARL/results/ablation_models/no_energy/coordinated/qmix_seed103.onnx
No energy term,103,1021,volatile,coordinated,22.404666666666685,0.45374449339207046,0.5462555066079295,13.595840000000035,27.668333776553673,0.011235686458423096,10.013020833333334,43.450000000000045,64.0,57.0,0.9146412037037037,0.41501340961005057,268,323,0,55,829,323,0.2803819444444444,no_energy,/Users/rajiv/Desktop/FinalYearProject-MARL/results/ablation_models/no_energy/coordinated/qmix_seed103.onnx
No energy term,103,1022,volatile,coordinated,17.317666666666668,0.4444444444444444,0.5555555555555556,14.095840000000054,27.780487312650067,0.017372616058286255,10.191840277777779,44.0,69.0,52.0,0.9120370370370369,0.405349794238683,278,315,0,37,837,315,0.2734375,no_energy,/Users/rajiv/Desktop/FinalYearProject-MARL/results/ablation_models/no_energy/coordinated/qmix_seed103.onnx
No energy term,103,1023,volatile,coordinated,-8.986999999999982,0.42783505154639173,0.5721649484536082,13.895840000000039,28.173412349677125,0.02529082605149776,9.44704861111111,39.0,59.0,69.0,0.9079861111111112,0.38846828465063,274,328,0,54,824,328,0.2847222222222222,no_energy,/Users/rajiv/Desktop/FinalYearProject-MARL/results/ablation_models/no_energy/coordinated/qmix_seed103.onnx
No energy term,103,1024,volatile,coordinated,67.35866666666672,0.6324786324786325,0.36752136752136755,13.695840000000118,27.734086011533236,0.1316532986668423,7.954861111111111,32.0,55.0,53.0,0.9823495370370369,0.6213150918012028,270,315,0,45,837,315,0.2734375,no_energy,/Users/rajiv/Desktop/FinalYearProject-MARL/results/ablation_models/no_energy/coordinated/qmix_seed103.onnx
No energy term,103,1025,volatile,coordinated,-26.540666666666677,0.3905109489051095,0.6094890510948905,13.945840000000082,27.631273780374894,0.015001982225103417,8.342881944444445,35.0,60.0,58.0,0.890914351851852,0.3479118089348473,275,332,0,57,820,332,0.2881944444444444,no_energy,/Users/rajiv/Desktop/FinalYearProject-MARL/results/ablation_models/no_energy/coordinated/qmix_seed103.onnx
No energy term,103,1026,volatile,coordinated,-37.60566666666668,0.4057971014492754,0.5942028985507246,13.39584000000006,28.031244741185912,0.008205254758983,8.614583333333334,35.450000000000045,70.0,61.0,0.937789351851852,0.38055220075147617,264,296,0,32,856,296,0.2569444444444444,no_energy,/Users/rajiv/Desktop/FinalYearProject-MARL/results/ablation_models/no_energy/coordinated/qmix_seed103.onnx
No energy term,103,1027,volatile,coordinated,32.39699999999997,0.4934210526315789,0.506578947368421,13.145840000000046,27.875509386714086,0.030896714429554828,9.79079861111111,39.0,59.0,45.0,0.9713541666666666,0.4792865953947368,259,293,0,34,859,293,0.2543402777777778,no_energy,/Users/rajiv/Desktop/FinalYearProject-MARL/results/ablation_models/no_energy/coordinated/qmix_seed103.onnx
No energy term,103,1028,volatile,coordinated,7.449000000000003,0.4768211920529801,0.5231788079470199,14.145840000000089,27.621479294635346,0.021032442848126588,8.669270833333334,38.0,64.0,60.0,0.9565972222222222,0.4561258278145695,279,318,0,39,834,318,0.2760416666666667,no_energy,/Users/rajiv/Desktop/FinalYearProject-MARL/results/ablation_models/no_energy/coordinated/qmix_seed103.onnx
No energy term,103,1029,volatile,coordinated,25.117666666666672,0.46543778801843316,0.5345622119815668,14.045840000000062,27.800474848912,0.031081113755072578,9.44357638888889,41.450000000000045,65.0,61.0,0.9207175925925924,0.4285367596859532,277,340,0,63,812,340,0.2951388888888889,no_energy,/Users/rajiv/Desktop/FinalYearProject-MARL/results/ablation_models/no_energy/coordinated/qmix_seed103.onnx
No energy term,103,1030,volatile,coordinated,34.20766666666664,0.4805194805194805,0.5194805194805194,14.945840000000116,27.873481980284083,0.030466082675077253,8.399305555555555,37.0,67.0,75.0,0.9181134259259258,0.44117138648388643,295,363,0,68,789,363,0.3151041666666667,no_energy,/Users/rajiv/Desktop/FinalYearProject-MARL/results/ablation_models/no_energy/coordinated/qmix_seed103.onnx
No agent ID,101,1001,volatile,coordinated,118.44966666666662,0.5148514851485149,0.48514851485148514,13.195840000000024,27.869978979177933,0.014066576550834,7.009548611111111,29.0,46.0,68.0,0.9198495370370371,0.4735859002566924,260,320,0,60,832,320,0.2777777777777778,no_agent_id,/Users/rajiv/Desktop/FinalYearProject-MARL/results/ablation_models/no_agent_id/coordinated/qmix_seed101.onnx
No agent ID,101,1002,volatile,coordinated,182.23200000000006,0.5955056179775281,0.4044943820224719,14.345840000000129,28.196069389932298,0.032479415987316615,6.173611111111111,26.0,61.0,67.0,0.9652777777777778,0.5748283395755306,283,343,0,60,809,343,0.2977430555555556,no_agent_id,/Users/rajiv/Desktop/FinalYearProject-MARL/results/ablation_models/no_agent_id/coordinated/qmix_seed101.onnx
No agent ID,101,1003,volatile,coordinated,86.67333333333329,0.575,0.42500000000000004,12.245840000000008,28.045742792782573,0.07342008807339348,6.0,24.0,43.0,44.0,0.9785879629629629,0.5626880787037036,241,273,0,32,879,273,0.23697916666666666,no_agent_id,/Users/rajiv/Desktop/FinalYearProject-MARL/results/ablation_models/no_agent_id/coordinated/qmix_seed101.onnx
No agent ID,101,1004,volatile,coordinated,157.99566666666664,0.56,0.43999999999999995,13.595840000000111,27.778055887166204,0.040373969793080756,6.751736111111111,27.0,63.0,64.0,0.9059606481481483,0.5073379629629631,268,318,0,50,834,318,0.2760416666666667,no_agent_id,/Users/rajiv/Desktop/FinalYearProject-MARL/results/ablation_models/no_agent_id/coordinated/qmix_seed101.onnx
No agent ID,101,1005,volatile,coordinated,123.33233333333331,0.5630252100840336,0.4369747899159664,11.645839999999957,27.612860050191575,0.0736672349423717,8.339409722222221,37.0,63.0,62.0,0.956886574074074,0.5387512643946467,229,288,0,59,864,288,0.25,no_agent_id,/Users/rajiv/Desktop/FinalYearProject-MARL/results/ablation_models/no_agent_id/coordinated/qmix_seed101.onnx
No agent ID,101,1006,volatile,coordinated,68.00566666666658,0.48249027237354086,0.5175097276264591,12.945840000000057,27.73702749384593,0.01817803788631553,5.495659722222222,22.0,40.0,49.0,0.9068287037037036,0.43753602824614496,255,299,0,44,853,299,0.2595486111111111,no_agent_id,/Users/rajiv/Desktop/FinalYearProject-MARL/results/ablation_models/no_agent_id/coordinated/qmix_seed101.onnx
No agent ID,101,1007,volatile,coordinated,79.29166666666667,0.5062761506276151,0.4937238493723849,12.595840000000033,27.847617605125972,0.009416903443216301,6.598958333333333,24.450000000000045,53.0,57.0,0.9155092592592591,0.46350050364171697,248,294,0,46,858,294,0.2552083333333333,no_agent_id,/Users/rajiv/Desktop/FinalYearProject-MARL/results/ablation_models/no_agent_id/coordinated/qmix_seed101.onnx
No agent ID,101,1008,volatile,coordinated,18.785333333333302,0.455026455026455,0.544973544973545,10.54583999999996,27.8133897866608,0.027054955953892332,6.931423611111111,26.0,51.0,49.0,0.906539351851852,0.4124993876151284,207,234,0,27,918,234,0.203125,no_agent_id,/Users/rajiv/Desktop/FinalYearProject-MARL/results/ablation_models/no_agent_id/coordinated/qmix_seed101.onnx
No agent ID,101,1009,volatile,coordinated,76.0493333333333,0.5073891625615764,0.4926108374384236,11.595839999999969,27.585351449882772,0.021632391932811267,6.110243055555555,22.0,45.0,46.0,0.9681712962962964,0.49123962324393367,228,268,0,40,884,268,0.2326388888888889,no_agent_id,/Users/rajiv/Desktop/FinalYearProject-MARL/results/ablation_models/no_agent_id/coordinated/qmix_seed101.onnx
No agent ID,101,1010,volatile,coordinated,107.28033333333329,0.5550239234449761,0.4449760765550239,12.795840000000087,27.87536673639651,0.03791860654610355,5.714409722222222,21.450000000000045,40.0,63.0,0.9603587962962964,0.533022107035265,252,298,0,46,854,298,0.2586805555555556,no_agent_id,/Users/rajiv/Desktop/FinalYearProject-MARL/results/ablation_models/no_agent_id/coordinated/qmix_seed101.onnx
No agent ID,101,1011,volatile,coordinated,76.04466666666666,0.5113122171945701,0.4886877828054299,12.695839999999997,27.8041058670549,0.013624973102647917,7.664930555555555,32.0,52.0,55.0,0.9085648148148149,0.46456028992793696,250,284,0,34,868,284,0.2465277777777778,no_agent_id,/Users/rajiv/Desktop/FinalYearProject-MARL/results/ablation_models/no_agent_id/coordinated/qmix_seed101.onnx
No agent ID,101,1012,volatile,coordinated,53.42733333333334,0.47388059701492535,0.5261194029850746,13.145840000000044,27.719253047701116,0.21009406115200646,7.728298611111111,35.450000000000045,61.0,64.0,0.902199074074074,0.427534635848535,259,301,0,42,851,301,0.2612847222222222,no_agent_id,/Users/rajiv/Desktop/FinalYearProject-MARL/results/ablation_models/no_agent_id/coordinated/qmix_seed101.onnx
No agent ID,101,1013,volatile,coordinated,81.91033333333334,0.5549132947976878,0.4450867052023122,12.54584000000012,27.505443767934835,0.22427103062352716,6.743923611111111,26.0,62.0,48.0,0.969039351851852,0.5377328195247271,247,280,0,33,872,280,0.24305555555555555,no_agent_id,/Users/rajiv/Desktop/FinalYearProject-MARL/results/ablation_models/no_agent_id/coordinated/qmix_seed101.onnx
No agent ID,101,1014,volatile,coordinated,67.45000000000002,0.6016949152542372,0.39830508474576276,10.145839999999938,27.16643055612605,0.22169569849094176,7.039930555555555,25.0,56.0,41.0,0.9704861111111112,0.5839365583804143,199,230,0,31,922,230,0.1996527777777778,no_agent_id,/Users/rajiv/Desktop/FinalYearProject-MARL/results/ablation_models/no_agent_id/coordinated/qmix_seed101.onnx
No agent ID,101,1015,volatile,coordinated,97.89666666666672,0.6075949367088608,0.3924050632911392,12.645840000000081,27.984652380248956,0.10021869298826008,5.368923611111111,19.450000000000045,36.0,55.0,0.9780092592592591,0.5942334739803093,249,281,0,32,871,281,0.2439236111111111,no_agent_id,/Users/rajiv/Desktop/FinalYearProject-MARL/results/ablation_models/no_agent_id/coordinated/qmix_seed101.onnx
No agent ID,101,1016,volatile,coordinated,159.21300000000005,0.5618374558303887,0.4381625441696113,13.995840000000072,27.74034214332949,0.02765989087092883,5.217013888888889,22.0,42.0,71.0,0.9322916666666666,0.5237963780918727,276,348,0,72,804,348,0.3020833333333333,no_agent_id,/Users/rajiv/Desktop/FinalYearProject-MARL/results/ablation_models/no_agent_id/coordinated/qmix_seed101.onnx
No agent ID,101,1017,volatile,coordinated,112.84099999999984,0.5085910652920962,0.4914089347079038,13.04584000000011,27.7096812165475,0.011240298163617749,8.358506944444445,35.0,60.0,71.0,0.8940972222222222,0.45472985872470406,257,322,0,65,830,322,0.2795138888888889,no_agent_id,/Users/rajiv/Desktop/FinalYearProject-MARL/results/ablation_models/no_agent_id/coordinated/qmix_seed101.onnx
No agent ID,101,1018,volatile,coordinated,184.3619999999999,0.6383928571428571,0.3616071428571429,13.895840000000103,27.811885286899123,0.251343417597687,5.697916666666667,23.0,46.0,73.0,0.984375,0.62841796875,274,346,0,72,806,346,0.3003472222222222,no_agent_id,/Users/rajiv/Desktop/FinalYearProject-MARL/results/ablation_models/no_agent_id/coordinated/qmix_seed101.onnx
No agent ID,101,1019,volatile,coordinated,65.62566666666666,0.5052631578947369,0.49473684210526314,11.745839999999996,28.392817341526957,0.1488141901889755,5.630208333333333,18.450000000000045,46.0,49.0,0.945023148148148,0.477485380116959,231,276,0,45,876,276,0.23958333333333334,no_agent_id,/Users/rajiv/Desktop/FinalYearProject-MARL/results/ablation_models/no_agent_id/coordinated/qmix_seed101.onnx
No agent ID,101,1020,volatile,coordinated,74.26533333333333,0.49411764705882355,0.5058823529411764,12.745840000000017,27.540248359265487,0.035330577184226816,6.793402777777778,28.450000000000045,46.0,65.0,0.9429976851851853,0.46595179738562104,251,306,0,55,846,306,0.265625,no_agent_id,/Users/rajiv/Desktop/FinalYearProject-MARL/results/ablation_models/no_agent_id/coordinated/qmix_seed101.onnx
No agent ID,101,1021,volatile,coordinated,121.09899999999999,0.5550660792951542,0.44493392070484583,12.195840000000006,27.668333776553673,0.03793149590908665,7.283854166666667,32.0,59.0,56.0,0.9548611111111112,0.5300110132158591,240,291,0,51,861,291,0.2526041666666667,no_agent_id,/Users/rajiv/Desktop/FinalYearProject-MARL/results/ablation_models/no_agent_id/coordinated/qmix_seed101.onnx
No agent ID,101,1022,volatile,coordinated,102.68866666666659,0.5458937198067633,0.45410628019323673,12.34584000000003,27.780487312650067,0.14170052660159266,8.06857638888889,35.0,65.0,51.0,0.9302662037037036,0.5078264783503309,243,276,0,33,876,276,0.23958333333333334,no_agent_id,/Users/rajiv/Desktop/FinalYearProject-MARL/results/ablation_models/no_agent_id/coordinated/qmix_seed101.onnx
No agent ID,101,1023,volatile,coordinated,122.75633333333329,0.5721649484536082,0.4278350515463918,11.945840000000004,28.173412349677125,0.13744843303894197,8.255208333333334,33.0,58.0,39.0,0.9456018518518517,0.5410402348224512,235,262,0,27,890,262,0.22743055555555555,no_agent_id,/Users/rajiv/Desktop/FinalYearProject-MARL/results/ablation_models/no_agent_id/coordinated/qmix_seed101.onnx
No agent ID,101,1024,volatile,coordinated,104.21099999999991,0.6837606837606838,0.3162393162393162,11.04584000000006,27.734086011533236,0.4379262356602139,5.940972222222222,21.0,33.0,40.0,0.9835069444444444,0.6724833808167141,217,247,0,30,905,247,0.2144097222222222,no_agent_id,/Users/rajiv/Desktop/FinalYearProject-MARL/results/ablation_models/no_agent_id/coordinated/qmix_seed101.onnx
No agent ID,101,1025,volatile,coordinated,59.87033333333335,0.4708029197080292,0.5291970802919708,13.245840000000051,27.631273780374894,0.016954067768497977,5.341145833333333,21.0,41.0,65.0,0.9169560185185186,0.4317055707623682,261,311,0,50,841,311,0.2699652777777778,no_agent_id,/Users/rajiv/Desktop/FinalYearProject-MARL/results/ablation_models/no_agent_id/coordinated/qmix_seed101.onnx
No agent ID,101,1026,volatile,coordinated,72.44466666666668,0.5797101449275363,0.42028985507246375,11.345839999999994,28.031244741185912,0.08611848190257494,6.787326388888889,25.450000000000045,55.0,43.0,0.9754050925925927,0.5654522275899088,223,252,0,29,900,252,0.21875,no_agent_id,/Users/rajiv/Desktop/FinalYearProject-MARL/results/ablation_models/no_agent_id/coordinated/qmix_seed101.onnx
No agent ID,101,1027,volatile,coordinated,90.52000000000001,0.5921052631578947,0.4078947368421053,11.145839999999962,27.875509386714086,0.15944068342154574,6.957465277777778,25.450000000000045,43.0,51.0,0.9791666666666666,0.5797697368421052,219,260,0,41,892,260,0.22569444444444445,no_agent_id,/Users/rajiv/Desktop/FinalYearProject-MARL/results/ablation_models/no_agent_id/coordinated/qmix_seed101.onnx
No agent ID,101,1028,volatile,coordinated,98.82499999999996,0.609271523178808,0.39072847682119205,11.74584000000002,27.621479294635346,0.145234241764747,6.379340277777778,26.0,45.0,51.0,0.9895833333333334,0.602924944812362,231,269,0,38,883,269,0.23350694444444445,no_agent_id,/Users/rajiv/Desktop/FinalYearProject-MARL/results/ablation_models/no_agent_id/coordinated/qmix_seed101.onnx
No agent ID,101,1029,volatile,coordinated,115.96999999999996,0.5576036866359447,0.44239631336405527,12.59584000000005,27.800474848912,0.08916541662210523,5.511284722222222,20.0,37.0,62.0,0.96875,0.5401785714285715,248,307,0,59,845,307,0.2664930555555556,no_agent_id,/Users/rajiv/Desktop/FinalYearProject-MARL/results/ablation_models/no_agent_id/coordinated/qmix_seed101.onnx
No agent ID,101,1030,volatile,coordinated,123.80333333333328,0.5627705627705628,0.4372294372294372,12.395840000000046,27.873481980284083,0.10546608267507714,6.900173611111111,29.0,68.0,58.0,0.9421296296296295,0.5302028218694885,244,303,0,59,849,303,0.2630208333333333,no_agent_id,/Users/rajiv/Desktop/FinalYearProject-MARL/results/ablation_models/no_agent_id/coordinated/qmix_seed101.onnx
No agent ID,102,1001,volatile,coordinated,96.44300000000004,0.49834983498349833,0.5016501650165017,13.24584000000002,27.869978979177933,0.012847324891880809,7.188368055555555,29.0,46.0,69.0,0.9097222222222222,0.4533599193252658,261,329,0,68,823,329,0.2855902777777778,no_agent_id,/Users/rajiv/Desktop/FinalYearProject-MARL/results/ablation_models/no_agent_id/coordinated/qmix_seed102.onnx
No agent ID,102,1002,volatile,coordinated,164.93766666666664,0.5805243445692884,0.41947565543071164,14.395840000000113,28.196069389932298,0.022707166705631256,6.690104166666667,28.0,63.0,69.0,0.9606481481481483,0.5576796365654044,284,347,0,63,805,347,0.3012152777777778,no_agent_id,/Users/rajiv/Desktop/FinalYearProject-MARL/results/ablation_models/no_agent_id/coordinated/qmix_seed102.onnx
No agent ID,102,1003,volatile,coordinated,59.25600000000001,0.5375,0.4625,12.445839999999997,28.045742792782573,0.023420088073393505,6.9140625,26.0,49.0,44.0,0.9626736111111112,0.5174370659722223,245,281,0,36,871,281,0.2439236111111111,no_agent_id,/Users/rajiv/Desktop/FinalYearProject-MARL/results/ablation_models/no_agent_id/coordinated/qmix_seed102.onnx
No agent ID,102,1004,volatile,coordinated,139.87366666666668,0.5454545454545454,0.4545454545454546,13.845840000000099,27.778055887166204,0.02787396979308078,7.7109375,33.0,54.0,69.0,0.9085648148148147,0.49558080808080796,273,330,0,57,822,330,0.2864583333333333,no_agent_id,/Users/rajiv/Desktop/FinalYearProject-MARL/results/ablation_models/no_agent_id/coordinated/qmix_seed102.onnx
No agent ID,102,1005,volatile,coordinated,117.77733333333339,0.5588235294117647,0.4411764705882353,12.195839999999992,27.612860050191575,0.02366723494237173,8.48263888888889,37.0,63.0,64.0,0.956886574074074,0.534730732570806,240,297,0,57,855,297,0.2578125,no_agent_id,/Users/rajiv/Desktop/FinalYearProject-MARL/results/ablation_models/no_agent_id/coordinated/qmix_seed102.onnx
No agent ID,102,1006,volatile,coordinated,31.95933333333337,0.4474708171206226,0.5525291828793775,13.195840000000054,27.73702749384593,0.0014442951075141295,7.075520833333333,29.450000000000045,57.0,45.0,0.8926504629629629,0.3994350320651391,260,306,0,46,846,306,0.265625,no_agent_id,/Users/rajiv/Desktop/FinalYearProject-MARL/results/ablation_models/no_agent_id/coordinated/qmix_seed102.onnx
No agent ID,102,1007,volatile,coordinated,49.79933333333335,0.4769874476987448,0.5230125523012552,12.59584000000003,27.847617605125972,0.009416903443216315,7.271701388888889,28.0,53.0,57.0,0.898726851851852,0.4286814272431428,248,288,0,40,864,288,0.25,no_agent_id,/Users/rajiv/Desktop/FinalYearProject-MARL/results/ablation_models/no_agent_id/coordinated/qmix_seed102.onnx
No agent ID,102,1008,volatile,coordinated,-11.047666666666716,0.4126984126984127,0.5873015873015873,10.795839999999956,27.8133897866608,0.026338504508012707,7.440104166666667,29.450000000000045,59.0,44.0,0.8961226851851853,0.36982840975896536,212,242,0,30,910,242,0.21006944444444445,no_agent_id,/Users/rajiv/Desktop/FinalYearProject-MARL/results/ablation_models/no_agent_id/coordinated/qmix_seed102.onnx
No agent ID,102,1009,volatile,coordinated,26.36266666666667,0.4482758620689655,0.5517241379310345,12.04583999999999,27.585351449882772,0.012991358712205685,6.592881944444445,25.0,40.0,42.0,0.9380787037037037,0.42051803959131545,237,273,0,36,879,273,0.23697916666666666,no_agent_id,/Users/rajiv/Desktop/FinalYearProject-MARL/results/ablation_models/no_agent_id/coordinated/qmix_seed102.onnx
No agent ID,102,1010,volatile,coordinated,95.39133333333326,0.5454545454545454,0.4545454545454546,12.945840000000077,27.87536673639651,0.02541860654610358,6.496527777777778,26.0,49.0,66.0,0.953414351851852,0.5200441919191919,255,303,0,48,849,303,0.2630208333333333,no_agent_id,/Users/rajiv/Desktop/FinalYearProject-MARL/results/ablation_models/no_agent_id/coordinated/qmix_seed102.onnx
No agent ID,102,1011,volatile,coordinated,47.76899999999997,0.4796380090497738,0.5203619909502262,12.645839999999994,27.8041058670549,0.012485235042954089,8.30295138888889,34.0,54.0,56.0,0.8993055555555556,0.4313411261940674,249,283,0,34,869,283,0.2456597222222222,no_agent_id,/Users/rajiv/Desktop/FinalYearProject-MARL/results/ablation_models/no_agent_id/coordinated/qmix_seed102.onnx
No agent ID,102,1012,volatile,coordinated,51.98599999999998,0.47388059701492535,0.5261194029850746,13.49584000000004,27.719253047701116,0.16009406115200653,8.016493055555555,37.0,62.0,65.0,0.9027777777777778,0.427808872305141,266,309,0,43,843,309,0.2682291666666667,no_agent_id,/Users/rajiv/Desktop/FinalYearProject-MARL/results/ablation_models/no_agent_id/coordinated/qmix_seed102.onnx
No agent ID,102,1013,volatile,coordinated,79.9853333333332,0.5549132947976878,0.4450867052023122,12.445840000000077,27.505443767934835,0.1867710306235272,8.628472222222221,37.450000000000045,74.0,47.0,0.9655671296296298,0.535806037251124,245,275,0,30,877,275,0.2387152777777778,no_agent_id,/Users/rajiv/Desktop/FinalYearProject-MARL/results/ablation_models/no_agent_id/coordinated/qmix_seed102.onnx
No agent ID,102,1014,volatile,coordinated,52.37399999999998,0.576271186440678,0.423728813559322,10.845839999999958,27.16643055612605,0.15999295137630298,6.934895833333333,27.0,55.0,45.0,0.9652777777777778,0.5562617702448212,213,242,0,29,910,242,0.21006944444444445,no_agent_id,/Users/rajiv/Desktop/FinalYearProject-MARL/results/ablation_models/no_agent_id/coordinated/qmix_seed102.onnx
No agent ID,102,1015,volatile,coordinated,100.82900000000002,0.6075949367088608,0.3924050632911392,12.59584000000008,27.984652380248956,0.1002186929882601,6.425347222222222,25.0,48.0,48.0,0.9809027777777778,0.5959915611814346,248,283,0,35,869,283,0.2456597222222222,no_agent_id,/Users/rajiv/Desktop/FinalYearProject-MARL/results/ablation_models/no_agent_id/coordinated/qmix_seed102.onnx
No agent ID,102,1016,volatile,coordinated,142.52933333333337,0.5441696113074205,0.4558303886925795,13.995840000000065,27.74034214332949,0.015912217320134793,5.917534722222222,25.450000000000045,53.0,67.0,0.9273726851851851,0.504648033634341,276,338,0,62,814,338,0.2934027777777778,no_agent_id,/Users/rajiv/Desktop/FinalYearProject-MARL/results/ablation_models/no_agent_id/coordinated/qmix_seed102.onnx
No agent ID,102,1017,volatile,coordinated,109.2163333333333,0.5085910652920962,0.4914089347079038,13.34584000000011,27.7096812165475,0.018951934727622383,8.907118055555555,37.0,60.0,71.0,0.8839699074074074,0.449579196894489,263,323,0,60,829,323,0.2803819444444444,no_agent_id,/Users/rajiv/Desktop/FinalYearProject-MARL/results/ablation_models/no_agent_id/coordinated/qmix_seed102.onnx
No agent ID,102,1018,volatile,coordinated,172.82099999999988,0.625,0.375,14.345840000000088,27.811885286899123,0.1513434175976871,6.455729166666667,30.0,50.0,70.0,0.9774305555555556,0.6108940972222222,283,343,0,60,809,343,0.2977430555555556,no_agent_id,/Users/rajiv/Desktop/FinalYearProject-MARL/results/ablation_models/no_agent_id/coordinated/qmix_seed102.onnx
No agent ID,102,1019,volatile,coordinated,50.390666666666625,0.48947368421052634,0.5105263157894737,11.99584000000001,28.392817341526957,0.15104512744833515,6.359375,26.0,45.0,51.0,0.9380787037037036,0.45916483918128653,236,285,0,49,867,285,0.24739583333333334,no_agent_id,/Users/rajiv/Desktop/FinalYearProject-MARL/results/ablation_models/no_agent_id/coordinated/qmix_seed102.onnx
No agent ID,102,1020,volatile,coordinated,63.47233333333336,0.48627450980392156,0.5137254901960784,12.895840000000026,27.540248359265487,0.02593307718422693,6.931423611111111,30.0,47.0,62.0,0.9265046296296298,0.4505355846042121,254,310,0,56,842,310,0.2690972222222222,no_agent_id,/Users/rajiv/Desktop/FinalYearProject-MARL/results/ablation_models/no_agent_id/coordinated/qmix_seed102.onnx
No agent ID,102,1021,volatile,coordinated,79.22600000000003,0.5110132158590308,0.4889867841409692,12.395840000000007,27.668333776553673,0.025431495909086672,7.802083333333333,34.0,59.0,58.0,0.9392361111111112,0.4799620655898189,244,299,0,55,853,299,0.2595486111111111,no_agent_id,/Users/rajiv/Desktop/FinalYearProject-MARL/results/ablation_models/no_agent_id/coordinated/qmix_seed102.onnx
No agent ID,102,1022,volatile,coordinated,77.45266666666667,0.5120772946859904,0.4879227053140096,12.595840000000026,27.780487312650067,0.1048726160582862,8.928819444444445,39.450000000000045,66.0,48.0,0.9259259259259258,0.4741456432277688,248,277,0,29,875,277,0.2404513888888889,no_agent_id,/Users/rajiv/Desktop/FinalYearProject-MARL/results/ablation_models/no_agent_id/coordinated/qmix_seed102.onnx
No agent ID,102,1023,volatile,coordinated,101.19533333333331,0.5515463917525774,0.44845360824742264,12.445840000000015,28.173412349677125,0.07456868726710984,9.18576388888889,38.0,61.0,48.0,0.9429976851851851,0.5201069706949217,245,275,0,30,877,275,0.2387152777777778,no_agent_id,/Users/rajiv/Desktop/FinalYearProject-MARL/results/ablation_models/no_agent_id/coordinated/qmix_seed102.onnx
No agent ID,102,1024,volatile,coordinated,92.79799999999994,0.6666666666666666,0.33333333333333337,11.64584000000005,27.734086011533236,0.3379262356602139,6.395833333333333,23.0,40.0,43.0,0.9800347222222222,0.6533564814814814,229,261,0,32,891,261,0.2265625,no_agent_id,/Users/rajiv/Desktop/FinalYearProject-MARL/results/ablation_models/no_agent_id/coordinated/qmix_seed102.onnx
No agent ID,102,1025,volatile,coordinated,42.31033333333334,0.45255474452554745,0.5474452554744526,13.095840000000036,27.631273780374894,0.023838764911627973,6.069444444444445,25.0,42.0,59.0,0.9074074074074076,0.4106515274398487,258,306,0,48,846,306,0.265625,no_agent_id,/Users/rajiv/Desktop/FinalYearProject-MARL/results/ablation_models/no_agent_id/coordinated/qmix_seed102.onnx
No agent ID,102,1026,volatile,coordinated,25.770000000000003,0.4927536231884058,0.5072463768115942,11.795839999999982,28.031244741185912,0.011118481902575,8.078125,31.450000000000045,67.0,38.0,0.9574652777777778,0.47179448470209345,232,259,0,27,893,259,0.2248263888888889,no_agent_id,/Users/rajiv/Desktop/FinalYearProject-MARL/results/ablation_models/no_agent_id/coordinated/qmix_seed102.onnx
No agent ID,102,1027,volatile,coordinated,78.63400000000003,0.5723684210526315,0.4276315789473685,11.79583999999998,27.875509386714086,0.04694068342154578,7.832465277777778,30.0,55.0,46.0,0.9722222222222222,0.556469298245614,232,269,0,37,883,269,0.23350694444444445,no_agent_id,/Users/rajiv/Desktop/FinalYearProject-MARL/results/ablation_models/no_agent_id/coordinated/qmix_seed102.onnx
No agent ID,102,1028,volatile,coordinated,69.90799999999997,0.5629139072847682,0.4370860927152318,12.19584000000005,27.621479294635346,0.10233454372813967,7.436631944444445,31.0,64.0,51.0,0.9791666666666666,0.5511865342163355,240,272,0,32,880,272,0.2361111111111111,no_agent_id,/Users/rajiv/Desktop/FinalYearProject-MARL/results/ablation_models/no_agent_id/coordinated/qmix_seed102.onnx
No agent ID,102,1029,volatile,coordinated,98.93100000000001,0.5391705069124424,0.4608294930875576,12.695840000000041,27.800474848912,0.026665416622105267,6.209201388888889,26.0,49.0,54.0,0.9453125,0.5096846198156681,250,302,0,52,850,302,0.2621527777777778,no_agent_id,/Users/rajiv/Desktop/FinalYearProject-MARL/results/ablation_models/no_agent_id/coordinated/qmix_seed102.onnx
No agent ID,102,1030,volatile,coordinated,102.36499999999995,0.5411255411255411,0.4588744588744589,12.895840000000042,27.873481980284083,0.08046608267507717,7.330729166666667,33.450000000000045,68.0,61.0,0.9383680555555556,0.5077749218374219,254,312,0,58,840,312,0.2708333333333333,no_agent_id,/Users/rajiv/Desktop/FinalYearProject-MARL/results/ablation_models/no_agent_id/coordinated/qmix_seed102.onnx
No agent ID,103,1001,volatile,coordinated,92.05233333333335,0.49504950495049505,0.504950495049505,13.395840000000026,27.869978979177933,0.02355346261344881,6.683159722222222,28.0,46.0,71.0,0.9108796296296298,0.4509305097176385,264,337,0,73,815,337,0.2925347222222222,no_agent_id,/Users/rajiv/Desktop/FinalYearProject-MARL/results/ablation_models/no_agent_id/coordinated/qmix_seed103.onnx
No agent ID,103,1002,volatile,coordinated,166.8596666666666,0.5805243445692884,0.41947565543071164,14.69584000000011,28.196069389932298,0.022707166705631256,6.105902777777778,26.0,58.0,67.0,0.9641203703703705,0.5596953460951588,290,354,0,64,798,354,0.3072916666666667,no_agent_id,/Users/rajiv/Desktop/FinalYearProject-MARL/results/ablation_models/no_agent_id/coordinated/qmix_seed103.onnx
No agent ID,103,1003,volatile,coordinated,59.722666666666655,0.5375,0.4625,12.59584,28.045742792782573,0.023420088073393505,6.391493055555555,25.0,43.0,44.0,0.9632523148148149,0.5177481192129629,248,284,0,36,868,284,0.2465277777777778,no_agent_id,/Users/rajiv/Desktop/FinalYearProject-MARL/results/ablation_models/no_agent_id/coordinated/qmix_seed103.onnx
No agent ID,103,1004,volatile,coordinated,119.71866666666658,0.5272727272727272,0.4727272727272728,14.095840000000104,27.778055887166204,0.027873969793080787,7.091145833333333,31.0,63.0,68.0,0.8955439814814815,0.4721959175084175,278,332,0,54,820,332,0.2881944444444444,no_agent_id,/Users/rajiv/Desktop/FinalYearProject-MARL/results/ablation_models/no_agent_id/coordinated/qmix_seed103.onnx
No agent ID,103,1005,volatile,coordinated,122.41433333333336,0.5630252100840336,0.4369747899159664,12.495839999999998,27.612860050191575,0.023667234942371742,7.664930555555555,34.0,62.0,63.0,0.9586226851851851,0.5397287387177093,246,305,0,59,847,305,0.2647569444444444,no_agent_id,/Users/rajiv/Desktop/FinalYearProject-MARL/results/ablation_models/no_agent_id/coordinated/qmix_seed103.onnx
No agent ID,103,1006,volatile,coordinated,48.517666666666656,0.46303501945525294,0.5369649805447471,12.895840000000025,27.73702749384593,0.01329296170175058,5.712673611111111,24.0,41.0,49.0,0.9024884259259258,0.41788374585675164,254,304,0,50,848,304,0.2638888888888889,no_agent_id,/Users/rajiv/Desktop/FinalYearProject-MARL/results/ablation_models/no_agent_id/coordinated/qmix_seed103.onnx
No agent ID,103,1007,volatile,coordinated,43.761333333333305,0.47280334728033474,0.5271966527196652,12.795840000000029,27.847617605125972,0.009416903443216308,6.955729166666667,27.450000000000045,54.0,62.0,0.9004629629629631,0.42574190299085707,252,297,0,45,855,297,0.2578125,no_agent_id,/Users/rajiv/Desktop/FinalYearProject-MARL/results/ablation_models/no_agent_id/coordinated/qmix_seed103.onnx
No agent ID,103,1008,volatile,coordinated,-3.9946666666666726,0.42328042328042326,0.5767195767195767,11.045839999999965,27.8133897866608,0.026338504508012707,6.664930555555555,25.0,51.0,49.0,0.9048032407407409,0.38298549872623955,217,250,0,33,902,250,0.2170138888888889,no_agent_id,/Users/rajiv/Desktop/FinalYearProject-MARL/results/ablation_models/no_agent_id/coordinated/qmix_seed103.onnx
No agent ID,103,1009,volatile,coordinated,59.89466666666666,0.49261083743842365,0.5073891625615763,11.995839999999996,27.585351449882772,0.012991358712205655,5.453125,18.0,40.0,49.0,0.9545717592592591,0.47023239372377296,236,278,0,42,874,278,0.24131944444444445,no_agent_id,/Users/rajiv/Desktop/FinalYearProject-MARL/results/ablation_models/no_agent_id/coordinated/qmix_seed103.onnx
No agent ID,103,1010,volatile,coordinated,89.15266666666659,0.5406698564593302,0.4593301435406698,12.995840000000053,27.87536673639651,0.025418606546103582,5.870659722222222,23.450000000000045,38.0,70.0,0.949363425925926,0.5132921872231084,256,306,0,50,846,306,0.265625,no_agent_id,/Users/rajiv/Desktop/FinalYearProject-MARL/results/ablation_models/no_agent_id/coordinated/qmix_seed103.onnx
No agent ID,103,1011,volatile,coordinated,48.84366666666668,0.4841628959276018,0.5158371040723981,13.045840000000014,27.8041058670549,0.012485235042954086,6.760416666666667,29.0,53.0,65.0,0.9059606481481483,0.4386325310038546,257,299,0,42,853,299,0.2595486111111111,no_agent_id,/Users/rajiv/Desktop/FinalYearProject-MARL/results/ablation_models/no_agent_id/coordinated/qmix_seed103.onnx
No agent ID,103,1012,volatile,coordinated,33.508,0.4552238805970149,0.5447761194029851,13.34584000000003,27.719253047701116,0.11009406115200651,7.728298611111111,35.450000000000045,62.0,67.0,0.9027777777777778,0.4109660033167496,263,312,0,49,840,312,0.2708333333333333,no_agent_id,/Users/rajiv/Desktop/FinalYearProject-MARL/results/ablation_models/no_agent_id/coordinated/qmix_seed103.onnx
No agent ID,103,1013,volatile,coordinated,76.95766666666655,0.5491329479768786,0.4508670520231214,12.79584000000007,27.505443767934835,0.11177103062352722,6.952256944444445,29.450000000000045,47.0,47.0,0.9649884259259258,0.5299069390922714,252,285,0,33,867,285,0.24739583333333334,no_agent_id,/Users/rajiv/Desktop/FinalYearProject-MARL/results/ablation_models/no_agent_id/coordinated/qmix_seed103.onnx
No agent ID,103,1014,volatile,coordinated,52.50099999999998,0.576271186440678,0.423728813559322,10.84583999999996,27.16643055612605,0.15999295137630298,6.830729166666667,24.0,55.0,45.0,0.9652777777777778,0.5562617702448212,213,242,0,29,910,242,0.21006944444444445,no_agent_id,/Users/rajiv/Desktop/FinalYearProject-MARL/results/ablation_models/no_agent_id/coordinated/qmix_seed103.onnx
No agent ID,103,1015,volatile,coordinated,93.704,0.6012658227848101,0.3987341772151899,12.745840000000078,27.984652380248956,0.08771869298826009,6.014756944444445,23.0,45.0,53.0,0.9756944444444444,0.5866517229254571,251,284,0,33,868,284,0.2465277777777778,no_agent_id,/Users/rajiv/Desktop/FinalYearProject-MARL/results/ablation_models/no_agent_id/coordinated/qmix_seed103.onnx
No agent ID,103,1016,volatile,coordinated,131.29100000000003,0.5335689045936396,0.4664310954063604,14.195840000000066,27.74034214332949,0.027659890870928863,6.778645833333333,34.0,62.0,64.0,0.9253472222222222,0.4937365037298783,280,346,0,66,806,346,0.3003472222222222,no_agent_id,/Users/rajiv/Desktop/FinalYearProject-MARL/results/ablation_models/no_agent_id/coordinated/qmix_seed103.onnx
No agent ID,103,1017,volatile,coordinated,99.74366666666675,0.49828178694158076,0.5017182130584192,13.395840000000117,27.7096812165475,0.028693633946841907,8.348090277777779,36.0,53.0,69.0,0.8816550925925927,0.43931267500318194,264,322,0,58,830,322,0.2795138888888889,no_agent_id,/Users/rajiv/Desktop/FinalYearProject-MARL/results/ablation_models/no_agent_id/coordinated/qmix_seed103.onnx
No agent ID,103,1018,volatile,coordinated,175.98900000000003,0.6339285714285714,0.3660714285714286,14.745840000000094,27.811885286899123,0.14290935039287087,6.128472222222222,29.0,47.0,77.0,0.9791666666666666,0.6207217261904762,291,355,0,64,797,355,0.3081597222222222,no_agent_id,/Users/rajiv/Desktop/FinalYearProject-MARL/results/ablation_models/no_agent_id/coordinated/qmix_seed103.onnx
No agent ID,103,1019,volatile,coordinated,51.12866666666665,0.49473684210526314,0.5052631578947369,12.24584000000001,28.392817341526957,0.10104512744833517,5.540798611111111,20.450000000000045,45.0,57.0,0.9380787037037036,0.4641020955165691,241,292,0,51,860,292,0.2534722222222222,no_agent_id,/Users/rajiv/Desktop/FinalYearProject-MARL/results/ablation_models/no_agent_id/coordinated/qmix_seed103.onnx
No agent ID,103,1020,volatile,coordinated,33.353666666666705,0.4588235294117647,0.5411764705882354,12.995840000000031,27.540248359265487,0.03774127674942637,6.625,28.0,41.0,69.0,0.9241898148148147,0.4240400326797385,256,328,0,72,824,328,0.2847222222222222,no_agent_id,/Users/rajiv/Desktop/FinalYearProject-MARL/results/ablation_models/no_agent_id/coordinated/qmix_seed103.onnx
No agent ID,103,1021,volatile,coordinated,69.22900000000001,0.4977973568281938,0.5022026431718062,12.695840000000015,27.668333776553673,0.022458496308364533,7.256944444444445,33.0,54.0,58.0,0.9427083333333334,0.46927771659324524,250,310,0,60,842,310,0.2690972222222222,no_agent_id,/Users/rajiv/Desktop/FinalYearProject-MARL/results/ablation_models/no_agent_id/coordinated/qmix_seed103.onnx
No agent ID,103,1022,volatile,coordinated,82.99100000000004,0.5217391304347826,0.4782608695652174,12.695840000000025,27.780487312650067,0.0923726160582862,7.888888888888889,35.0,65.0,52.0,0.9253472222222222,0.48278985507246375,250,281,0,31,871,281,0.2439236111111111,no_agent_id,/Users/rajiv/Desktop/FinalYearProject-MARL/results/ablation_models/no_agent_id/coordinated/qmix_seed103.onnx
No agent ID,103,1023,volatile,coordinated,99.17433333333337,0.5463917525773195,0.45360824742268047,12.64584000000002,28.173412349677125,0.08706868726710983,8.784722222222221,36.450000000000045,58.0,47.0,0.9456018518518517,0.5166690530736922,249,277,0,28,875,277,0.2404513888888889,no_agent_id,/Users/rajiv/Desktop/FinalYearProject-MARL/results/ablation_models/no_agent_id/coordinated/qmix_seed103.onnx
No agent ID,103,1024,volatile,coordinated,99.37199999999989,0.6837606837606838,0.3162393162393162,12.095840000000052,27.734086011533236,0.2754262356602139,4.858506944444445,16.0,30.0,48.0,0.9835069444444444,0.6724833808167141,238,268,0,30,884,268,0.2326388888888889,no_agent_id,/Users/rajiv/Desktop/FinalYearProject-MARL/results/ablation_models/no_agent_id/coordinated/qmix_seed103.onnx
No agent ID,103,1025,volatile,coordinated,44.72533333333333,0.4562043795620438,0.5437956204379562,13.295840000000043,27.631273780374894,0.02383876491162796,5.829861111111111,24.0,43.0,63.0,0.9134837962962963,0.4167353085293322,262,317,0,55,835,317,0.2751736111111111,no_agent_id,/Users/rajiv/Desktop/FinalYearProject-MARL/results/ablation_models/no_agent_id/coordinated/qmix_seed103.onnx
No agent ID,103,1026,volatile,coordinated,20.578666666666667,0.4855072463768116,0.5144927536231885,12.04583999999999,28.031244741185912,0.019826275358224663,7.0546875,27.0,46.0,41.0,0.9545717592592591,0.4634515063070316,237,263,0,26,889,263,0.2282986111111111,no_agent_id,/Users/rajiv/Desktop/FinalYearProject-MARL/results/ablation_models/no_agent_id/coordinated/qmix_seed103.onnx
No agent ID,103,1027,volatile,coordinated,100.42999999999988,0.6052631578947368,0.39473684210526316,12.045840000000018,27.875509386714086,0.07194068342154576,6.874131944444445,26.0,47.0,45.0,0.984375,0.5958059210526315,237,277,0,40,875,277,0.2404513888888889,no_agent_id,/Users/rajiv/Desktop/FinalYearProject-MARL/results/ablation_models/no_agent_id/coordinated/qmix_seed103.onnx
No agent ID,103,1028,volatile,coordinated,72.77066666666663,0.5629139072847682,0.4370860927152318,12.345840000000054,27.621479294635346,0.10773424176474704,6.188368055555555,25.0,50.0,46.0,0.9771412037037036,0.5500463729457934,243,276,0,33,876,276,0.23958333333333334,no_agent_id,/Users/rajiv/Desktop/FinalYearProject-MARL/results/ablation_models/no_agent_id/coordinated/qmix_seed103.onnx
No agent ID,103,1029,volatile,coordinated,89.14899999999993,0.5299539170506913,0.4700460829493087,13.045840000000043,27.800474848912,0.03108111375507242,5.623263888888889,21.0,41.0,61.0,0.9479166666666666,0.5023521505376344,257,309,0,52,843,309,0.2682291666666667,no_agent_id,/Users/rajiv/Desktop/FinalYearProject-MARL/results/ablation_models/no_agent_id/coordinated/qmix_seed103.onnx
No agent ID,103,1030,volatile,coordinated,98.02733333333326,0.5324675324675324,0.4675324675324676,12.645840000000042,27.873481980284083,0.08046608267507717,5.955729166666667,22.0,50.0,58.0,0.9386574074074073,0.49980459355459345,249,315,0,66,837,315,0.2734375,no_agent_id,/Users/rajiv/Desktop/FinalYearProject-MARL/results/ablation_models/no_agent_id/coordinated/qmix_seed103.onnx
No coordination constraint,101,1001,volatile,coordinated,-122.5156666666672,0.38943894389438943,0.6105610561056105,19.445840000000196,27.869978979177933,0.022172687084513122,8.63107638888889,41.0,55.0,185.0,0.9004629629629631,0.3506753453123091,385,741,0,356,411,741,0.6432291666666666,no_coordination_constraint,/Users/rajiv/Desktop/FinalYearProject-MARL/results/ablation_models/no_coordination_constraint/coordinated/qmix_seed101.onnx
No coordination constraint,101,1002,volatile,coordinated,-113.6900000000006,0.3970037453183521,0.6029962546816479,19.295840000000187,28.196069389932298,0.020681861555739835,8.953125,42.0,56.0,186.0,0.9340277777777778,0.37081252600915526,382,731,0,349,421,731,0.6345486111111112,no_coordination_constraint,/Users/rajiv/Desktop/FinalYearProject-MARL/results/ablation_models/no_coordination_constraint/coordinated/qmix_seed101.onnx
No coordination constraint,101,1003,volatile,coordinated,-185.1040000000003,0.33125,0.66875,19.445840000000196,28.045742792782573,0.016743846508601327,8.592881944444445,41.0,56.0,186.0,0.9270833333333334,0.3070963541666667,385,739,0,354,413,739,0.6414930555555556,no_coordination_constraint,/Users/rajiv/Desktop/FinalYearProject-MARL/results/ablation_models/no_coordination_constraint/coordinated/qmix_seed101.onnx
No coordination constraint,101,1004,volatile,coordinated,-193.6680000000002,0.3236363636363636,0.6763636363636364,19.395840000000195,27.778055887166204,0.028948258795773327,8.947916666666666,42.0,59.0,185.0,0.8368055555555556,0.27082070707070705,384,731,0,347,421,731,0.6345486111111112,no_coordination_constraint,/Users/rajiv/Desktop/FinalYearProject-MARL/results/ablation_models/no_coordination_constraint/coordinated/qmix_seed101.onnx
No coordination constraint,101,1005,volatile,coordinated,-180.84000000000032,0.35294117647058826,0.6470588235294117,19.295840000000187,27.612860050191575,0.018032791175305846,8.99826388888889,42.0,58.0,186.0,0.8819444444444444,0.3112745098039216,382,737,0,355,415,737,0.6397569444444444,no_coordination_constraint,/Users/rajiv/Desktop/FinalYearProject-MARL/results/ablation_models/no_coordination_constraint/coordinated/qmix_seed101.onnx
No coordination constraint,101,1006,volatile,coordinated,-234.8519999999988,0.2918287937743191,0.7081712062256809,19.5958400000002,27.73702749384593,0.014139064672996662,8.31857638888889,40.0,53.0,185.0,0.8532986111111112,0.24901710440985736,388,747,0,359,405,747,0.6484375,no_coordination_constraint,/Users/rajiv/Desktop/FinalYearProject-MARL/results/ablation_models/no_coordination_constraint/coordinated/qmix_seed101.onnx
No coordination constraint,101,1007,volatile,coordinated,-279.39999999999884,0.24267782426778242,0.7573221757322176,19.645840000000206,27.847617605125972,0.02007865336964234,8.313368055555555,40.0,52.0,184.0,0.8211805555555556,0.19928231055323106,389,750,0,361,402,750,0.6510416666666666,no_coordination_constraint,/Users/rajiv/Desktop/FinalYearProject-MARL/results/ablation_models/no_coordination_constraint/coordinated/qmix_seed101.onnx
No coordination constraint,101,1008,volatile,coordinated,-255.92399999999876,0.2328042328042328,0.7671957671957672,19.245840000000186,27.8133897866608,0.02039393361710967,9.291666666666666,43.0,61.0,183.0,0.875,0.2037037037037037,381,725,0,344,427,725,0.6293402777777778,no_coordination_constraint,/Users/rajiv/Desktop/FinalYearProject-MARL/results/ablation_models/no_coordination_constraint/coordinated/qmix_seed101.onnx
No coordination constraint,101,1009,volatile,coordinated,-223.33300000000077,0.29064039408866993,0.7093596059113301,19.295840000000187,27.585351449882772,0.02065260162658463,9.043402777777779,42.0,57.0,183.0,0.8741319444444444,0.25405805281882865,382,734,0,352,418,734,0.6371527777777778,no_coordination_constraint,/Users/rajiv/Desktop/FinalYearProject-MARL/results/ablation_models/no_coordination_constraint/coordinated/qmix_seed101.onnx
No coordination constraint,101,1010,volatile,coordinated,-174.5830000000002,0.3397129186602871,0.6602870813397129,19.245840000000186,27.87536673639651,0.018116001193753128,9.188368055555555,42.0,58.0,184.0,0.9019097222222222,0.3063903841041999,381,730,0,349,422,730,0.6336805555555556,no_coordination_constraint,/Users/rajiv/Desktop/FinalYearProject-MARL/results/ablation_models/no_coordination_constraint/coordinated/qmix_seed101.onnx
No coordination constraint,101,1011,volatile,coordinated,-248.12799999999882,0.26244343891402716,0.7375565610859729,19.295840000000187,27.8041058670549,0.01654437186383753,9.18142361111111,42.0,58.0,179.0,0.8263888888888888,0.2168803418803419,382,728,0,346,424,728,0.6319444444444444,no_coordination_constraint,/Users/rajiv/Desktop/FinalYearProject-MARL/results/ablation_models/no_coordination_constraint/coordinated/qmix_seed101.onnx
No coordination constraint,101,1012,volatile,coordinated,-217.43499999999892,0.30970149253731344,0.6902985074626866,18.845840000000166,27.719253047701116,0.024735979963439358,9.578125,43.450000000000045,60.0,179.0,0.8472222222222222,0.2623859867330017,373,717,0,344,435,717,0.6223958333333334,no_coordination_constraint,/Users/rajiv/Desktop/FinalYearProject-MARL/results/ablation_models/no_coordination_constraint/coordinated/qmix_seed101.onnx
No coordination constraint,101,1013,volatile,coordinated,-220.56200000000032,0.27167630057803466,0.7283236994219653,19.695840000000207,27.505443767934835,0.022479558362408527,8.296875,40.0,56.0,183.0,0.9166666666666666,0.24903660886319842,390,747,0,357,405,747,0.6484375,no_coordination_constraint,/Users/rajiv/Desktop/FinalYearProject-MARL/results/ablation_models/no_coordination_constraint/coordinated/qmix_seed101.onnx
No coordination constraint,101,1014,volatile,coordinated,-179.60200000000032,0.3220338983050847,0.6779661016949152,18.99584000000018,27.16643055612605,0.029253450663734394,9.430555555555555,43.0,59.0,179.0,0.9340277777777778,0.30078860640301314,376,725,0,349,427,725,0.6293402777777778,no_coordination_constraint,/Users/rajiv/Desktop/FinalYearProject-MARL/results/ablation_models/no_coordination_constraint/coordinated/qmix_seed101.onnx
No coordination constraint,101,1015,volatile,coordinated,-161.03033333333394,0.36075949367088606,0.639240506329114,19.19584000000018,27.984652380248956,0.015240298136103524,8.961805555555555,42.0,57.0,182.0,0.945023148148148,0.3409260724331926,380,736,0,356,416,736,0.6388888888888888,no_coordination_constraint,/Users/rajiv/Desktop/FinalYearProject-MARL/results/ablation_models/no_coordination_constraint/coordinated/qmix_seed101.onnx
No coordination constraint,101,1016,volatile,coordinated,-189.70700000000042,0.3286219081272085,0.6713780918727915,19.645840000000206,27.74034214332949,0.01697202901415041,8.43576388888889,40.0,58.0,184.0,0.8697916666666666,0.28583259717314485,389,747,0,358,405,747,0.6484375,no_coordination_constraint,/Users/rajiv/Desktop/FinalYearProject-MARL/results/ablation_models/no_coordination_constraint/coordinated/qmix_seed101.onnx
No coordination constraint,101,1017,volatile,coordinated,-167.8450000000008,0.3402061855670103,0.6597938144329897,19.045840000000176,27.7096812165475,0.018364533675454202,9.24392361111111,42.450000000000045,58.0,181.0,0.8498263888888888,0.2891161941580756,377,727,0,350,425,727,0.6310763888888888,no_coordination_constraint,/Users/rajiv/Desktop/FinalYearProject-MARL/results/ablation_models/no_coordination_constraint/coordinated/qmix_seed101.onnx
No coordination constraint,101,1018,volatile,coordinated,-152.55500000000086,0.36160714285714285,0.6383928571428572,19.14584000000018,27.811885286899123,0.03166813476666405,9.488715277777779,43.0,59.0,188.0,0.9131944444444444,0.3302176339285714,379,724,0,345,428,724,0.6284722222222222,no_coordination_constraint,/Users/rajiv/Desktop/FinalYearProject-MARL/results/ablation_models/no_coordination_constraint/coordinated/qmix_seed101.onnx
No coordination constraint,101,1019,volatile,coordinated,-186.9763333333335,0.3157894736842105,0.6842105263157895,19.14584000000018,28.392817341526957,0.0238894144137952,9.010416666666666,42.0,59.0,181.0,0.9068287037037036,0.28636695906432746,379,735,0,356,417,735,0.6380208333333334,no_coordination_constraint,/Users/rajiv/Desktop/FinalYearProject-MARL/results/ablation_models/no_coordination_constraint/coordinated/qmix_seed101.onnx
No coordination constraint,101,1020,volatile,coordinated,-184.38500000000064,0.33725490196078434,0.6627450980392157,19.5458400000002,27.540248359265487,0.03097080325380331,8.502604166666666,40.450000000000045,58.0,187.0,0.8993055555555556,0.3032952069716776,387,738,0,351,414,738,0.640625,no_coordination_constraint,/Users/rajiv/Desktop/FinalYearProject-MARL/results/ablation_models/no_coordination_constraint/coordinated/qmix_seed101.onnx
No coordination constraint,101,1021,volatile,coordinated,-198.7070000000006,0.31718061674008813,0.6828193832599119,19.245840000000186,27.668333776553673,0.01896302854195146,8.776041666666666,41.0,56.0,186.0,0.8871527777777778,0.28138766519823794,381,738,0,357,414,738,0.640625,no_coordination_constraint,/Users/rajiv/Desktop/FinalYearProject-MARL/results/ablation_models/no_coordination_constraint/coordinated/qmix_seed101.onnx
No coordination constraint,101,1022,volatile,coordinated,-226.2113333333339,0.2753623188405797,0.7246376811594203,18.99584000000017,27.780487312650067,0.023564523247107002,9.577256944444445,43.450000000000045,61.0,180.0,0.8538773148148148,0.2351256374127751,376,724,0,348,428,724,0.6284722222222222,no_coordination_constraint,/Users/rajiv/Desktop/FinalYearProject-MARL/results/ablation_models/no_coordination_constraint/coordinated/qmix_seed101.onnx
No coordination constraint,101,1023,volatile,coordinated,-178.30366666666717,0.33505154639175255,0.6649484536082475,19.345840000000187,28.173412349677125,0.022727364343820687,8.99826388888889,42.0,56.0,184.0,0.8796296296296295,0.2947212676594119,383,740,0,357,412,740,0.6423611111111112,no_coordination_constraint,/Users/rajiv/Desktop/FinalYearProject-MARL/results/ablation_models/no_coordination_constraint/coordinated/qmix_seed101.onnx
No coordination constraint,101,1024,volatile,coordinated,-124.6570000000002,0.452991452991453,0.5470085470085471,19.645840000000206,27.734086011533236,0.022331962229466956,8.285590277777779,40.0,55.0,187.0,0.9548611111111112,0.4325439221272555,389,748,0,359,404,748,0.6493055555555556,no_coordination_constraint,/Users/rajiv/Desktop/FinalYearProject-MARL/results/ablation_models/no_coordination_constraint/coordinated/qmix_seed101.onnx
No coordination constraint,101,1025,volatile,coordinated,-275.21799999999956,0.2591240875912409,0.7408759124087592,19.745840000000207,27.631273780374894,0.02148317452952489,8.02170138888889,39.0,51.0,187.0,0.8324652777777778,0.21571180555555558,391,749,0,358,403,749,0.6501736111111112,no_coordination_constraint,/Users/rajiv/Desktop/FinalYearProject-MARL/results/ablation_models/no_coordination_constraint/coordinated/qmix_seed101.onnx
No coordination constraint,101,1026,volatile,coordinated,-248.85400000000018,0.21739130434782608,0.782608695652174,19.4958400000002,28.031244741185912,0.018433499490070678,8.460069444444445,40.0,54.0,186.0,0.8923611111111112,0.1939915458937198,386,743,0,357,409,743,0.6449652777777778,no_coordination_constraint,/Users/rajiv/Desktop/FinalYearProject-MARL/results/ablation_models/no_coordination_constraint/coordinated/qmix_seed101.onnx
No coordination constraint,101,1027,volatile,coordinated,-218.78200000000027,0.26973684210526316,0.7302631578947368,18.99584000000017,27.875509386714086,0.02069592542697217,9.526909722222221,43.0,60.0,185.0,0.9027777777777778,0.2435124269005848,376,721,0,345,431,721,0.6258680555555556,no_coordination_constraint,/Users/rajiv/Desktop/FinalYearProject-MARL/results/ablation_models/no_coordination_constraint/coordinated/qmix_seed101.onnx
No coordination constraint,101,1028,volatile,coordinated,-172.2930000000005,0.3443708609271523,0.6556291390728477,19.4958400000002,27.621479294635346,0.022815319989440946,8.629340277777779,41.0,55.0,185.0,0.9401041666666666,0.3237444812362031,386,743,0,357,409,743,0.6449652777777778,no_coordination_constraint,/Users/rajiv/Desktop/FinalYearProject-MARL/results/ablation_models/no_coordination_constraint/coordinated/qmix_seed101.onnx
No coordination constraint,101,1029,volatile,coordinated,-199.78699999999967,0.31797235023041476,0.6820276497695852,19.445840000000196,27.800474848912,0.021589202343697666,8.92795138888889,42.0,60.0,182.0,0.8741319444444444,0.27794978878648235,385,735,0,350,417,735,0.6380208333333334,no_coordination_constraint,/Users/rajiv/Desktop/FinalYearProject-MARL/results/ablation_models/no_coordination_constraint/coordinated/qmix_seed101.onnx
No coordination constraint,101,1030,volatile,coordinated,-160.84500000000054,0.3593073593073593,0.6406926406926408,19.045840000000176,27.873481980284083,0.015308128086021569,9.097222222222221,42.0,58.0,183.0,0.8993055555555556,0.3231271043771044,377,731,0,354,421,731,0.6345486111111112,no_coordination_constraint,/Users/rajiv/Desktop/FinalYearProject-MARL/results/ablation_models/no_coordination_constraint/coordinated/qmix_seed101.onnx
No coordination constraint,102,1001,volatile,coordinated,-105.75133333333329,0.39603960396039606,0.6039603960396039,19.24584000000019,27.869978979177933,0.03151874816696724,8.913194444444445,42.0,55.0,174.0,0.8972800925925927,0.3553584525119179,381,686,0,305,466,686,0.5954861111111112,no_coordination_constraint,/Users/rajiv/Desktop/FinalYearProject-MARL/results/ablation_models/no_coordination_constraint/coordinated/qmix_seed102.onnx
No coordination constraint,102,1002,volatile,coordinated,-99.24600000000038,0.40823970037453183,0.5917602996254682,19.245840000000186,28.196069389932298,0.02704381784282651,9.091145833333334,42.0,56.0,183.0,0.9340277777777778,0.3813072201414898,381,705,0,324,447,705,0.6119791666666666,no_coordination_constraint,/Users/rajiv/Desktop/FinalYearProject-MARL/results/ablation_models/no_coordination_constraint/coordinated/qmix_seed102.onnx
No coordination constraint,102,1003,volatile,coordinated,-164.01100000000048,0.35,0.65,19.395840000000195,28.045742792782573,0.01674384650860133,8.863715277777779,41.450000000000045,56.0,175.0,0.9270833333333334,0.32447916666666665,384,685,0,301,467,685,0.5946180555555556,no_coordination_constraint,/Users/rajiv/Desktop/FinalYearProject-MARL/results/ablation_models/no_coordination_constraint/coordinated/qmix_seed102.onnx
No coordination constraint,102,1004,volatile,coordinated,-183.33933333333337,0.32727272727272727,0.6727272727272727,19.395840000000195,27.778055887166204,0.02248517473278543,9.247395833333334,43.0,59.0,179.0,0.8391203703703705,0.27462121212121215,384,696,0,312,456,696,0.6041666666666666,no_coordination_constraint,/Users/rajiv/Desktop/FinalYearProject-MARL/results/ablation_models/no_coordination_constraint/coordinated/qmix_seed102.onnx
No coordination constraint,102,1005,volatile,coordinated,-167.5370000000001,0.35714285714285715,0.6428571428571428,19.195840000000185,27.612860050191575,0.018032791175305846,9.082465277777779,42.0,58.0,178.0,0.8819444444444444,0.3149801587301587,380,678,0,298,474,678,0.5885416666666666,no_coordination_constraint,/Users/rajiv/Desktop/FinalYearProject-MARL/results/ablation_models/no_coordination_constraint/coordinated/qmix_seed102.onnx
No coordination constraint,102,1006,volatile,coordinated,-238.78899999999913,0.2801556420233463,0.7198443579766537,19.5458400000002,27.73702749384593,0.011446316565126072,8.705729166666666,41.0,53.0,178.0,0.8498263888888888,0.23808365758754862,387,702,0,315,450,702,0.609375,no_coordination_constraint,/Users/rajiv/Desktop/FinalYearProject-MARL/results/ablation_models/no_coordination_constraint/coordinated/qmix_seed102.onnx
No coordination constraint,102,1007,volatile,coordinated,-265.84299999999905,0.2510460251046025,0.7489539748953975,19.645840000000206,27.847617605125972,0.02007865336964234,8.43923611111111,40.0,52.0,178.0,0.8211805555555556,0.20615411436541142,389,713,0,324,439,713,0.6189236111111112,no_coordination_constraint,/Users/rajiv/Desktop/FinalYearProject-MARL/results/ablation_models/no_coordination_constraint/coordinated/qmix_seed102.onnx
No coordination constraint,102,1008,volatile,coordinated,-231.65299999999928,0.24338624338624337,0.7566137566137566,19.145840000000184,27.8133897866608,0.010866143221921167,9.833333333333334,44.0,65.0,163.0,0.875,0.21296296296296297,379,647,0,268,505,647,0.5616319444444444,no_coordination_constraint,/Users/rajiv/Desktop/FinalYearProject-MARL/results/ablation_models/no_coordination_constraint/coordinated/qmix_seed102.onnx
No coordination constraint,102,1009,volatile,coordinated,-209.65500000000037,0.2955665024630542,0.7044334975369457,19.245840000000186,27.585351449882772,0.019294225378939496,9.42795138888889,43.0,58.0,173.0,0.8741319444444444,0.25836412151067323,381,678,0,297,474,678,0.5885416666666666,no_coordination_constraint,/Users/rajiv/Desktop/FinalYearProject-MARL/results/ablation_models/no_coordination_constraint/coordinated/qmix_seed102.onnx
No coordination constraint,102,1010,volatile,coordinated,-163.17700000000048,0.3444976076555024,0.6555023923444976,19.195840000000185,27.87536673639651,0.018308358876546835,9.359375,43.0,58.0,177.0,0.9019097222222222,0.31070574162679426,380,684,0,304,468,684,0.59375,no_coordination_constraint,/Users/rajiv/Desktop/FinalYearProject-MARL/results/ablation_models/no_coordination_constraint/coordinated/qmix_seed102.onnx
No coordination constraint,102,1011,volatile,coordinated,-234.60999999999922,0.2669683257918552,0.7330316742081449,19.295840000000187,27.8041058670549,0.011441303413969438,9.252604166666666,42.0,58.0,167.0,0.8263888888888888,0.2206196581196581,382,687,0,305,465,687,0.5963541666666666,no_coordination_constraint,/Users/rajiv/Desktop/FinalYearProject-MARL/results/ablation_models/no_coordination_constraint/coordinated/qmix_seed102.onnx
No coordination constraint,102,1012,volatile,coordinated,-208.9299999999992,0.31343283582089554,0.6865671641791045,18.795840000000165,27.719253047701116,0.024735979963439358,9.66232638888889,44.0,60.0,174.0,0.8472222222222222,0.26554726368159204,372,691,0,319,461,691,0.5998263888888888,no_coordination_constraint,/Users/rajiv/Desktop/FinalYearProject-MARL/results/ablation_models/no_coordination_constraint/coordinated/qmix_seed102.onnx
No coordination constraint,102,1013,volatile,coordinated,-202.1823333333336,0.27167630057803466,0.7283236994219653,19.395840000000202,27.505443767934835,0.01681889654109385,9.350694444444445,42.450000000000045,56.0,162.0,0.9137731481481483,0.24825050845643332,384,648,0,264,504,648,0.5625,no_coordination_constraint,/Users/rajiv/Desktop/FinalYearProject-MARL/results/ablation_models/no_coordination_constraint/coordinated/qmix_seed102.onnx
No coordination constraint,102,1014,volatile,coordinated,-169.17400000000026,0.3220338983050847,0.6779661016949152,18.945840000000175,27.16643055612605,0.02744136646680756,9.758680555555555,44.0,59.0,171.0,0.9340277777777778,0.30078860640301314,375,657,0,282,495,657,0.5703125,no_coordination_constraint,/Users/rajiv/Desktop/FinalYearProject-MARL/results/ablation_models/no_coordination_constraint/coordinated/qmix_seed102.onnx
No coordination constraint,102,1015,volatile,coordinated,-148.85633333333354,0.36075949367088606,0.639240506329114,19.19584000000018,27.984652380248956,0.01524029813610353,9.25,43.0,57.0,169.0,0.945023148148148,0.3409260724331926,380,676,0,296,476,676,0.5868055555555556,no_coordination_constraint,/Users/rajiv/Desktop/FinalYearProject-MARL/results/ablation_models/no_coordination_constraint/coordinated/qmix_seed102.onnx
No coordination constraint,102,1016,volatile,coordinated,-180.91100000000023,0.3321554770318021,0.667844522968198,19.645840000000206,27.74034214332949,0.016972029014150413,8.527777777777779,40.450000000000045,58.0,179.0,0.8697916666666666,0.28890606595995283,389,718,0,329,434,718,0.6232638888888888,no_coordination_constraint,/Users/rajiv/Desktop/FinalYearProject-MARL/results/ablation_models/no_coordination_constraint/coordinated/qmix_seed102.onnx
No coordination constraint,102,1017,volatile,coordinated,-148.74600000000035,0.3470790378006873,0.6529209621993127,18.995840000000175,27.7096812165475,0.010999965994389684,9.421006944444445,43.0,58.0,168.0,0.8532986111111112,0.2961620609011073,376,679,0,303,473,679,0.5894097222222222,no_coordination_constraint,/Users/rajiv/Desktop/FinalYearProject-MARL/results/ablation_models/no_coordination_constraint/coordinated/qmix_seed102.onnx
No coordination constraint,102,1018,volatile,coordinated,-148.96000000000072,0.36160714285714285,0.6383928571428572,19.14584000000018,27.811885286899123,0.021386067292956338,9.493055555555555,43.0,59.0,184.0,0.9131944444444444,0.3302176339285714,379,708,0,329,444,708,0.6145833333333334,no_coordination_constraint,/Users/rajiv/Desktop/FinalYearProject-MARL/results/ablation_models/no_coordination_constraint/coordinated/qmix_seed102.onnx
No coordination constraint,102,1019,volatile,coordinated,-176.7963333333336,0.3157894736842105,0.6842105263157895,19.14584000000018,28.392817341526957,0.0238894144137952,9.114583333333334,42.0,59.0,171.0,0.9068287037037036,0.28636695906432746,379,682,0,303,470,682,0.5920138888888888,no_coordination_constraint,/Users/rajiv/Desktop/FinalYearProject-MARL/results/ablation_models/no_coordination_constraint/coordinated/qmix_seed102.onnx
No coordination constraint,102,1020,volatile,coordinated,-159.06533333333363,0.34901960784313724,0.6509803921568628,19.5458400000002,27.540248359265487,0.021373896239446327,8.76388888888889,41.0,58.0,172.0,0.9042245370370371,0.315592093318809,387,676,0,289,476,676,0.5868055555555556,no_coordination_constraint,/Users/rajiv/Desktop/FinalYearProject-MARL/results/ablation_models/no_coordination_constraint/coordinated/qmix_seed102.onnx
No coordination constraint,102,1021,volatile,coordinated,-188.09400000000053,0.32158590308370044,0.6784140969162995,19.245840000000186,27.668333776553673,0.018963028541951463,8.940972222222221,42.0,56.0,180.0,0.8888888888888888,0.28585413607440036,381,700,0,319,452,700,0.6076388888888888,no_coordination_constraint,/Users/rajiv/Desktop/FinalYearProject-MARL/results/ablation_models/no_coordination_constraint/coordinated/qmix_seed102.onnx
No coordination constraint,102,1022,volatile,coordinated,-205.05833333333388,0.28502415458937197,0.7149758454106281,18.94584000000017,27.780487312650067,0.015007176100860147,9.883680555555555,45.0,61.0,164.0,0.857349537037037,0.24436532698157093,375,669,0,294,483,669,0.5807291666666666,no_coordination_constraint,/Users/rajiv/Desktop/FinalYearProject-MARL/results/ablation_models/no_coordination_constraint/coordinated/qmix_seed102.onnx
No coordination constraint,102,1023,volatile,coordinated,-163.76966666666718,0.33505154639175255,0.6649484536082475,19.295840000000187,28.173412349677125,0.019763645453178127,9.319444444444445,42.450000000000045,56.0,167.0,0.8796296296296295,0.2947212676594119,382,676,0,294,476,676,0.5868055555555556,no_coordination_constraint,/Users/rajiv/Desktop/FinalYearProject-MARL/results/ablation_models/no_coordination_constraint/coordinated/qmix_seed102.onnx
No coordination constraint,102,1024,volatile,coordinated,-114.397,0.452991452991453,0.5470085470085471,19.645840000000206,27.734086011533236,0.02233196222946695,8.408854166666666,40.0,55.0,176.0,0.9548611111111112,0.4325439221272555,389,699,0,310,453,699,0.6067708333333334,no_coordination_constraint,/Users/rajiv/Desktop/FinalYearProject-MARL/results/ablation_models/no_coordination_constraint/coordinated/qmix_seed102.onnx
No coordination constraint,102,1025,volatile,coordinated,-256.0199999999998,0.2664233576642336,0.7335766423357664,19.64584000000021,27.631273780374894,0.013476039715495165,8.37673611111111,40.0,51.0,176.0,0.8359375,0.22271327554744527,389,688,0,299,464,688,0.5972222222222222,no_coordination_constraint,/Users/rajiv/Desktop/FinalYearProject-MARL/results/ablation_models/no_coordination_constraint/coordinated/qmix_seed102.onnx
No coordination constraint,102,1026,volatile,coordinated,-228.5320000000002,0.2246376811594203,0.7753623188405797,19.345840000000194,28.031244741185912,0.026187490519228654,9.063368055555555,42.0,55.0,164.0,0.8923611111111112,0.20045793075684382,383,678,0,295,474,678,0.5885416666666666,no_coordination_constraint,/Users/rajiv/Desktop/FinalYearProject-MARL/results/ablation_models/no_coordination_constraint/coordinated/qmix_seed102.onnx
No coordination constraint,102,1027,volatile,coordinated,-205.9590000000003,0.27631578947368424,0.7236842105263157,18.99584000000017,27.875509386714086,0.020695925426972173,9.675347222222221,44.0,59.0,177.0,0.9027777777777778,0.24945175438596495,376,666,0,290,486,666,0.578125,no_coordination_constraint,/Users/rajiv/Desktop/FinalYearProject-MARL/results/ablation_models/no_coordination_constraint/coordinated/qmix_seed102.onnx
No coordination constraint,102,1028,volatile,coordinated,-152.81400000000056,0.36423841059602646,0.6357615894039735,19.495840000000197,27.621479294635346,0.02281531998944094,8.930555555555555,41.450000000000045,58.0,176.0,0.9401041666666666,0.3424220474613686,386,695,0,309,457,695,0.6032986111111112,no_coordination_constraint,/Users/rajiv/Desktop/FinalYearProject-MARL/results/ablation_models/no_coordination_constraint/coordinated/qmix_seed102.onnx
No coordination constraint,102,1029,volatile,coordinated,-186.57333333333378,0.3225806451612903,0.6774193548387097,19.445840000000196,27.800474848912,0.0179314318621216,9.065104166666666,42.0,60.0,171.0,0.8747106481481483,0.2821647252090801,385,693,0,308,459,693,0.6015625,no_coordination_constraint,/Users/rajiv/Desktop/FinalYearProject-MARL/results/ablation_models/no_coordination_constraint/coordinated/qmix_seed102.onnx
No coordination constraint,102,1030,volatile,coordinated,-151.22200000000046,0.3593073593073593,0.6406926406926408,18.995840000000175,27.873481980284083,0.007666906476748086,9.519097222222221,44.0,58.0,171.0,0.8993055555555556,0.3231271043771044,376,690,0,314,462,690,0.5989583333333334,no_coordination_constraint,/Users/rajiv/Desktop/FinalYearProject-MARL/results/ablation_models/no_coordination_constraint/coordinated/qmix_seed102.onnx
No coordination constraint,103,1001,volatile,coordinated,-114.13333333333372,0.39603960396039606,0.6039603960396039,19.39584000000019,27.869978979177933,0.03151874816696724,8.669270833333334,41.0,53.0,182.0,0.8981481481481483,0.35570223689035574,384,735,0,351,417,735,0.6380208333333334,no_coordination_constraint,/Users/rajiv/Desktop/FinalYearProject-MARL/results/ablation_models/no_coordination_constraint/coordinated/qmix_seed103.onnx
No coordination constraint,103,1002,volatile,coordinated,-112.19000000000051,0.3970037453183521,0.6029962546816479,19.295840000000187,28.196069389932298,0.020681861555739835,8.958333333333334,42.0,57.0,184.0,0.9340277777777778,0.37081252600915526,382,726,0,344,426,726,0.6302083333333334,no_coordination_constraint,/Users/rajiv/Desktop/FinalYearProject-MARL/results/ablation_models/no_coordination_constraint/coordinated/qmix_seed103.onnx
No coordination constraint,103,1003,volatile,coordinated,-184.01900000000018,0.325,0.675,19.445840000000196,28.045742792782573,0.01674384650860133,8.988715277777779,42.0,60.0,179.0,0.9270833333333334,0.30130208333333336,385,724,0,339,428,724,0.6284722222222222,no_coordination_constraint,/Users/rajiv/Desktop/FinalYearProject-MARL/results/ablation_models/no_coordination_constraint/coordinated/qmix_seed103.onnx
No coordination constraint,103,1004,volatile,coordinated,-191.74233333333348,0.3236363636363636,0.6763636363636364,19.395840000000195,27.778055887166204,0.028948258795773327,9.072916666666666,42.0,59.0,183.0,0.8373842592592593,0.27100799663299663,384,722,0,338,430,722,0.6267361111111112,no_coordination_constraint,/Users/rajiv/Desktop/FinalYearProject-MARL/results/ablation_models/no_coordination_constraint/coordinated/qmix_seed103.onnx
No coordination constraint,103,1005,volatile,coordinated,-173.7030000000001,0.35714285714285715,0.6428571428571428,19.295840000000187,27.612860050191575,0.018032791175305846,9.010416666666666,42.0,58.0,182.0,0.8845486111111112,0.31591021825396826,382,728,0,346,424,728,0.6319444444444444,no_coordination_constraint,/Users/rajiv/Desktop/FinalYearProject-MARL/results/ablation_models/no_coordination_constraint/coordinated/qmix_seed103.onnx
No coordination constraint,103,1006,volatile,coordinated,-238.03699999999887,0.28793774319066145,0.7120622568093385,19.5958400000002,27.73702749384593,0.011446316565126062,8.394097222222221,40.0,53.0,185.0,0.8515625,0.24519698443579765,388,738,0,350,414,738,0.640625,no_coordination_constraint,/Users/rajiv/Desktop/FinalYearProject-MARL/results/ablation_models/no_coordination_constraint/coordinated/qmix_seed103.onnx
No coordination constraint,103,1007,volatile,coordinated,-279.39999999999884,0.24267782426778242,0.7573221757322176,19.645840000000206,27.847617605125972,0.02007865336964234,8.313368055555555,40.0,52.0,184.0,0.8211805555555556,0.19928231055323106,389,750,0,361,402,750,0.6510416666666666,no_coordination_constraint,/Users/rajiv/Desktop/FinalYearProject-MARL/results/ablation_models/no_coordination_constraint/coordinated/qmix_seed103.onnx
No coordination constraint,103,1008,volatile,coordinated,-254.47299999999876,0.2328042328042328,0.7671957671957672,19.245840000000186,27.8133897866608,0.02039393361710967,9.34548611111111,43.0,62.0,181.0,0.875,0.2037037037037037,381,720,0,339,432,720,0.625,no_coordination_constraint,/Users/rajiv/Desktop/FinalYearProject-MARL/results/ablation_models/no_coordination_constraint/coordinated/qmix_seed103.onnx
No coordination constraint,103,1009,volatile,coordinated,-217.93800000000073,0.2955665024630542,0.7044334975369457,19.295840000000187,27.585351449882772,0.02065260162658463,9.1484375,42.0,58.0,181.0,0.8741319444444444,0.25836412151067323,382,724,0,342,428,724,0.6284722222222222,no_coordination_constraint,/Users/rajiv/Desktop/FinalYearProject-MARL/results/ablation_models/no_coordination_constraint/coordinated/qmix_seed103.onnx
No coordination constraint,103,1010,volatile,coordinated,-173.78400000000022,0.3397129186602871,0.6602870813397129,19.245840000000186,27.87536673639651,0.018116001193753128,9.18923611111111,42.0,58.0,183.0,0.9019097222222222,0.3063903841041999,381,727,0,346,425,727,0.6310763888888888,no_coordination_constraint,/Users/rajiv/Desktop/FinalYearProject-MARL/results/ablation_models/no_coordination_constraint/coordinated/qmix_seed103.onnx
No coordination constraint,103,1011,volatile,coordinated,-247.52899999999883,0.26244343891402716,0.7375565610859729,19.295840000000187,27.8041058670549,0.01339650025044282,9.182291666666666,42.0,58.0,178.0,0.8263888888888888,0.2168803418803419,382,727,0,345,425,727,0.6310763888888888,no_coordination_constraint,/Users/rajiv/Desktop/FinalYearProject-MARL/results/ablation_models/no_coordination_constraint/coordinated/qmix_seed103.onnx
No coordination constraint,103,1012,volatile,coordinated,-217.23499999999893,0.30970149253731344,0.6902985074626866,18.845840000000166,27.719253047701116,0.024735979963439358,9.578125,43.450000000000045,60.0,179.0,0.8472222222222222,0.2623859867330017,373,715,0,342,437,715,0.6206597222222222,no_coordination_constraint,/Users/rajiv/Desktop/FinalYearProject-MARL/results/ablation_models/no_coordination_constraint/coordinated/qmix_seed103.onnx
No coordination constraint,103,1013,volatile,coordinated,-214.36833333333362,0.27167630057803466,0.7283236994219653,19.595840000000205,27.505443767934835,0.018987802932608135,8.980902777777779,42.0,56.0,175.0,0.9137731481481483,0.24825050845643332,388,709,0,321,443,709,0.6154513888888888,no_coordination_constraint,/Users/rajiv/Desktop/FinalYearProject-MARL/results/ablation_models/no_coordination_constraint/coordinated/qmix_seed103.onnx
No coordination constraint,103,1014,volatile,coordinated,-178.10800000000026,0.3220338983050847,0.6779661016949152,18.99584000000018,27.16643055612605,0.029253450663734394,9.4296875,43.0,57.0,177.0,0.9305555555555556,0.2996704331450094,376,710,0,334,442,710,0.6163194444444444,no_coordination_constraint,/Users/rajiv/Desktop/FinalYearProject-MARL/results/ablation_models/no_coordination_constraint/coordinated/qmix_seed103.onnx
No coordination constraint,103,1015,volatile,coordinated,-158.90533333333383,0.36075949367088606,0.639240506329114,19.19584000000018,27.984652380248956,0.015240298136103527,9.1171875,42.0,57.0,180.0,0.945023148148148,0.3409260724331926,380,723,0,343,429,723,0.6276041666666666,no_coordination_constraint,/Users/rajiv/Desktop/FinalYearProject-MARL/results/ablation_models/no_coordination_constraint/coordinated/qmix_seed103.onnx
No coordination constraint,103,1016,volatile,coordinated,-189.70700000000042,0.3286219081272085,0.6713780918727915,19.645840000000206,27.74034214332949,0.01697202901415041,8.43576388888889,40.0,58.0,184.0,0.8697916666666666,0.28583259717314485,389,747,0,358,405,747,0.6484375,no_coordination_constraint,/Users/rajiv/Desktop/FinalYearProject-MARL/results/ablation_models/no_coordination_constraint/coordinated/qmix_seed103.onnx
No coordination constraint,103,1017,volatile,coordinated,-167.04800000000077,0.3402061855670103,0.6597938144329897,19.045840000000176,27.7096812165475,0.018364533675454202,9.246527777777779,42.450000000000045,58.0,180.0,0.8498263888888888,0.2891161941580756,377,724,0,347,428,724,0.6284722222222222,no_coordination_constraint,/Users/rajiv/Desktop/FinalYearProject-MARL/results/ablation_models/no_coordination_constraint/coordinated/qmix_seed103.onnx
No coordination constraint,103,1018,volatile,coordinated,-152.55500000000086,0.36160714285714285,0.6383928571428572,19.14584000000018,27.811885286899123,0.03166813476666405,9.488715277777779,43.0,59.0,188.0,0.9131944444444444,0.3302176339285714,379,724,0,345,428,724,0.6284722222222222,no_coordination_constraint,/Users/rajiv/Desktop/FinalYearProject-MARL/results/ablation_models/no_coordination_constraint/coordinated/qmix_seed103.onnx
No coordination constraint,103,1019,volatile,coordinated,-183.3343333333336,0.32105263157894737,0.6789473684210526,19.14584000000018,28.392817341526957,0.0238894144137952,9.16232638888889,42.0,60.0,181.0,0.9050925925925924,0.2905823586744639,379,727,0,348,425,727,0.6310763888888888,no_coordination_constraint,/Users/rajiv/Desktop/FinalYearProject-MARL/results/ablation_models/no_coordination_constraint/coordinated/qmix_seed103.onnx
No coordination constraint,103,1020,volatile,coordinated,-180.4300000000005,0.3411764705882353,0.6588235294117647,19.5458400000002,27.540248359265487,0.03097080325380331,8.542534722222221,41.0,58.0,187.0,0.8993055555555556,0.3068218954248366,387,733,0,346,419,733,0.6362847222222222,no_coordination_constraint,/Users/rajiv/Desktop/FinalYearProject-MARL/results/ablation_models/no_coordination_constraint/coordinated/qmix_seed103.onnx
No coordination constraint,103,1021,volatile,coordinated,-201.21500000000052,0.31277533039647576,0.6872246696035242,19.245840000000186,27.668333776553673,0.01896302854195146,8.688368055555555,41.0,55.0,185.0,0.8871527777777778,0.2774795031815957,381,734,0,353,418,734,0.6371527777777778,no_coordination_constraint,/Users/rajiv/Desktop/FinalYearProject-MARL/results/ablation_models/no_coordination_constraint/coordinated/qmix_seed103.onnx
No coordination constraint,103,1022,volatile,coordinated,-224.43166666666707,0.27053140096618356,0.7294685990338164,18.99584000000017,27.780487312650067,0.02356452324710701,9.891493055555555,45.0,61.0,175.0,0.8587962962962963,0.2323313651816067,376,707,0,331,445,707,0.6137152777777778,no_coordination_constraint,/Users/rajiv/Desktop/FinalYearProject-MARL/results/ablation_models/no_coordination_constraint/coordinated/qmix_seed103.onnx
No coordination constraint,103,1023,volatile,coordinated,-177.18966666666714,0.33505154639175255,0.6649484536082475,19.345840000000187,28.173412349677125,0.02272736434382069,9.074652777777779,42.0,56.0,183.0,0.8796296296296295,0.2947212676594119,383,733,0,350,419,733,0.6362847222222222,no_coordination_constraint,/Users/rajiv/Desktop/FinalYearProject-MARL/results/ablation_models/no_coordination_constraint/coordinated/qmix_seed103.onnx
No coordination constraint,103,1024,volatile,coordinated,-123.65600000000019,0.452991452991453,0.5470085470085471,19.645840000000206,27.734086011533236,0.022331962229466956,8.565104166666666,41.0,58.0,186.0,0.9548611111111112,0.4325439221272555,389,740,0,351,412,740,0.6423611111111112,no_coordination_constraint,/Users/rajiv/Desktop/FinalYearProject-MARL/results/ablation_models/no_coordination_constraint/coordinated/qmix_seed103.onnx
No coordination constraint,103,1025,volatile,coordinated,-265.21933333333317,0.2664233576642336,0.7335766423357664,19.745840000000207,27.631273780374894,0.02148317452952489,8.12673611111111,39.0,52.0,185.0,0.8373842592592593,0.22309872600702896,391,742,0,351,410,742,0.6440972222222222,no_coordination_constraint,/Users/rajiv/Desktop/FinalYearProject-MARL/results/ablation_models/no_coordination_constraint/coordinated/qmix_seed103.onnx
No coordination constraint,103,1026,volatile,coordinated,-245.28900000000013,0.21739130434782608,0.782608695652174,19.495840000000197,28.031244741185912,0.016625463779328654,8.57986111111111,41.0,54.0,181.0,0.8923611111111112,0.1939915458937198,386,731,0,345,421,731,0.6345486111111112,no_coordination_constraint,/Users/rajiv/Desktop/FinalYearProject-MARL/results/ablation_models/no_coordination_constraint/coordinated/qmix_seed103.onnx
No coordination constraint,103,1027,volatile,coordinated,-218.36700000000025,0.26973684210526316,0.7302631578947368,18.99584000000017,27.875509386714086,0.02069592542697217,9.602430555555555,44.0,60.0,185.0,0.9027777777777778,0.2435124269005848,376,716,0,340,436,716,0.6215277777777778,no_coordination_constraint,/Users/rajiv/Desktop/FinalYearProject-MARL/results/ablation_models/no_coordination_constraint/coordinated/qmix_seed103.onnx
No coordination constraint,103,1028,volatile,coordinated,-166.31333333333382,0.3443708609271523,0.6556291390728477,19.495840000000197,27.621479294635346,0.022815319989440946,8.902777777777779,41.450000000000045,58.0,178.0,0.9424189814814815,0.3245416360068678,386,722,0,336,430,722,0.6267361111111112,no_coordination_constraint,/Users/rajiv/Desktop/FinalYearProject-MARL/results/ablation_models/no_coordination_constraint/coordinated/qmix_seed103.onnx
No coordination constraint,103,1029,volatile,coordinated,-199.58799999999965,0.31797235023041476,0.6820276497695852,19.445840000000196,27.800474848912,0.021589202343697666,8.928819444444445,42.0,60.0,182.0,0.8741319444444444,0.27794978878648235,385,733,0,348,419,733,0.6362847222222222,no_coordination_constraint,/Users/rajiv/Desktop/FinalYearProject-MARL/results/ablation_models/no_coordination_constraint/coordinated/qmix_seed103.onnx
No coordination constraint,103,1030,volatile,coordinated,-159.38000000000056,0.3593073593073593,0.6406926406926408,19.045840000000176,27.873481980284083,0.015308128086021569,9.221354166666666,42.450000000000045,58.0,181.0,0.8993055555555556,0.3231271043771044,377,725,0,348,427,725,0.6293402777777778,no_coordination_constraint,/Users/rajiv/Desktop/FinalYearProject-MARL/results/ablation_models/no_coordination_constraint/coordinated/qmix_seed103.onnx
