policy,training_seed,environment_seed,scenario,regime,raw_episode_reward,event_recall,missed_event_rate,total_energy_consumption,harvested_energy,final_battery,mean_aoi,p95_aoi,max_aoi,redundant_sampling,network_coverage,network_utility,samples_delivered,samples_requested,sample_rejections,channel_blocks,sleep_actions,sample_actions,sample_action_fraction
Always Sleep,,1001,volatile,coordinated,-506.9999999999977,0.0,1.0,0.1958400000000021,27.869978979177933,0.9875899999999997,144.5,274.0,288.0,0.0,0.5694444444444444,0.0,0,0,0,0,1152,0,0.0
Always Sleep,,1002,volatile,coordinated,-452.99999999999795,0.0,1.0,0.1958400000000021,28.196069389932298,0.9875899999999997,144.5,274.0,288.0,0.0,0.6145833333333334,0.0,0,0,0,0,1152,0,0.0
Always Sleep,,1003,volatile,coordinated,-292.4999999999988,0.0,1.0,0.1958400000000021,28.045742792782573,0.9875899999999997,144.5,274.0,288.0,0.0,0.7673611111111112,0.0,0,0,0,0,1152,0,0.0
Always Sleep,,1004,volatile,coordinated,-464.999999999998,0.0,1.0,0.1958400000000021,27.778055887166204,0.9875899999999997,144.5,274.0,288.0,0.0,0.5486111111111112,0.0,0,0,0,0,1152,0,0.0
Always Sleep,,1005,volatile,coordinated,-409.4999999999978,0.0,1.0,0.1958400000000021,27.612860050191575,0.9875899999999997,144.5,274.0,288.0,0.0,0.6770833333333334,0.0,0,0,0,0,1152,0,0.0
Always Sleep,,1006,volatile,coordinated,-437.99999999999744,0.0,1.0,0.1958400000000021,27.73702749384593,0.9875899999999997,144.5,274.0,288.0,0.0,0.6284722222222222,0.0,0,0,0,0,1152,0,0.0
Always Sleep,,1007,volatile,coordinated,-410.9999999999978,0.0,1.0,0.1958400000000021,27.847617605125972,0.9875899999999997,144.5,274.0,288.0,0.0,0.6388888888888888,0.0,0,0,0,0,1152,0,0.0
Always Sleep,,1008,volatile,coordinated,-335.99999999999784,0.0,1.0,0.1958400000000021,27.8133897866608,0.9875899999999997,144.5,274.0,288.0,0.0,0.7083333333333334,0.0,0,0,0,0,1152,0,0.0
Always Sleep,,1009,volatile,coordinated,-356.9999999999988,0.0,1.0,0.1958400000000021,27.585351449882772,0.9875899999999997,144.5,274.0,288.0,0.0,0.7013888888888888,0.0,0,0,0,0,1152,0,0.0
Always Sleep,,1010,volatile,coordinated,-365.9999999999982,0.0,1.0,0.1958400000000021,27.87536673639651,0.9875899999999997,144.5,274.0,288.0,0.0,0.6736111111111112,0.0,0,0,0,0,1152,0,0.0
Always Sleep,,1011,volatile,coordinated,-383.99999999999767,0.0,1.0,0.1958400000000021,27.8041058670549,0.9875899999999997,144.5,274.0,288.0,0.0,0.6423611111111112,0.0,0,0,0,0,1152,0,0.0
Always Sleep,,1012,volatile,coordinated,-454.4999999999975,0.0,1.0,0.1958400000000021,27.719253047701116,0.9875899999999997,144.5,274.0,288.0,0.0,0.6180555555555556,0.0,0,0,0,0,1152,0,0.0
Always Sleep,,1013,volatile,coordinated,-311.9999999999983,0.0,1.0,0.1958400000000021,27.505443767934835,0.9875899999999997,144.5,274.0,288.0,0.0,0.7430555555555556,0.0,0,0,0,0,1152,0,0.0
Always Sleep,,1014,volatile,coordinated,-229.49999999999858,0.0,1.0,0.1958400000000021,27.16643055612605,0.9875899999999997,144.5,274.0,288.0,0.0,0.8055555555555556,0.0,0,0,0,0,1152,0,0.0
Always Sleep,,1015,volatile,coordinated,-289.49999999999875,0.0,1.0,0.1958400000000021,27.984652380248956,0.9875899999999997,144.5,274.0,288.0,0.0,0.7673611111111112,0.0,0,0,0,0,1152,0,0.0
Always Sleep,,1016,volatile,coordinated,-476.99999999999767,0.0,1.0,0.1958400000000021,27.74034214332949,0.9875899999999997,144.5,274.0,288.0,0.0,0.5729166666666666,0.0,0,0,0,0,1152,0,0.0
Always Sleep,,1017,volatile,coordinated,-488.9999999999979,0.0,1.0,0.1958400000000021,27.7096812165475,0.9875899999999997,144.5,274.0,288.0,0.0,0.5173611111111112,0.0,0,0,0,0,1152,0,0.0
Always Sleep,,1018,volatile,coordinated,-388.4999999999982,0.0,1.0,0.1958400000000021,27.811885286899123,0.9875899999999997,144.5,274.0,288.0,0.0,0.6458333333333334,0.0,0,0,0,0,1152,0,0.0
Always Sleep,,1019,volatile,coordinated,-337.4999999999979,0.0,1.0,0.1958400000000021,28.392817341526957,0.9875899999999997,144.5,274.0,288.0,0.0,0.6909722222222222,0.0,0,0,0,0,1152,0,0.0
Always Sleep,,1020,volatile,coordinated,-434.9999999999978,0.0,1.0,0.1958400000000021,27.540248359265487,0.9875899999999997,144.5,274.0,288.0,0.0,0.6423611111111112,0.0,0,0,0,0,1152,0,0.0
Always Sleep,,1021,volatile,coordinated,-392.999999999998,0.0,1.0,0.1958400000000021,27.668333776553673,0.9875899999999997,144.5,274.0,288.0,0.0,0.65625,0.0,0,0,0,0,1152,0,0.0
Always Sleep,,1022,volatile,coordinated,-362.9999999999979,0.0,1.0,0.1958400000000021,27.780487312650067,0.9875899999999997,144.5,274.0,288.0,0.0,0.6527777777777778,0.0,0,0,0,0,1152,0,0.0
Always Sleep,,1023,volatile,coordinated,-343.4999999999984,0.0,1.0,0.1958400000000021,28.173412349677125,0.9875899999999997,144.5,274.0,288.0,0.0,0.6666666666666666,0.0,0,0,0,0,1152,0,0.0
Always Sleep,,1024,volatile,coordinated,-227.99999999999918,0.0,1.0,0.1958400000000021,27.734086011533236,0.9875899999999997,144.5,274.0,288.0,0.0,0.8055555555555556,0.0,0,0,0,0,1152,0,0.0
Always Sleep,,1025,volatile,coordinated,-463.49999999999756,0.0,1.0,0.1958400000000021,27.631273780374894,0.9875899999999997,144.5,274.0,288.0,0.0,0.6076388888888888,0.0,0,0,0,0,1152,0,0.0
Always Sleep,,1026,volatile,coordinated,-259.4999999999993,0.0,1.0,0.1958400000000021,28.031244741185912,0.9875899999999997,144.5,274.0,288.0,0.0,0.7881944444444444,0.0,0,0,0,0,1152,0,0.0
Always Sleep,,1027,volatile,coordinated,-280.49999999999835,0.0,1.0,0.1958400000000021,27.875509386714086,0.9875899999999997,144.5,274.0,288.0,0.0,0.7604166666666666,0.0,0,0,0,0,1152,0,0.0
Always Sleep,,1028,volatile,coordinated,-278.9999999999988,0.0,1.0,0.1958400000000021,27.621479294635346,0.9875899999999997,144.5,274.0,288.0,0.0,0.7708333333333334,0.0,0,0,0,0,1152,0,0.0
Always Sleep,,1029,volatile,coordinated,-377.999999999998,0.0,1.0,0.1958400000000021,27.800474848912,0.9875899999999997,144.5,274.0,288.0,0.0,0.6701388888888888,0.0,0,0,0,0,1152,0,0.0
Always Sleep,,1030,volatile,coordinated,-398.99999999999835,0.0,1.0,0.1958400000000021,27.873481980284083,0.9875899999999997,144.5,274.0,288.0,0.0,0.65625,0.0,0,0,0,0,1152,0,0.0
Always Sample,,1001,volatile,coordinated,-122.5156666666672,0.38943894389438943,0.6105610561056105,19.445840000000196,27.869978979177933,0.022172687084513122,8.63107638888889,41.0,55.0,185.0,0.9004629629629631,0.3506753453123091,385,741,0,356,411,741,0.6432291666666666
Always Sample,,1002,volatile,coordinated,-113.6900000000006,0.3970037453183521,0.6029962546816479,19.295840000000187,28.196069389932298,0.020681861555739835,8.953125,42.0,56.0,186.0,0.9340277777777778,0.37081252600915526,382,731,0,349,421,731,0.6345486111111112
Always Sample,,1003,volatile,coordinated,-185.1040000000003,0.33125,0.66875,19.445840000000196,28.045742792782573,0.016743846508601327,8.592881944444445,41.0,56.0,186.0,0.9270833333333334,0.3070963541666667,385,739,0,354,413,739,0.6414930555555556
Always Sample,,1004,volatile,coordinated,-193.6680000000002,0.3236363636363636,0.6763636363636364,19.395840000000195,27.778055887166204,0.028948258795773327,8.947916666666666,42.0,59.0,185.0,0.8368055555555556,0.27082070707070705,384,731,0,347,421,731,0.6345486111111112
Always Sample,,1005,volatile,coordinated,-180.84000000000032,0.35294117647058826,0.6470588235294117,19.295840000000187,27.612860050191575,0.018032791175305846,8.99826388888889,42.0,58.0,186.0,0.8819444444444444,0.3112745098039216,382,737,0,355,415,737,0.6397569444444444
Always Sample,,1006,volatile,coordinated,-234.8519999999988,0.2918287937743191,0.7081712062256809,19.5958400000002,27.73702749384593,0.014139064672996662,8.31857638888889,40.0,53.0,185.0,0.8532986111111112,0.24901710440985736,388,747,0,359,405,747,0.6484375
Always Sample,,1007,volatile,coordinated,-279.39999999999884,0.24267782426778242,0.7573221757322176,19.645840000000206,27.847617605125972,0.02007865336964234,8.313368055555555,40.0,52.0,184.0,0.8211805555555556,0.19928231055323106,389,750,0,361,402,750,0.6510416666666666
Always Sample,,1008,volatile,coordinated,-255.92399999999876,0.2328042328042328,0.7671957671957672,19.245840000000186,27.8133897866608,0.02039393361710967,9.291666666666666,43.0,61.0,183.0,0.875,0.2037037037037037,381,725,0,344,427,725,0.6293402777777778
Always Sample,,1009,volatile,coordinated,-223.33300000000077,0.29064039408866993,0.7093596059113301,19.295840000000187,27.585351449882772,0.02065260162658463,9.043402777777779,42.0,57.0,183.0,0.8741319444444444,0.25405805281882865,382,734,0,352,418,734,0.6371527777777778
Always Sample,,1010,volatile,coordinated,-174.5830000000002,0.3397129186602871,0.6602870813397129,19.245840000000186,27.87536673639651,0.018116001193753128,9.188368055555555,42.0,58.0,184.0,0.9019097222222222,0.3063903841041999,381,730,0,349,422,730,0.6336805555555556
Always Sample,,1011,volatile,coordinated,-248.12799999999882,0.26244343891402716,0.7375565610859729,19.295840000000187,27.8041058670549,0.01654437186383753,9.18142361111111,42.0,58.0,179.0,0.8263888888888888,0.2168803418803419,382,728,0,346,424,728,0.6319444444444444
Always Sample,,1012,volatile,coordinated,-217.43499999999892,0.30970149253731344,0.6902985074626866,18.845840000000166,27.719253047701116,0.024735979963439358,9.578125,43.450000000000045,60.0,179.0,0.8472222222222222,0.2623859867330017,373,717,0,344,435,717,0.6223958333333334
Always Sample,,1013,volatile,coordinated,-220.56200000000032,0.27167630057803466,0.7283236994219653,19.695840000000207,27.505443767934835,0.022479558362408527,8.296875,40.0,56.0,183.0,0.9166666666666666,0.24903660886319842,390,747,0,357,405,747,0.6484375
Always Sample,,1014,volatile,coordinated,-179.60200000000032,0.3220338983050847,0.6779661016949152,18.99584000000018,27.16643055612605,0.029253450663734394,9.430555555555555,43.0,59.0,179.0,0.9340277777777778,0.30078860640301314,376,725,0,349,427,725,0.6293402777777778
Always Sample,,1015,volatile,coordinated,-161.03033333333394,0.36075949367088606,0.639240506329114,19.19584000000018,27.984652380248956,0.015240298136103524,8.961805555555555,42.0,57.0,182.0,0.945023148148148,0.3409260724331926,380,736,0,356,416,736,0.6388888888888888
Always Sample,,1016,volatile,coordinated,-189.70700000000042,0.3286219081272085,0.6713780918727915,19.645840000000206,27.74034214332949,0.01697202901415041,8.43576388888889,40.0,58.0,184.0,0.8697916666666666,0.28583259717314485,389,747,0,358,405,747,0.6484375
Always Sample,,1017,volatile,coordinated,-167.8450000000008,0.3402061855670103,0.6597938144329897,19.045840000000176,27.7096812165475,0.018364533675454202,9.24392361111111,42.450000000000045,58.0,181.0,0.8498263888888888,0.2891161941580756,377,727,0,350,425,727,0.6310763888888888
Always Sample,,1018,volatile,coordinated,-152.55500000000086,0.36160714285714285,0.6383928571428572,19.14584000000018,27.811885286899123,0.03166813476666405,9.488715277777779,43.0,59.0,188.0,0.9131944444444444,0.3302176339285714,379,724,0,345,428,724,0.6284722222222222
Always Sample,,1019,volatile,coordinated,-186.9763333333335,0.3157894736842105,0.6842105263157895,19.14584000000018,28.392817341526957,0.0238894144137952,9.010416666666666,42.0,59.0,181.0,0.9068287037037036,0.28636695906432746,379,735,0,356,417,735,0.6380208333333334
Always Sample,,1020,volatile,coordinated,-184.38500000000064,0.33725490196078434,0.6627450980392157,19.5458400000002,27.540248359265487,0.03097080325380331,8.502604166666666,40.450000000000045,58.0,187.0,0.8993055555555556,0.3032952069716776,387,738,0,351,414,738,0.640625
Always Sample,,1021,volatile,coordinated,-198.7070000000006,0.31718061674008813,0.6828193832599119,19.245840000000186,27.668333776553673,0.01896302854195146,8.776041666666666,41.0,56.0,186.0,0.8871527777777778,0.28138766519823794,381,738,0,357,414,738,0.640625
Always Sample,,1022,volatile,coordinated,-226.2113333333339,0.2753623188405797,0.7246376811594203,18.99584000000017,27.780487312650067,0.023564523247107002,9.577256944444445,43.450000000000045,61.0,180.0,0.8538773148148148,0.2351256374127751,376,724,0,348,428,724,0.6284722222222222
Always Sample,,1023,volatile,coordinated,-178.30366666666717,0.33505154639175255,0.6649484536082475,19.345840000000187,28.173412349677125,0.022727364343820687,8.99826388888889,42.0,56.0,184.0,0.8796296296296295,0.2947212676594119,383,740,0,357,412,740,0.6423611111111112
Always Sample,,1024,volatile,coordinated,-124.6570000000002,0.452991452991453,0.5470085470085471,19.645840000000206,27.734086011533236,0.022331962229466956,8.285590277777779,40.0,55.0,187.0,0.9548611111111112,0.4325439221272555,389,748,0,359,404,748,0.6493055555555556
Always Sample,,1025,volatile,coordinated,-275.21799999999956,0.2591240875912409,0.7408759124087592,19.745840000000207,27.631273780374894,0.02148317452952489,8.02170138888889,39.0,51.0,187.0,0.8324652777777778,0.21571180555555558,391,749,0,358,403,749,0.6501736111111112
Always Sample,,1026,volatile,coordinated,-248.85400000000018,0.21739130434782608,0.782608695652174,19.4958400000002,28.031244741185912,0.018433499490070678,8.460069444444445,40.0,54.0,186.0,0.8923611111111112,0.1939915458937198,386,743,0,357,409,743,0.6449652777777778
Always Sample,,1027,volatile,coordinated,-218.78200000000027,0.26973684210526316,0.7302631578947368,18.99584000000017,27.875509386714086,0.02069592542697217,9.526909722222221,43.0,60.0,185.0,0.9027777777777778,0.2435124269005848,376,721,0,345,431,721,0.6258680555555556
Always Sample,,1028,volatile,coordinated,-172.2930000000005,0.3443708609271523,0.6556291390728477,19.4958400000002,27.621479294635346,0.022815319989440946,8.629340277777779,41.0,55.0,185.0,0.9401041666666666,0.3237444812362031,386,743,0,357,409,743,0.6449652777777778
Always Sample,,1029,volatile,coordinated,-199.78699999999967,0.31797235023041476,0.6820276497695852,19.445840000000196,27.800474848912,0.021589202343697666,8.92795138888889,42.0,60.0,182.0,0.8741319444444444,0.27794978878648235,385,735,0,350,417,735,0.6380208333333334
Always Sample,,1030,volatile,coordinated,-160.84500000000054,0.3593073593073593,0.6406926406926408,19.045840000000176,27.873481980284083,0.015308128086021569,9.097222222222221,42.0,58.0,183.0,0.8993055555555556,0.3231271043771044,377,731,0,354,421,731,0.6345486111111112
Random Feasible,,1001,volatile,coordinated,-137.06233333333327,0.3069306930693069,0.693069306930693,17.045840000000133,27.869978979177933,0.016836905776751003,7.001736111111111,35.0,51.0,99.0,0.8825231481481481,0.2708734415108177,337,408,0,71,744,408,0.3541666666666667
Random Feasible,,1002,volatile,coordinated,-101.78199999999997,0.3333333333333333,0.6666666666666667,17.195840000000135,28.196069389932298,0.02692663964449984,7.368055555555555,35.450000000000045,61.0,91.0,0.9027777777777778,0.30092592592592593,340,420,0,80,732,420,0.3645833333333333
Random Feasible,,1003,volatile,coordinated,-165.4993333333333,0.24375,0.75625,17.645840000000142,28.045742792782573,0.013193550871888367,7.115451388888889,35.0,60.0,106.0,0.9094328703703702,0.22167426215277775,349,419,0,70,733,419,0.3637152777777778
Random Feasible,,1004,volatile,coordinated,-154.1756666666666,0.28363636363636363,0.7163636363636363,16.995840000000122,27.778055887166204,0.015262137834296124,7.214409722222222,35.0,52.0,94.0,0.8284143518518517,0.2349684343434343,336,401,0,65,751,401,0.3480902777777778
Random Feasible,,1005,volatile,coordinated,-139.3493333333333,0.3067226890756303,0.6932773109243697,16.79584000000012,27.612860050191575,0.015644907911674798,7.433159722222222,36.0,52.0,100.0,0.8877314814814815,0.2722873871770931,332,401,0,69,751,401,0.3480902777777778
Random Feasible,,1006,volatile,coordinated,-207.6003333333335,0.24124513618677043,0.7587548638132295,17.245840000000133,27.73702749384593,0.017594033018918924,6.606770833333333,32.450000000000045,50.0,105.0,0.8443287037037037,0.20369019311139935,341,413,0,72,739,413,0.3585069444444444
Random Feasible,,1007,volatile,coordinated,-222.13233333333335,0.2217573221757322,0.7782426778242678,17.19584000000012,27.847617605125972,0.02744936725084687,7.262152777777778,35.0,55.0,99.0,0.8148148148148149,0.18069115140244849,340,421,0,81,731,421,0.3654513888888889
Random Feasible,,1008,volatile,coordinated,-217.5413333333335,0.19576719576719576,0.8042328042328042,17.045840000000126,27.8133897866608,0.020299433919368295,6.941840277777778,34.0,53.0,109.0,0.8521412037037037,0.1668212938467568,337,426,0,89,726,426,0.3697916666666667
Random Feasible,,1009,volatile,coordinated,-165.4293333333333,0.270935960591133,0.729064039408867,17.14584000000013,27.585351449882772,0.025182240064596843,7.394965277777778,36.0,58.0,108.0,0.872974537037037,0.23652019476372924,339,405,0,66,747,405,0.3515625
Random Feasible,,1010,volatile,coordinated,-137.33466666666664,0.3014354066985646,0.6985645933014354,16.7958400000001,27.87536673639651,0.02080729060931167,7.848090277777778,37.0,54.0,109.0,0.8813657407407407,0.2656748405103668,332,408,0,76,744,408,0.3541666666666667
Random Feasible,,1011,volatile,coordinated,-211.62433333333345,0.2081447963800905,0.7918552036199095,16.74584000000011,27.8041058670549,0.017691841551445858,7.59375,37.450000000000045,61.0,92.0,0.827835648148148,0.17230968241997652,331,400,0,69,752,400,0.3472222222222222
Random Feasible,,1012,volatile,coordinated,-181.93433333333337,0.2798507462686567,0.7201492537313433,16.795840000000112,27.719253047701116,0.024109037096386066,7.666666666666667,37.450000000000045,57.0,111.0,0.8330439814814815,0.23312797989220563,332,402,0,70,750,402,0.3489583333333333
Random Feasible,,1013,volatile,coordinated,-146.83433333333332,0.2832369942196532,0.7167630057803468,17.99584000000016,27.505443767934835,0.01972934378912638,5.973090277777778,30.0,49.0,113.0,0.9076967592592591,0.2570933017555127,356,430,0,74,722,430,0.3732638888888889
Random Feasible,,1014,volatile,coordinated,-99.42133333333335,0.3220338983050847,0.6779661016949152,16.845840000000113,27.16643055612605,0.014114768839129519,7.0234375,34.0,54.0,98.0,0.9510995370370371,0.30628629158819837,333,404,0,71,748,404,0.3506944444444444
Random Feasible,,1015,volatile,coordinated,-98.14866666666668,0.34177215189873417,0.6582278481012658,16.845840000000106,27.984652380248956,0.022169014428429876,7.530381944444445,36.0,52.0,94.0,0.925636574074074,0.3163568037974683,333,402,0,69,750,402,0.3489583333333333
Random Feasible,,1016,volatile,coordinated,-151.43166666666653,0.2968197879858657,0.7031802120141343,17.845840000000162,27.74034214332949,0.008498114597186999,5.951388888888889,30.450000000000045,44.0,107.0,0.8544560185185185,0.2536194542599136,353,418,0,65,734,418,0.3628472222222222
Random Feasible,,1017,volatile,coordinated,-178.06899999999993,0.2508591065292096,0.7491408934707904,16.145840000000096,27.7096812165475,0.029022983570023697,7.951388888888889,39.0,57.0,85.0,0.8368055555555556,0.20992029400534556,319,376,0,57,776,376,0.3263888888888889
Random Feasible,,1018,volatile,coordinated,-100.61166666666664,0.33035714285714285,0.6696428571428572,17.095840000000116,27.811885286899123,0.018490173765502743,7.569444444444445,37.0,65.0,100.0,0.9126157407407407,0.3014891286375661,338,420,0,82,732,420,0.3645833333333333
Random Feasible,,1019,volatile,coordinated,-129.0083333333334,0.2894736842105263,0.7105263157894737,17.04584000000012,28.392817341526957,0.03394739501918149,7.177951388888889,36.0,53.0,91.0,0.8938078703703702,0.2587338572124756,337,413,0,76,739,413,0.3585069444444444
Random Feasible,,1020,volatile,coordinated,-110.82166666666664,0.32941176470588235,0.6705882352941177,17.045840000000123,27.540248359265487,0.01848268686948002,7.349826388888889,35.0,54.0,96.0,0.8995949074074076,0.29633714596949895,337,401,0,64,751,401,0.3480902777777778
Random Feasible,,1021,volatile,coordinated,-154.73433333333332,0.27312775330396477,0.7268722466960352,17.195840000000135,27.668333776553673,0.02227210807797951,6.016493055555555,30.0,48.0,95.0,0.8773148148148148,0.23961902431065427,340,406,0,66,746,406,0.3524305555555556
Random Feasible,,1022,volatile,coordinated,-182.96466666666663,0.23671497584541062,0.7632850241545894,16.145840000000078,27.780487312650067,0.026366591415672713,9.272569444444445,42.450000000000045,64.0,94.0,0.8344907407407407,0.19753645553766325,319,389,0,70,763,389,0.3376736111111111
Random Feasible,,1023,volatile,coordinated,-89.13300000000004,0.3556701030927835,0.6443298969072164,17.395840000000145,28.173412349677125,0.01382913298668395,7.080729166666667,35.0,57.0,109.0,0.8880208333333334,0.3158424613402062,344,409,0,65,743,409,0.3550347222222222
Random Feasible,,1024,volatile,coordinated,-72.84733333333331,0.38461538461538464,0.6153846153846154,16.645840000000113,27.734086011533236,0.0175302433608897,7.287326388888889,36.0,59.0,98.0,0.9502314814814814,0.36547364672364674,329,393,0,64,759,393,0.3411458333333333
Random Feasible,,1025,volatile,coordinated,-225.9533333333334,0.22627737226277372,0.7737226277372262,17.545840000000158,27.631273780374894,0.01779433360875938,6.205729166666667,30.450000000000045,54.0,98.0,0.8391203703703703,0.18987395241957286,347,426,0,79,726,426,0.3697916666666667
Random Feasible,,1026,volatile,coordinated,-168.9549999999999,0.21739130434782608,0.782608695652174,16.94584000000011,28.031244741185912,0.01166252031033816,6.783854166666667,34.0,55.0,98.0,0.8923611111111112,0.1939915458937198,335,403,0,68,749,403,0.3498263888888889
Random Feasible,,1027,volatile,coordinated,-101.28399999999999,0.3223684210526316,0.6776315789473684,16.14584000000008,27.875509386714086,0.026109235187518415,8.485243055555555,41.0,63.0,91.0,0.9296875,0.2997018914473684,319,385,0,66,767,385,0.3342013888888889
Random Feasible,,1028,volatile,coordinated,-140.95899999999992,0.271523178807947,0.7284768211920529,17.195840000000125,27.621479294635346,0.02653652134986715,7.459201388888889,37.0,59.0,104.0,0.9244791666666666,0.2510175220750552,340,418,0,78,734,418,0.3628472222222222
Random Feasible,,1029,volatile,coordinated,-151.53166666666664,0.2764976958525346,0.7235023041474654,16.745840000000108,27.800474848912,0.022746829088184282,6.921006944444445,35.0,58.0,96.0,0.8787615740740741,0.24297555043522787,331,403,0,72,749,403,0.3498263888888889
Random Feasible,,1030,volatile,coordinated,-131.88466666666653,0.2987012987012987,0.7012987012987013,16.5958400000001,27.873481980284083,0.018406936762194404,7.961805555555555,39.0,54.0,90.0,0.8831018518518519,0.26378367003367004,328,382,0,54,770,382,0.3315972222222222
Fixed Interval,,1001,volatile,coordinated,-342.75466666666534,0.0924092409240924,0.9075907590759076,4.995839999999857,27.869978979177933,0.6699026334667659,5.4375,11.0,11.0,0.0,0.6721643518518517,0.06211419753086418,96,96,0,0,1056,96,0.08333333333333333
Fixed Interval,,1002,volatile,coordinated,-322.171333333332,0.07116104868913857,0.9288389513108615,4.995839999999857,28.196069389932298,0.6689807313058569,5.4375,11.0,11.0,0.0,0.7106481481481483,0.05057046747121654,96,96,0,0,1056,96,0.08333333333333333
Fixed Interval,,1003,volatile,coordinated,-191.83800000000025,0.0875,0.9125,4.995839999999857,28.045742792782573,0.6696471624653296,5.4375,11.0,11.0,0.0,0.8194444444444444,0.07170138888888888,96,96,0,0,1056,96,0.08333333333333333
Fixed Interval,,1004,volatile,coordinated,-335.5046666666659,0.06181818181818182,0.9381818181818182,4.995839999999857,27.778055887166204,0.6692103031826693,5.4375,11.0,11.0,0.0,0.6643518518518517,0.04106902356902357,96,96,0,0,1056,96,0.08333333333333333
Fixed Interval,,1005,volatile,coordinated,-298.83799999999957,0.06302521008403361,0.9369747899159664,4.995839999999857,27.612860050191575,0.6689489758885857,5.4375,11.0,11.0,0.0,0.7517361111111112,0.04737832633053222,96,96,0,0,1056,96,0.08333333333333333
Fixed Interval,,1006,volatile,coordinated,-296.5879999999989,0.08560311284046693,0.914396887159533,4.995839999999857,27.73702749384593,0.6698241585066206,5.4375,11.0,11.0,0.0,0.7248263888888888,0.06204739515780371,96,96,0,0,1056,96,0.08333333333333333
Fixed Interval,,1007,volatile,coordinated,-287.0046666666664,0.07531380753138076,0.9246861924686193,4.995839999999857,27.847617605125972,0.669633292414021,5.4375,11.0,11.0,0.0,0.7233796296296297,0.05448047419804742,96,96,0,0,1056,96,0.08333333333333333
Fixed Interval,,1008,volatile,coordinated,-228.33800000000033,0.07936507936507936,0.9206349206349207,4.995839999999857,27.8133897866608,0.6694248478570953,5.4375,11.0,11.0,0.0,0.7725694444444444,0.0613150352733686,96,96,0,0,1056,96,0.08333333333333333
Fixed Interval,,1009,volatile,coordinated,-224.25466666666676,0.10344827586206896,0.896551724137931,4.995839999999857,27.585351449882772,0.6695158987853357,5.4375,11.0,11.0,0.0,0.7798032407407407,0.08066930076628352,96,96,0,0,1056,96,0.08333333333333333
Fixed Interval,,1010,volatile,coordinated,-232.5046666666666,0.10047846889952153,0.8995215311004785,4.995839999999857,27.87536673639651,0.6695045110630168,5.4375,11.0,11.0,0.0,0.7546296296296297,0.0758240297713982,96,96,0,0,1056,96,0.08333333333333333
Fixed Interval,,1011,volatile,coordinated,-271.7546666666664,0.06787330316742081,0.9321266968325792,4.995839999999857,27.8041058670549,0.6695371442559819,5.4375,11.0,11.0,0.0,0.722511574074074,0.049039247109100036,96,96,0,0,1056,96,0.08333333333333333
Fixed Interval,,1012,volatile,coordinated,-299.754666666665,0.09328358208955224,0.9067164179104478,4.995839999999857,27.719253047701116,0.6698766264913392,5.4375,11.0,11.0,0.0,0.7242476851851852,0.06756041839414041,96,96,0,0,1056,96,0.08333333333333333
Fixed Interval,,1013,volatile,coordinated,-227.25466666666668,0.05202312138728324,0.9479768786127167,4.995839999999857,27.505443767934835,0.6700383892679429,5.4375,11.0,11.0,0.0,0.8006365740740741,0.041651613680154145,96,96,0,0,1056,96,0.08333333333333333
Fixed Interval,,1014,volatile,coordinated,-138.1713333333337,0.1016949152542373,0.8983050847457628,4.995839999999857,27.16643055612605,0.6698142645963565,5.4375,11.0,11.0,0.0,0.8495370370370371,0.08639359698681734,96,96,0,0,1056,96,0.08333333333333333
Fixed Interval,,1015,volatile,coordinated,-205.33799999999997,0.056962025316455694,0.9430379746835443,4.995839999999857,27.984652380248956,0.6696697283900028,5.4375,11.0,11.0,0.0,0.8229166666666666,0.04687499999999999,96,96,0,0,1056,96,0.08333333333333333
Fixed Interval,,1016,volatile,coordinated,-315.92133333333186,0.09187279151943463,0.9081272084805654,4.995839999999857,27.74034214332949,0.6698407650285273,5.4375,11.0,11.0,0.0,0.6889467592592592,0.06329546198141604,96,96,0,0,1056,96,0.08333333333333333
Fixed Interval,,1017,volatile,coordinated,-326.0046666666658,0.08934707903780069,0.9106529209621993,4.995839999999857,27.7096812165475,0.6694480451064684,5.4375,11.0,11.0,0.0,0.6400462962962963,0.05718626702303678,96,96,0,0,1056,96,0.08333333333333333
Fixed Interval,,1018,volatile,coordinated,-269.92133333333277,0.07589285714285714,0.9241071428571429,4.995839999999857,27.811885286899123,0.6698059972300356,5.4375,11.0,11.0,0.0,0.7236689814814815,0.054921306630291,96,96,0,0,1056,96,0.08333333333333333
Fixed Interval,,1019,volatile,coordinated,-228.3379999999999,0.07368421052631578,0.9263157894736842,4.995839999999857,28.392817341526957,0.6695860258728824,5.4375,11.0,11.0,0.0,0.7725694444444444,0.05692616959064327,96,96,0,0,1056,96,0.08333333333333333
Fixed Interval,,1020,volatile,coordinated,-299.7546666666657,0.0784313725490196,0.9215686274509804,4.995839999999857,27.540248359265487,0.6699739823117055,5.4375,11.0,11.0,0.0,0.7416087962962963,0.05816539578794481,96,96,0,0,1056,96,0.08333333333333333
Fixed Interval,,1021,volatile,coordinated,-270.92133333333334,0.07929515418502203,0.920704845814978,4.995839999999857,27.668333776553673,0.669331891536302,5.4375,11.0,11.0,0.0,0.7340856481481481,0.05820943465491924,96,96,0,0,1056,96,0.08333333333333333
Fixed Interval,,1022,volatile,coordinated,-254.1713333333334,0.06763285024154589,0.9323671497584541,4.995839999999857,27.780487312650067,0.669928561048312,5.4375,11.0,11.0,0.0,0.7332175925925927,0.04958959563428163,96,96,0,0,1056,96,0.08333333333333333
Fixed Interval,,1023,volatile,coordinated,-202.17133333333356,0.1134020618556701,0.8865979381443299,4.995839999999857,28.173412349677125,0.6695249206442708,5.4375,11.0,11.0,0.0,0.7627314814814814,0.08649532264222985,96,96,0,0,1056,96,0.08333333333333333
Fixed Interval,,1024,volatile,coordinated,-155.5046666666669,0.05982905982905983,0.9401709401709402,4.995839999999857,27.734086011533236,0.6699000453162242,5.4375,11.0,11.0,0.0,0.8449074074074073,0.0505500158277936,96,96,0,0,1056,96,0.08333333333333333
Fixed Interval,,1025,volatile,coordinated,-319.0879999999984,0.08394160583941605,0.916058394160584,4.995839999999857,27.631273780374894,0.670057913177909,5.4375,11.0,11.0,0.0,0.7022569444444444,0.05894857562854825,96,96,0,0,1056,96,0.08333333333333333
Fixed Interval,,1026,volatile,coordinated,-159.4213333333336,0.09420289855072464,0.9057971014492754,4.995839999999857,28.031244741185912,0.669494372202597,5.4375,11.0,11.0,0.0,0.8504050925925926,0.0801106246645196,96,96,0,0,1056,96,0.08333333333333333
Fixed Interval,,1027,volatile,coordinated,-186.6713333333337,0.07894736842105263,0.9210526315789473,4.995839999999857,27.875509386714086,0.6700391438157294,5.4375,11.0,11.0,0.0,0.8130787037037037,0.06419042397660818,96,96,0,0,1056,96,0.08333333333333333
Fixed Interval,,1028,volatile,coordinated,-177.838,0.08609271523178808,0.9139072847682119,4.995839999999857,27.621479294635346,0.6700862021849434,5.4375,11.0,11.0,0.0,0.8368055555555556,0.07204286239882267,96,96,0,0,1056,96,0.08333333333333333
Fixed Interval,,1029,volatile,coordinated,-266.92133333333317,0.06912442396313365,0.9308755760368663,4.995839999999857,27.800474848912,0.669981081334516,5.4375,11.0,11.0,0.0,0.746238425925926,0.05158330133128521,96,96,0,0,1056,96,0.08333333333333333
Fixed Interval,,1030,volatile,coordinated,-263.25466666666625,0.09523809523809523,0.9047619047619048,4.995839999999857,27.873481980284083,0.669799663354991,5.4375,11.0,11.0,0.0,0.7329282407407407,0.06980268959435626,96,96,0,0,1056,96,0.08333333333333333
Entropy Threshold,,1001,volatile,coordinated,165.954,0.5478547854785478,0.4521452145214522,12.295840000000013,27.869978979177933,0.05104494476010645,5.572916666666667,20.0,40.0,58.0,0.9270833333333334,0.5079070407040704,242,282,0,40,870,282,0.24479166666666666
Entropy Threshold,,1002,volatile,coordinated,231.3873333333334,0.6329588014981273,0.36704119850187267,12.845840000000122,28.196069389932298,0.18247941598731648,4.917534722222222,18.0,32.0,57.0,0.9803240740740742,0.6205047510056874,253,308,0,55,844,308,0.2673611111111111
Entropy Threshold,,1003,volatile,coordinated,143.26766666666668,0.65625,0.34375,10.045839999999982,28.045742792782573,0.27677803874168383,5.300347222222222,18.0,31.0,38.0,0.9884259259259258,0.6486545138888888,197,228,0,31,924,228,0.19791666666666666
Entropy Threshold,,1004,volatile,coordinated,231.2299999999999,0.6181818181818182,0.38181818181818183,12.395840000000094,27.778055887166204,0.06127754997627636,5.217013888888889,20.0,47.0,54.0,0.9305555555555556,0.5752525252525252,244,283,0,39,869,283,0.2456597222222222
Entropy Threshold,,1005,volatile,coordinated,165.9603333333333,0.6008403361344538,0.39915966386554624,10.695839999999883,27.612860050191575,0.12366723494237167,7.243923611111111,29.0,66.0,53.0,0.9629629629629629,0.5785869903516961,210,252,0,42,900,252,0.21875
Entropy Threshold,,1006,volatile,coordinated,140.14666666666665,0.5486381322957199,0.4513618677042801,11.54583999999999,27.73702749384593,0.13067803788631546,4.894965277777778,17.450000000000045,40.0,46.0,0.9311342592592591,0.5108557609165585,227,264,0,37,888,264,0.22916666666666666
Entropy Threshold,,1007,volatile,coordinated,167.71033333333332,0.5899581589958159,0.41004184100418406,11.595839999999976,27.847617605125972,0.009416903443216272,5.292534722222222,18.0,39.0,51.0,0.9525462962962963,0.561962459321246,228,261,0,33,891,261,0.2265625
Entropy Threshold,,1008,volatile,coordinated,93.49099999999999,0.5396825396825397,0.46031746031746035,9.645839999999934,27.8133897866608,0.08846370433102578,5.285590277777778,17.0,28.0,41.0,0.9470486111111112,0.5111055996472663,189,222,0,33,930,222,0.19270833333333334
Entropy Threshold,,1009,volatile,coordinated,168.9983333333333,0.6206896551724138,0.3793103448275862,10.09583999999988,27.585351449882772,0.08413239193281122,5.856770833333333,22.0,45.0,39.0,0.9837962962962964,0.6106321839080461,198,226,0,28,926,226,0.19618055555555555
Entropy Threshold,,1010,volatile,coordinated,169.7720000000001,0.6220095693779905,0.37799043062200954,11.595840000000004,27.87536673639651,0.07541860654610348,4.267361111111111,13.0,24.0,57.0,0.9782986111111112,0.6085110978203084,228,261,0,33,891,261,0.2265625
Entropy Threshold,,1011,volatile,coordinated,141.09099999999995,0.579185520361991,0.420814479638009,11.395839999999994,27.8041058670549,0.1207945682734311,5.409722222222222,21.450000000000045,38.0,48.0,0.921875,0.5339366515837105,224,257,0,33,895,257,0.2230902777777778
Entropy Threshold,,1012,volatile,coordinated,103.20599999999999,0.5149253731343284,0.4850746268656716,11.295840000000041,27.719253047701116,0.359649877147166,6.65625,27.450000000000045,51.0,57.0,0.9105902777777778,0.468886038557214,222,259,0,37,893,259,0.2248263888888889
Entropy Threshold,,1013,volatile,coordinated,170.15666666666672,0.6820809248554913,0.3179190751445087,10.545839999999991,27.505443767934835,0.32427103062352713,6.385416666666667,20.0,63.0,46.0,0.9875578703703702,0.6735943855705415,207,235,0,28,917,235,0.20399305555555555
Entropy Threshold,,1014,volatile,coordinated,110.51899999999992,0.6694915254237288,0.3305084745762712,8.345839999999866,27.16643055612605,0.3841956984909417,6.446180555555555,20.0,46.0,31.0,0.9861111111111112,0.660193032015066,163,181,0,18,971,181,0.15711805555555555
Entropy Threshold,,1015,volatile,coordinated,123.04566666666659,0.6329113924050633,0.36708860759493667,10.395839999999998,27.984652380248956,0.35021869298826,5.142361111111111,17.0,30.0,44.0,0.9797453703703705,0.6200920065635257,204,232,0,28,920,232,0.2013888888888889
Entropy Threshold,,1016,volatile,coordinated,183.76799999999983,0.5759717314487632,0.42402826855123676,12.095840000000075,27.74034214332949,0.2151598908709288,4.5546875,17.0,36.0,60.0,0.9288194444444444,0.534973743619945,238,295,0,57,857,295,0.2560763888888889
Entropy Threshold,,1017,volatile,coordinated,220.63833333333326,0.5945017182130584,0.4054982817869416,12.19584000000003,27.7096812165475,0.020981997382837198,6.7421875,27.0,54.0,55.0,0.917824074074074,0.5456479890543464,240,285,0,45,867,285,0.24739583333333334
Entropy Threshold,,1018,volatile,coordinated,208.11866666666654,0.6517857142857143,0.3482142857142857,11.545840000000128,27.811885286899123,0.45730257624347337,5.625,19.0,41.0,55.0,0.9745370370370371,0.6351893187830688,227,276,0,49,876,276,0.23958333333333334
Entropy Threshold,,1019,volatile,coordinated,153.30733333333325,0.6157894736842106,0.38421052631578945,10.545840000000014,28.392817341526957,0.28631419018897547,4.825520833333333,15.0,24.0,40.0,0.9629629629629629,0.5929824561403508,207,240,0,33,912,240,0.20833333333333334
Entropy Threshold,,1020,volatile,coordinated,163.11100000000008,0.5803921568627451,0.41960784313725485,11.695839999999995,27.540248359265487,0.09783057718422669,5.613715277777778,21.0,43.0,52.0,0.9453125,0.5486519607843138,230,272,0,42,880,272,0.2361111111111111
Entropy Threshold,,1021,volatile,coordinated,169.28833333333336,0.6079295154185022,0.39207048458149785,10.845839999999942,27.668333776553673,0.17543149590908658,6.717013888888889,26.0,53.0,55.0,0.9603587962962963,0.5838304576603034,213,256,0,43,896,256,0.2222222222222222
Entropy Threshold,,1022,volatile,coordinated,179.9570000000001,0.6328502415458938,0.36714975845410625,11.095839999999992,27.780487312650067,0.21670052660159264,5.958333333333333,23.0,51.0,48.0,0.9565972222222222,0.6053827831454643,218,247,0,29,905,247,0.2144097222222222
Entropy Threshold,,1023,volatile,coordinated,175.87099999999984,0.6443298969072165,0.35567010309278346,10.645839999999959,28.173412349677125,0.13744843303894194,6.499131944444445,26.0,43.0,44.0,0.9496527777777778,0.6118896764032073,209,227,0,18,925,227,0.1970486111111111
Entropy Threshold,,1024,volatile,coordinated,114.41766666666668,0.6837606837606838,0.3162393162393162,8.245839999999838,27.734086011533236,0.5507791454821052,6.775173611111111,22.0,34.0,32.0,0.9858217592592591,0.6740661601772712,161,182,0,21,970,182,0.1579861111111111
Entropy Threshold,,1025,volatile,coordinated,151.11433333333318,0.551094890510949,0.44890510948905105,11.695840000000008,27.631273780374894,0.16695406776849792,5.060763888888889,17.0,39.0,55.0,0.9369212962962964,0.5163325391997838,230,279,0,49,873,279,0.2421875
Entropy Threshold,,1026,volatile,coordinated,117.71066666666667,0.644927536231884,0.35507246376811596,9.495839999999873,28.031244741185912,0.1611184819025749,6.1328125,21.0,44.0,33.0,0.9884259259259258,0.6374630971551261,186,209,0,23,943,209,0.1814236111111111
Entropy Threshold,,1027,volatile,coordinated,129.4676666666666,0.6381578947368421,0.36184210526315785,9.445839999999903,27.875509386714086,0.30942873980071156,6.263020833333333,21.0,39.0,37.0,0.9866898148148149,0.6296638949805069,185,215,0,30,937,215,0.18663194444444445
Entropy Threshold,,1028,volatile,coordinated,109.81699999999996,0.609271523178808,0.39072847682119205,10.095839999999955,27.621479294635346,0.21418957607147682,5.854166666666667,21.0,46.0,40.0,0.9930555555555556,0.6050404709345106,198,230,0,32,922,230,0.1996527777777778
Entropy Threshold,,1029,volatile,coordinated,203.04533333333322,0.6543778801843319,0.34562211981566815,10.945840000000022,27.800474848912,0.30166541662210516,5.127604166666667,17.0,31.0,50.0,0.9733796296296295,0.636958098651647,215,249,0,34,903,249,0.21614583333333334
Entropy Threshold,,1030,volatile,coordinated,165.40799999999996,0.5974025974025974,0.4025974025974026,10.945840000000043,27.873481980284083,0.29296608267507707,5.313368055555555,17.0,43.0,51.0,0.9583333333333334,0.5725108225108225,215,265,0,50,887,265,0.2300347222222222
Battery + Entropy,,1001,volatile,coordinated,146.65400000000005,0.5313531353135313,0.46864686468646866,11.945840000000004,27.869978979177933,0.0885449447601064,6.230034722222222,23.0,41.0,56.0,0.9175347222222222,0.48753495141180786,235,275,0,40,877,275,0.2387152777777778
Battery + Entropy,,1002,volatile,coordinated,220.55733333333345,0.6217228464419475,0.37827715355805247,12.645840000000117,28.196069389932298,0.18247941598731648,5.5078125,22.0,36.0,55.0,0.9759837962962964,0.6067914239145513,249,302,0,53,850,302,0.2621527777777778
Battery + Entropy,,1003,volatile,coordinated,135.55466666666663,0.64375,0.35624999999999996,9.945839999999968,28.045742792782573,0.2767780387416839,5.313368055555555,18.0,31.0,37.0,0.9832175925925924,0.6329463252314814,195,225,0,30,927,225,0.1953125
Battery + Entropy,,1004,volatile,coordinated,211.62,0.6,0.4,12.095840000000091,27.778055887166204,0.09877754997627629,5.590277777777778,21.0,49.0,53.0,0.9201388888888888,0.5520833333333333,238,275,0,37,877,275,0.2387152777777778
Battery + Entropy,,1005,volatile,coordinated,156.1799999999999,0.5882352941176471,0.4117647058823529,10.495839999999882,27.612860050191575,0.13616723494237168,7.962673611111111,36.0,67.0,50.0,0.9609375,0.5652573529411765,206,246,0,40,906,246,0.21354166666666666
Battery + Entropy,,1006,volatile,coordinated,125.10799999999993,0.5330739299610895,0.4669260700389105,11.295839999999988,27.73702749384593,0.14258706228203477,5.001736111111111,18.0,41.0,45.0,0.9244791666666666,0.49281574254215305,222,259,0,37,893,259,0.2248263888888889
Battery + Entropy,,1007,volatile,coordinated,145.344,0.5648535564853556,0.4351464435146444,11.245839999999978,27.847617605125972,0.05883281989689111,5.464409722222222,19.0,39.0,47.0,0.9383680555555556,0.5300405334728033,221,252,0,31,900,252,0.21875
Battery + Entropy,,1008,volatile,coordinated,80.74499999999999,0.5238095238095238,0.47619047619047616,9.295839999999936,27.8133897866608,0.12596370433102572,5.864583333333333,19.0,43.0,40.0,0.9366319444444444,0.4906167328042328,182,213,0,31,939,213,0.18489583333333334
Battery + Entropy,,1009,volatile,coordinated,160.90433333333326,0.6108374384236454,0.38916256157635465,9.99583999999989,27.585351449882772,0.12163239193281121,5.423611111111111,19.0,35.0,40.0,0.9785879629629631,0.5977581645685095,196,222,0,26,930,222,0.19270833333333334
Battery + Entropy,,1010,volatile,coordinated,157.99033333333335,0.6076555023923444,0.39234449760765555,11.245840000000003,27.87536673639651,0.11291860654610344,4.553819444444445,15.0,24.0,55.0,0.9690393518518517,0.5888420941874888,221,254,0,33,898,254,0.2204861111111111
Battery + Entropy,,1011,volatile,coordinated,135.7643333333333,0.5701357466063348,0.4298642533936652,11.19583999999999,27.8041058670549,0.1207945682734311,5.547743055555555,22.0,40.0,44.0,0.9195601851851851,0.524274132730015,220,252,0,32,900,252,0.21875
Battery + Entropy,,1012,volatile,coordinated,85.67666666666662,0.4962686567164179,0.5037313432835822,11.04584000000004,27.719253047701116,0.37214987714716596,7.002604166666667,29.0,52.0,54.0,0.9042245370370369,0.44873829636539514,217,252,0,35,900,252,0.21875
Battery + Entropy,,1013,volatile,coordinated,168.0616666666666,0.6763005780346821,0.32369942196531787,10.545839999999988,27.505443767934835,0.3117710306235272,5.520833333333333,18.0,35.0,45.0,0.9875578703703702,0.6678859585741811,207,235,0,28,917,235,0.20399305555555555
Battery + Entropy,,1014,volatile,coordinated,110.36599999999991,0.6694915254237288,0.3305084745762712,8.245839999999871,27.16643055612605,0.3841956984909417,6.7578125,21.0,53.0,31.0,0.9861111111111112,0.660193032015066,161,179,0,18,973,179,0.15538194444444445
Battery + Entropy,,1015,volatile,coordinated,123.9056666666666,0.6329113924050633,0.36708860759493667,10.295839999999997,27.984652380248956,0.35021869298826,5.177083333333333,17.0,30.0,43.0,0.9797453703703705,0.6200920065635257,202,228,0,26,924,228,0.19791666666666666
Battery + Entropy,,1016,volatile,coordinated,180.2529999999998,0.5724381625441696,0.42756183745583043,11.895840000000062,27.74034214332949,0.2151598908709288,5.001736111111111,19.0,38.0,58.0,0.9253472222222222,0.5297040636042403,234,290,0,56,862,290,0.2517361111111111
Battery + Entropy,,1017,volatile,coordinated,192.2253333333333,0.570446735395189,0.429553264604811,11.845840000000026,27.7096812165475,0.07031405895188622,7.868923611111111,33.0,56.0,54.0,0.9030671296296295,0.5151516959399262,233,274,0,41,878,274,0.2378472222222222
Battery + Entropy,,1018,volatile,coordinated,207.73466666666653,0.6517857142857143,0.3482142857142857,11.445840000000137,27.811885286899123,0.45730257624347337,6.131944444444445,23.0,44.0,55.0,0.9745370370370371,0.6351893187830688,225,274,0,49,878,274,0.2378472222222222
Battery + Entropy,,1019,volatile,coordinated,144.99366666666663,0.6052631578947368,0.39473684210526316,10.34583999999998,28.392817341526957,0.28631419018897547,4.953125,15.0,24.0,40.0,0.9571759259259258,0.5793433235867446,203,235,0,32,917,235,0.20399305555555555
Battery + Entropy,,1020,volatile,coordinated,156.58400000000012,0.5725490196078431,0.4274509803921569,11.495839999999978,27.540248359265487,0.12283057718422666,6.0390625,24.0,44.0,50.0,0.9427083333333334,0.5397467320261438,226,265,0,39,887,265,0.2300347222222222
Battery + Entropy,,1021,volatile,coordinated,161.7096666666666,0.5991189427312775,0.4008810572687225,10.595839999999932,27.668333776553673,0.1879314959090866,7.620659722222222,32.0,57.0,54.0,0.9580439814814814,0.5739822972752487,208,250,0,42,902,250,0.2170138888888889
Battery + Entropy,,1022,volatile,coordinated,164.71400000000006,0.6135265700483091,0.38647342995169087,10.845839999999981,27.780487312650067,0.22920052660159257,6.352430555555555,24.450000000000045,54.0,46.0,0.9479166666666666,0.5815720611916263,213,240,0,27,912,240,0.20833333333333334
Battery + Entropy,,1023,volatile,coordinated,157.59000000000003,0.6185567010309279,0.38144329896907214,10.39583999999996,28.173412349677125,0.16244843303894194,6.751736111111111,27.0,47.0,42.0,0.9427083333333334,0.583118556701031,204,222,0,18,930,222,0.19270833333333334
Battery + Entropy,,1024,volatile,coordinated,114.41766666666668,0.6837606837606838,0.3162393162393162,8.245839999999838,27.734086011533236,0.5507791454821052,6.775173611111111,22.0,34.0,32.0,0.9858217592592591,0.6740661601772712,161,182,0,21,970,182,0.1579861111111111
Battery + Entropy,,1025,volatile,coordinated,143.37033333333315,0.5437956204379562,0.45620437956204385,11.495840000000005,27.631273780374894,0.16695406776849792,5.360243055555555,19.450000000000045,40.0,55.0,0.9334490740740742,0.5076055183833469,226,273,0,47,879,273,0.23697916666666666
Battery + Entropy,,1026,volatile,coordinated,114.12766666666668,0.6376811594202898,0.3623188405797102,9.495839999999875,28.031244741185912,0.16111848190257494,5.859375,20.0,35.0,33.0,0.9866898148148147,0.629193505099302,186,208,0,22,944,208,0.18055555555555555
Battery + Entropy,,1027,volatile,coordinated,130.00766666666655,0.6381578947368421,0.36184210526315785,9.395839999999907,27.875509386714086,0.30942873980071156,6.315104166666667,21.450000000000045,35.0,36.0,0.9866898148148149,0.6296638949805069,184,214,0,30,938,214,0.1857638888888889
Battery + Entropy,,1028,volatile,coordinated,106.26,0.6026490066225165,0.3973509933774835,10.045839999999956,27.621479294635346,0.22668957607147677,5.559027777777778,19.0,35.0,40.0,0.9913194444444444,0.5974176784400294,197,229,0,32,923,229,0.1987847222222222
Battery + Entropy,,1029,volatile,coordinated,198.67366666666655,0.6497695852534562,0.3502304147465438,10.745840000000006,27.800474848912,0.30166541662210516,5.305555555555555,18.0,31.0,51.0,0.9710648148148149,0.6309683819764464,211,244,0,33,908,244,0.21180555555555555
Battery + Entropy,,1030,volatile,coordinated,160.61499999999998,0.5930735930735931,0.4069264069264069,10.745840000000005,27.873481980284083,0.29296608267507707,5.567708333333333,18.0,48.0,50.0,0.9513888888888888,0.5642436267436267,211,260,0,49,892,260,0.22569444444444445
Greedy,,1001,volatile,coordinated,-122.5156666666672,0.38943894389438943,0.6105610561056105,19.445840000000196,27.869978979177933,0.022172687084513122,8.63107638888889,41.0,55.0,185.0,0.9004629629629631,0.3506753453123091,385,741,0,356,411,741,0.6432291666666666
Greedy,,1002,volatile,coordinated,-113.6900000000006,0.3970037453183521,0.6029962546816479,19.295840000000187,28.196069389932298,0.020681861555739835,8.953125,42.0,56.0,186.0,0.9340277777777778,0.37081252600915526,382,731,0,349,421,731,0.6345486111111112
Greedy,,1003,volatile,coordinated,-185.1040000000003,0.33125,0.66875,19.445840000000196,28.045742792782573,0.016743846508601327,8.592881944444445,41.0,56.0,186.0,0.9270833333333334,0.3070963541666667,385,739,0,354,413,739,0.6414930555555556
Greedy,,1004,volatile,coordinated,-193.6680000000002,0.3236363636363636,0.6763636363636364,19.395840000000195,27.778055887166204,0.028948258795773327,8.947916666666666,42.0,59.0,185.0,0.8368055555555556,0.27082070707070705,384,731,0,347,421,731,0.6345486111111112
Greedy,,1005,volatile,coordinated,-180.84000000000032,0.35294117647058826,0.6470588235294117,19.295840000000187,27.612860050191575,0.018032791175305846,8.99826388888889,42.0,58.0,186.0,0.8819444444444444,0.3112745098039216,382,737,0,355,415,737,0.6397569444444444
Greedy,,1006,volatile,coordinated,-234.8519999999988,0.2918287937743191,0.7081712062256809,19.5958400000002,27.73702749384593,0.014139064672996662,8.31857638888889,40.0,53.0,185.0,0.8532986111111112,0.24901710440985736,388,747,0,359,405,747,0.6484375
Greedy,,1007,volatile,coordinated,-279.39999999999884,0.24267782426778242,0.7573221757322176,19.645840000000206,27.847617605125972,0.02007865336964234,8.313368055555555,40.0,52.0,184.0,0.8211805555555556,0.19928231055323106,389,750,0,361,402,750,0.6510416666666666
Greedy,,1008,volatile,coordinated,-255.92399999999876,0.2328042328042328,0.7671957671957672,19.245840000000186,27.8133897866608,0.02039393361710967,9.291666666666666,43.0,61.0,183.0,0.875,0.2037037037037037,381,725,0,344,427,725,0.6293402777777778
Greedy,,1009,volatile,coordinated,-223.33300000000077,0.29064039408866993,0.7093596059113301,19.295840000000187,27.585351449882772,0.02065260162658463,9.043402777777779,42.0,57.0,183.0,0.8741319444444444,0.25405805281882865,382,734,0,352,418,734,0.6371527777777778
Greedy,,1010,volatile,coordinated,-174.5830000000002,0.3397129186602871,0.6602870813397129,19.245840000000186,27.87536673639651,0.018116001193753128,9.188368055555555,42.0,58.0,184.0,0.9019097222222222,0.3063903841041999,381,730,0,349,422,730,0.6336805555555556
Greedy,,1011,volatile,coordinated,-248.12799999999882,0.26244343891402716,0.7375565610859729,19.295840000000187,27.8041058670549,0.01654437186383753,9.18142361111111,42.0,58.0,179.0,0.8263888888888888,0.2168803418803419,382,728,0,346,424,728,0.6319444444444444
Greedy,,1012,volatile,coordinated,-217.43499999999892,0.30970149253731344,0.6902985074626866,18.845840000000166,27.719253047701116,0.024735979963439358,9.578125,43.450000000000045,60.0,179.0,0.8472222222222222,0.2623859867330017,373,717,0,344,435,717,0.6223958333333334
Greedy,,1013,volatile,coordinated,-220.56200000000032,0.27167630057803466,0.7283236994219653,19.695840000000207,27.505443767934835,0.022479558362408527,8.296875,40.0,56.0,183.0,0.9166666666666666,0.24903660886319842,390,747,0,357,405,747,0.6484375
Greedy,,1014,volatile,coordinated,-179.60200000000032,0.3220338983050847,0.6779661016949152,18.99584000000018,27.16643055612605,0.029253450663734394,9.430555555555555,43.0,59.0,179.0,0.9340277777777778,0.30078860640301314,376,725,0,349,427,725,0.6293402777777778
Greedy,,1015,volatile,coordinated,-161.03033333333394,0.36075949367088606,0.639240506329114,19.19584000000018,27.984652380248956,0.015240298136103524,8.961805555555555,42.0,57.0,182.0,0.945023148148148,0.3409260724331926,380,736,0,356,416,736,0.6388888888888888
Greedy,,1016,volatile,coordinated,-189.70700000000042,0.3286219081272085,0.6713780918727915,19.645840000000206,27.74034214332949,0.01697202901415041,8.43576388888889,40.0,58.0,184.0,0.8697916666666666,0.28583259717314485,389,747,0,358,405,747,0.6484375
Greedy,,1017,volatile,coordinated,-167.8450000000008,0.3402061855670103,0.6597938144329897,19.045840000000176,27.7096812165475,0.018364533675454202,9.24392361111111,42.450000000000045,58.0,181.0,0.8498263888888888,0.2891161941580756,377,727,0,350,425,727,0.6310763888888888
Greedy,,1018,volatile,coordinated,-152.55500000000086,0.36160714285714285,0.6383928571428572,19.14584000000018,27.811885286899123,0.03166813476666405,9.488715277777779,43.0,59.0,188.0,0.9131944444444444,0.3302176339285714,379,724,0,345,428,724,0.6284722222222222
Greedy,,1019,volatile,coordinated,-186.9763333333335,0.3157894736842105,0.6842105263157895,19.14584000000018,28.392817341526957,0.0238894144137952,9.010416666666666,42.0,59.0,181.0,0.9068287037037036,0.28636695906432746,379,735,0,356,417,735,0.6380208333333334
Greedy,,1020,volatile,coordinated,-184.38500000000064,0.33725490196078434,0.6627450980392157,19.5458400000002,27.540248359265487,0.03097080325380331,8.502604166666666,40.450000000000045,58.0,187.0,0.8993055555555556,0.3032952069716776,387,738,0,351,414,738,0.640625
Greedy,,1021,volatile,coordinated,-198.7070000000006,0.31718061674008813,0.6828193832599119,19.245840000000186,27.668333776553673,0.01896302854195146,8.776041666666666,41.0,56.0,186.0,0.8871527777777778,0.28138766519823794,381,738,0,357,414,738,0.640625
Greedy,,1022,volatile,coordinated,-226.2113333333339,0.2753623188405797,0.7246376811594203,18.99584000000017,27.780487312650067,0.023564523247107002,9.577256944444445,43.450000000000045,61.0,180.0,0.8538773148148148,0.2351256374127751,376,724,0,348,428,724,0.6284722222222222
Greedy,,1023,volatile,coordinated,-178.30366666666717,0.33505154639175255,0.6649484536082475,19.345840000000187,28.173412349677125,0.022727364343820687,8.99826388888889,42.0,56.0,184.0,0.8796296296296295,0.2947212676594119,383,740,0,357,412,740,0.6423611111111112
Greedy,,1024,volatile,coordinated,-124.6570000000002,0.452991452991453,0.5470085470085471,19.645840000000206,27.734086011533236,0.022331962229466956,8.285590277777779,40.0,55.0,187.0,0.9548611111111112,0.4325439221272555,389,748,0,359,404,748,0.6493055555555556
Greedy,,1025,volatile,coordinated,-275.21799999999956,0.2591240875912409,0.7408759124087592,19.745840000000207,27.631273780374894,0.02148317452952489,8.02170138888889,39.0,51.0,187.0,0.8324652777777778,0.21571180555555558,391,749,0,358,403,749,0.6501736111111112
Greedy,,1026,volatile,coordinated,-248.85400000000018,0.21739130434782608,0.782608695652174,19.4958400000002,28.031244741185912,0.018433499490070678,8.460069444444445,40.0,54.0,186.0,0.8923611111111112,0.1939915458937198,386,743,0,357,409,743,0.6449652777777778
Greedy,,1027,volatile,coordinated,-218.78200000000027,0.26973684210526316,0.7302631578947368,18.99584000000017,27.875509386714086,0.02069592542697217,9.526909722222221,43.0,60.0,185.0,0.9027777777777778,0.2435124269005848,376,721,0,345,431,721,0.6258680555555556
Greedy,,1028,volatile,coordinated,-172.2930000000005,0.3443708609271523,0.6556291390728477,19.4958400000002,27.621479294635346,0.022815319989440946,8.629340277777779,41.0,55.0,185.0,0.9401041666666666,0.3237444812362031,386,743,0,357,409,743,0.6449652777777778
Greedy,,1029,volatile,coordinated,-199.78699999999967,0.31797235023041476,0.6820276497695852,19.445840000000196,27.800474848912,0.021589202343697666,8.92795138888889,42.0,60.0,182.0,0.8741319444444444,0.27794978878648235,385,735,0,350,417,735,0.6380208333333334
Greedy,,1030,volatile,coordinated,-160.84500000000054,0.3593073593073593,0.6406926406926408,19.045840000000176,27.873481980284083,0.015308128086021569,9.097222222222221,42.0,58.0,183.0,0.8993055555555556,0.3231271043771044,377,731,0,354,421,731,0.6345486111111112
IQL,101.0,1001,volatile,coordinated,39.5276666666667,0.45874587458745875,0.5412541254125413,15.145840000000058,27.869978979177933,0.012847324891880826,9.565972222222221,39.0,55.0,80.0,0.9050925925925927,0.41520749297151943,299,383,0,84,769,383,0.3324652777777778
IQL,101.0,1002,volatile,coordinated,93.86399999999996,0.5318352059925093,0.46816479400749067,15.695840000000132,28.196069389932298,0.023727323143731858,7.350694444444445,32.0,63.0,98.0,0.9479166666666666,0.5041354556803994,310,414,0,104,738,414,0.359375
IQL,101.0,1003,volatile,coordinated,-5.043000000000018,0.45625,0.54375,13.595840000000075,28.045742792782573,0.029216114808633085,8.116319444444445,34.0,54.0,57.0,0.9409722222222222,0.4293185763888889,268,328,0,60,824,328,0.2847222222222222
IQL,101.0,1004,volatile,coordinated,58.19700000000001,0.48,0.52,15.095840000000115,27.778055887166204,0.02787396979308082,7.950520833333333,37.0,59.0,86.0,0.8975694444444444,0.4308333333333333,298,398,0,100,754,398,0.3454861111111111
IQL,101.0,1005,volatile,coordinated,30.49700000000001,0.47058823529411764,0.5294117647058824,13.595840000000047,27.612860050191575,0.0237119633712761,9.18576388888889,40.0,63.0,65.0,0.9296875,0.4375,268,344,0,76,808,344,0.2986111111111111
IQL,101.0,1006,volatile,coordinated,-39.068999999999924,0.3852140077821012,0.6147859922178989,15.145840000000089,27.73702749384593,0.0022239577341988167,8.417534722222221,37.0,56.0,56.0,0.8845486111111112,0.3407405155642024,299,363,0,64,789,363,0.3151041666666667
IQL,101.0,1007,volatile,coordinated,-29.803000000000026,0.40585774058577406,0.5941422594142259,14.345840000000067,27.847617605125972,0.008220367090056658,7.595486111111111,30.0,52.0,73.0,0.8802083333333334,0.3572393654114366,283,352,0,69,800,352,0.3055555555555556
IQL,101.0,1008,volatile,coordinated,-85.07099999999998,0.328042328042328,0.671957671957672,12.445839999999993,27.8133897866608,0.01621267258756412,9.114583333333334,35.0,57.0,59.0,0.8845486111111112,0.29016938565549677,245,295,0,50,857,295,0.2560763888888889
IQL,101.0,1009,volatile,coordinated,-35.27166666666667,0.3891625615763547,0.6108374384236452,13.64584000000006,27.585351449882772,0.01299135871220572,7.575520833333333,31.450000000000045,45.0,57.0,0.9195601851851853,0.35785839719029383,269,330,0,61,822,330,0.2864583333333333
IQL,101.0,1010,volatile,coordinated,39.39199999999999,0.49282296650717705,0.507177033492823,14.09584000000011,27.87536673639651,0.02505305321557972,8.073784722222221,33.0,49.0,81.0,0.9435763888888888,0.46501611509835195,278,357,0,79,795,357,0.3098958333333333
IQL,101.0,1011,volatile,coordinated,-29.275333333333297,0.40271493212669685,0.5972850678733032,14.295840000000021,27.8041058670549,0.008924697041979098,9.534722222222221,40.0,57.0,60.0,0.872974537037037,0.3515598814312049,282,349,0,67,803,349,0.3029513888888889
IQL,101.0,1012,volatile,coordinated,-37.330666666666644,0.40298507462686567,0.5970149253731343,15.245840000000056,27.719253047701116,0.03505862797976726,8.339409722222221,39.0,58.0,82.0,0.8778935185185186,0.3537779850746269,301,377,0,76,775,377,0.3272569444444444
IQL,101.0,1013,volatile,coordinated,-4.644000000000009,0.44508670520231214,0.5549132947976878,14.695840000000151,27.505443767934835,0.024271030623527298,8.171875,34.450000000000045,58.0,60.0,0.9470486111111112,0.4215187459858703,290,341,0,51,811,341,0.2960069444444444
IQL,101.0,1014,volatile,coordinated,9.098999999999984,0.5084745762711864,0.4915254237288136,12.34584000000003,27.16643055612605,0.10242965262551255,9.175347222222221,34.0,56.0,61.0,0.9644097222222222,0.490377824858757,243,287,0,44,865,287,0.24913194444444445
IQL,101.0,1015,volatile,coordinated,45.01466666666662,0.5316455696202531,0.4683544303797469,14.245840000000088,27.984652380248956,0.01450879631940707,6.939236111111111,26.450000000000045,53.0,60.0,0.9736689814814814,0.5176468002812938,281,335,0,54,817,335,0.2907986111111111
IQL,101.0,1016,volatile,coordinated,60.90166666666668,0.48056537102473496,0.519434628975265,15.545840000000092,27.74034214332949,0.025703515020825997,7.352430555555555,33.0,63.0,81.0,0.913773148148148,0.43912773197225485,307,400,0,93,752,400,0.3472222222222222
IQL,101.0,1017,volatile,coordinated,-6.8143333333333125,0.41580756013745707,0.5841924398625429,14.545840000000146,27.7096812165475,0.02869363394684197,10.457465277777779,42.450000000000045,62.0,85.0,0.8564814814814815,0.35613147511772947,287,372,0,85,780,372,0.3229166666666667
IQL,101.0,1018,volatile,coordinated,104.19899999999994,0.5669642857142857,0.4330357142857143,16.345840000000095,27.811885286899123,0.03132140149429634,8.230902777777779,39.0,62.0,95.0,0.9722222222222222,0.5512152777777778,323,415,0,92,737,415,0.3602430555555556
IQL,101.0,1019,volatile,coordinated,20.211666666666655,0.4631578947368421,0.5368421052631579,13.695840000000057,28.392817341526957,0.02506232341026654,8.682291666666666,39.0,57.0,61.0,0.9346064814814814,0.43287037037037035,270,326,0,56,826,326,0.2829861111111111
IQL,101.0,1020,volatile,coordinated,18.334999999999994,0.4549019607843137,0.5450980392156863,14.645840000000124,27.540248359265487,0.025933077184227,9.067708333333334,36.0,55.0,79.0,0.9253472222222222,0.42094226579520694,289,369,0,80,783,369,0.3203125
IQL,101.0,1021,volatile,coordinated,23.157999999999994,0.45374449339207046,0.5462555066079295,14.24584000000004,27.668333776553673,0.020119813364592815,8.737847222222221,37.450000000000045,51.0,62.0,0.9322916666666666,0.42302220998531564,281,354,0,73,798,354,0.3072916666666667
IQL,101.0,1022,volatile,coordinated,-11.02100000000002,0.4251207729468599,0.5748792270531401,14.19584000000005,27.780487312650067,0.01737261605828623,9.1640625,41.0,65.0,69.0,0.8949652777777778,0.3804683306494901,280,335,0,55,817,335,0.2907986111111111
IQL,101.0,1023,volatile,coordinated,49.396333333333274,0.4896907216494845,0.5103092783505154,14.345840000000065,28.173412349677125,0.040852268629005754,11.081597222222221,43.450000000000045,66.0,53.0,0.9429976851851851,0.4617772169721267,283,328,0,45,824,328,0.2847222222222222
IQL,101.0,1024,volatile,coordinated,63.61466666666662,0.6153846153846154,0.3846153846153846,13.995840000000127,27.734086011533236,0.1531364009935754,7.870659722222222,31.0,48.0,45.0,0.9788773148148149,0.60238603988604,276,313,0,37,839,313,0.2717013888888889
IQL,101.0,1025,volatile,coordinated,-47.88266666666665,0.38321167883211676,0.6167883211678833,15.345840000000127,27.631273780374894,0.02452295708420465,7.144097222222222,31.0,46.0,76.0,0.8848379629629629,0.3390802412814274,303,381,0,78,771,381,0.3307291666666667
IQL,101.0,1026,volatile,coordinated,-32.24633333333335,0.39855072463768115,0.6014492753623188,13.19584000000006,28.031244741185912,0.01111848190257505,9.235243055555555,36.0,59.0,46.0,0.9441550925925924,0.37629369632313464,260,292,0,32,860,292,0.2534722222222222
IQL,101.0,1027,volatile,coordinated,19.76733333333334,0.4934210526315789,0.506578947368421,13.795840000000053,27.875509386714086,0.02194068342154583,8.383680555555555,32.0,59.0,63.0,0.9655671296296295,0.476431149488304,272,328,0,56,824,328,0.2847222222222222
IQL,101.0,1028,volatile,coordinated,19.651666666666642,0.4966887417218543,0.5033112582781457,13.79584000000006,27.621479294635346,0.020234241764747092,8.510416666666666,35.0,65.0,61.0,0.9649884259259258,0.4792988870493009,272,322,0,50,830,322,0.2795138888888889
IQL,101.0,1029,volatile,coordinated,-0.767999999999989,0.4377880184331797,0.5622119815668203,14.84584000000009,27.800474848912,0.03108111375507254,7.712673611111111,33.0,60.0,66.0,0.9140625,0.40016561059907835,293,363,0,70,789,363,0.3151041666666667
IQL,101.0,1030,volatile,coordinated,25.921666666666653,0.47619047619047616,0.5238095238095238,14.945840000000093,27.873481980284083,0.030466082675077256,7.480034722222222,31.450000000000045,55.0,82.0,0.918113425925926,0.4371968694885362,295,385,0,90,767,385,0.3342013888888889
IQL,102.0,1001,volatile,coordinated,19.250999999999998,0.44884488448844884,0.5511551155115512,17.445840000000118,27.869978979177933,0.01284732489188083,10.047743055555555,41.0,58.0,93.0,0.9166666666666666,0.4114411441144114,345,444,0,99,708,444,0.3854166666666667
IQL,102.0,1002,volatile,coordinated,19.135000000000023,0.45318352059925093,0.5468164794007491,16.745840000000133,28.196069389932298,0.032899541210056886,10.110243055555555,43.0,63.0,87.0,0.9427083333333334,0.4272198813982522,331,436,0,105,716,436,0.3784722222222222
IQL,102.0,1003,volatile,coordinated,-32.88899999999998,0.4375,0.5625,16.095840000000088,28.045742792782573,0.010245908797163755,8.513020833333334,37.0,56.0,75.0,0.9383680555555556,0.4105360243055556,318,400,0,82,752,400,0.3472222222222222
IQL,102.0,1004,volatile,coordinated,5.780333333333371,0.44,0.56,16.445840000000114,27.778055887166204,0.026763118293212342,8.00607638888889,37.0,58.0,99.0,0.8883101851851851,0.39085648148148144,325,445,0,120,707,445,0.3862847222222222
IQL,102.0,1005,volatile,coordinated,-30.54033333333335,0.42436974789915966,0.5756302521008403,15.345840000000068,27.612860050191575,0.02333825523508746,9.86545138888889,43.450000000000045,63.0,92.0,0.9189814814814815,0.38998793962029255,303,396,0,93,756,396,0.34375
IQL,102.0,1006,volatile,coordinated,-76.10433333333333,0.35797665369649806,0.6420233463035019,17.945840000000157,27.73702749384593,0.010478678004063486,10.366319444444445,42.450000000000045,59.0,53.0,0.865162037037037,0.3097078109237642,355,426,0,71,726,426,0.3697916666666667
IQL,102.0,1007,volatile,coordinated,-99.79599999999998,0.3472803347280335,0.6527196652719665,16.445840000000118,27.847617605125972,0.014032877569429985,7.724826388888889,34.0,51.0,91.0,0.8567708333333334,0.2975396617852162,325,403,0,78,749,403,0.3498263888888889
IQL,102.0,1008,volatile,coordinated,-118.29599999999996,0.291005291005291,0.7089947089947091,16.145840000000096,27.8133897866608,0.018078022476944434,10.627604166666666,42.0,62.0,53.0,0.8776041666666666,0.2553874559082892,319,376,0,57,776,376,0.3263888888888889
IQL,102.0,1009,volatile,coordinated,-86.14233333333331,0.3448275862068966,0.6551724137931034,15.845840000000079,27.585351449882772,0.02234209928350459,9.43142361111111,40.0,59.0,68.0,0.8972800925925927,0.3094069284802044,313,384,0,71,768,384,0.3333333333333333
IQL,102.0,1010,volatile,coordinated,4.998666666666668,0.46411483253588515,0.5358851674641149,15.695840000000109,27.87536673639651,0.02275466794869697,8.835069444444445,37.450000000000045,59.0,94.0,0.9398148148148149,0.4361819953925217,310,407,0,97,745,407,0.3532986111111111
IQL,102.0,1011,volatile,coordinated,-88.65366666666664,0.35294117647058826,0.6470588235294117,17.045840000000105,27.8041058670549,0.00891559363694451,9.280381944444445,41.0,57.0,81.0,0.8622685185185185,0.30433006535947715,337,425,0,88,727,425,0.3689236111111111
IQL,102.0,1012,volatile,coordinated,-85.25800000000005,0.3694029850746269,0.6305970149253731,16.345840000000074,27.719253047701116,0.023154339286200764,8.612847222222221,40.450000000000045,60.0,95.0,0.8619791666666666,0.318417677238806,323,428,0,105,724,428,0.3715277777777778
IQL,102.0,1013,volatile,coordinated,-70.761,0.3583815028901734,0.6416184971098267,15.745840000000127,27.505443767934835,0.024271030623527395,9.544270833333334,41.0,61.0,60.0,0.9201388888888888,0.32976075786769427,311,385,0,74,767,385,0.3342013888888889
IQL,102.0,1014,volatile,coordinated,-37.95300000000002,0.423728813559322,0.576271186440678,15.295840000000064,27.16643055612605,0.020036801108026952,12.676215277777779,49.0,64.0,51.0,0.9444444444444444,0.40018832391713743,302,363,0,61,789,363,0.3151041666666667
IQL,102.0,1015,volatile,coordinated,-19.73233333333334,0.4430379746835443,0.5569620253164558,15.745840000000081,27.984652380248956,0.009397499999999915,10.841145833333334,45.450000000000045,65.0,59.0,0.945023148148148,0.4186811415846225,311,373,0,62,779,373,0.3237847222222222
IQL,102.0,1016,volatile,coordinated,-8.6896666666667,0.43462897526501765,0.5653710247349824,17.24584000000014,27.74034214332949,0.025703515020826,7.765625,36.0,63.0,99.0,0.886574074074074,0.3853307813113466,341,468,0,127,684,468,0.40625
IQL,102.0,1017,volatile,coordinated,-37.44866666666668,0.38831615120274915,0.6116838487972509,15.895840000000124,27.7096812165475,0.02366716914227343,11.571180555555555,47.0,63.0,81.0,0.8596643518518519,0.33382155243731704,314,416,0,102,736,416,0.3611111111111111
IQL,102.0,1018,volatile,coordinated,35.52266666666666,0.4955357142857143,0.5044642857142857,17.395840000000128,27.811885286899123,0.03132140149429645,9.94704861111111,44.450000000000045,63.0,97.0,0.9502314814814815,0.47087363591269843,344,450,0,106,702,450,0.390625
IQL,102.0,1019,volatile,coordinated,-29.320333333333327,0.41578947368421054,0.5842105263157895,15.745840000000102,28.392817341526957,0.024858739825284325,9.703125,43.450000000000045,64.0,72.0,0.913773148148148,0.37993725633528264,311,381,0,70,771,381,0.3307291666666667
IQL,102.0,1020,volatile,coordinated,-22.354000000000006,0.4235294117647059,0.5764705882352941,16.995840000000136,27.540248359265487,0.023117811525024443,8.442708333333334,37.0,54.0,89.0,0.9236111111111112,0.3911764705882353,336,448,0,112,704,448,0.3888888888888889
IQL,102.0,1021,volatile,coordinated,-44.06066666666668,0.3964757709251101,0.6035242290748899,16.49584000000008,27.668333776553673,0.013529687671100087,9.504340277777779,41.450000000000045,58.0,72.0,0.8961226851851853,0.3552909324522761,326,409,0,83,743,409,0.3550347222222222
IQL,102.0,1022,volatile,coordinated,-75.92200000000003,0.36231884057971014,0.6376811594202898,16.145840000000092,27.780487312650067,0.016242197581777112,10.528645833333334,44.450000000000045,65.0,76.0,0.8645833333333334,0.3132548309178744,319,391,0,72,761,391,0.3394097222222222
IQL,102.0,1023,volatile,coordinated,-21.75566666666665,0.42783505154639173,0.5721649484536082,16.89584000000011,28.173412349677125,0.026971763136430956,11.1953125,46.0,63.0,70.0,0.8969907407407407,0.3837640798014509,334,401,0,67,751,401,0.3480902777777778
IQL,102.0,1024,volatile,coordinated,37.342999999999975,0.5897435897435898,0.41025641025641024,17.445840000000132,27.734086011533236,0.026991290982628875,9.21875,39.0,53.0,52.0,0.9722222222222222,0.5733618233618234,345,402,0,57,750,402,0.3489583333333333
IQL,102.0,1025,volatile,coordinated,-102.92666666666666,0.33941605839416056,0.6605839416058394,17.545840000000155,27.631273780374894,0.023672997474970738,8.858506944444445,37.0,58.0,80.0,0.8683449074074073,0.2947302057988645,347,425,0,78,727,425,0.3689236111111111
IQL,102.0,1026,volatile,coordinated,-100.13299999999994,0.3115942028985507,0.6884057971014492,16.095840000000102,28.031244741185912,0.008618397734787458,9.980902777777779,43.0,61.0,57.0,0.9010416666666666,0.28075935990338163,318,364,0,46,788,364,0.3159722222222222
IQL,102.0,1027,volatile,coordinated,-14.209666666666685,0.4473684210526316,0.5526315789473684,15.845840000000083,27.875509386714086,0.02422009316560464,9.821180555555555,42.0,59.0,66.0,0.9586226851851853,0.4288575170565303,313,372,0,59,780,372,0.3229166666666667
IQL,102.0,1028,volatile,coordinated,-16.306333333333342,0.44370860927152317,0.5562913907284768,15.94584000000009,27.621479294635346,0.021032442848126623,10.125868055555555,42.0,64.0,59.0,0.960648148148148,0.4262478538140789,315,381,0,66,771,381,0.3307291666666667
IQL,102.0,1029,volatile,coordinated,-24.870999999999988,0.41935483870967744,0.5806451612903225,16.345840000000106,27.800474848912,0.030146313784680107,9.44704861111111,40.450000000000045,63.0,69.0,0.9088541666666666,0.38113239247311825,323,415,0,92,737,415,0.3602430555555556
IQL,102.0,1030,volatile,coordinated,-24.016333333333325,0.42857142857142855,0.5714285714285714,16.495840000000122,27.873481980284083,0.03004237359391809,8.87673611111111,38.0,58.0,85.0,0.9076967592592593,0.3890128968253968,326,439,0,113,713,439,0.3810763888888889
IQL,103.0,1001,volatile,coordinated,26.18499999999996,0.45544554455445546,0.5445544554455446,15.645840000000074,27.869978979177933,0.020359793021684586,7.924479166666667,35.0,53.0,98.0,0.9088541666666666,0.4139335808580858,309,421,0,112,731,421,0.3654513888888889
IQL,103.0,1002,volatile,coordinated,77.43200000000009,0.5131086142322098,0.48689138576779023,16.54584000000014,28.196069389932298,0.03137447955603633,8.190972222222221,37.0,61.0,96.0,0.9600694444444444,0.4926199022055764,327,439,0,112,713,439,0.3810763888888889
IQL,103.0,1003,volatile,coordinated,3.3796666666667035,0.475,0.525,14.745840000000081,28.045742792782573,0.035508337123004705,6.8828125,28.0,49.0,67.0,0.952835648148148,0.4525969328703703,291,347,0,56,805,347,0.3012152777777778
IQL,103.0,1004,volatile,coordinated,26.60866666666666,0.4581818181818182,0.5418181818181818,15.895840000000106,27.778055887166204,0.02096122662437436,8.364583333333334,38.450000000000045,59.0,103.0,0.8998842592592593,0.4123106060606061,314,421,0,107,731,421,0.3654513888888889
IQL,103.0,1005,volatile,coordinated,25.650000000000013,0.47478991596638653,0.5252100840336135,15.14584000000007,27.612860050191575,0.02273022795250024,9.58420138888889,42.0,63.0,77.0,0.9331597222222222,0.4430548260971055,299,373,0,74,779,373,0.3237847222222222
IQL,103.0,1006,volatile,coordinated,-18.995000000000058,0.4085603112840467,0.5914396887159533,15.395840000000089,27.73702749384593,0.012482921989666659,7.642361111111111,34.0,62.0,66.0,0.8975694444444444,0.36671125162127105,304,369,0,65,783,369,0.3203125
IQL,103.0,1007,volatile,coordinated,-45.76033333333333,0.39748953974895396,0.602510460251046,15.195840000000084,27.847617605125972,0.0019788229232617863,7.360243055555555,30.0,50.0,89.0,0.8842592592592592,0.3514838059817139,300,376,0,76,776,376,0.3263888888888889
IQL,103.0,1008,volatile,coordinated,-60.53266666666661,0.36507936507936506,0.6349206349206349,13.245840000000033,27.8133897866608,0.013372810591625265,8.102430555555555,32.0,62.0,62.0,0.8926504629629629,0.3258882642563198,261,315,0,54,837,315,0.2734375
IQL,103.0,1009,volatile,coordinated,-42.779666666666664,0.3891625615763547,0.6108374384236452,13.995840000000065,27.585351449882772,0.018386761138961275,6.440104166666667,24.0,51.0,68.0,0.9108796296296298,0.354480249954388,276,338,0,62,814,338,0.2934027777777778
IQL,103.0,1010,volatile,coordinated,57.18966666666663,0.5215311004784688,0.47846889952153115,15.095840000000118,27.87536673639651,0.021705364254389077,6.628472222222222,29.0,49.0,89.0,0.9528356481481483,0.4969334241538189,298,392,0,94,760,392,0.3402777777777778
IQL,103.0,1011,volatile,coordinated,-9.158000000000007,0.43891402714932126,0.5610859728506787,14.795840000000029,27.8041058670549,0.003475892234426634,8.074652777777779,35.450000000000045,55.0,84.0,0.890625,0.39090780542986425,292,375,0,83,777,375,0.3255208333333333
IQL,103.0,1012,volatile,coordinated,-18.274666666666697,0.4216417910447761,0.5783582089552239,15.745840000000062,27.719253047701116,0.053821011994878896,7.796875,36.450000000000045,61.0,87.0,0.8961226851851851,0.3778427739773355,311,395,0,84,757,395,0.3428819444444444
IQL,103.0,1013,volatile,coordinated,6.268000000000018,0.4624277456647399,0.5375722543352601,15.145840000000149,27.505443767934835,0.03677103062352727,8.177083333333334,39.0,61.0,65.0,0.9626736111111112,0.4451669877970456,299,357,0,58,795,357,0.3098958333333333
IQL,103.0,1014,volatile,coordinated,15.663999999999998,0.5254237288135594,0.47457627118644063,13.095840000000072,27.16643055612605,0.18266395091787946,8.272569444444445,34.0,57.0,62.0,0.9661458333333334,0.5076359463276837,258,302,0,44,850,302,0.2621527777777778
IQL,103.0,1015,volatile,coordinated,51.38633333333334,0.5443037974683544,0.45569620253164556,14.595840000000093,27.984652380248956,0.03842694101183026,6.922743055555555,26.450000000000045,55.0,65.0,0.984664351851852,0.5359565459446789,288,348,0,60,804,348,0.3020833333333333
IQL,103.0,1016,volatile,coordinated,51.344000000000015,0.48056537102473496,0.519434628975265,16.64584000000012,27.74034214332949,0.025703515020825983,6.120659722222222,29.0,46.0,96.0,0.9149305555555556,0.43968394189242244,329,437,0,108,715,437,0.3793402777777778
IQL,103.0,1017,volatile,coordinated,-8.525333333333295,0.41237113402061853,0.5876288659793815,15.345840000000134,27.7096812165475,0.01895193472762242,9.30295138888889,38.0,53.0,88.0,0.8764467592592593,0.3614213440244368,303,409,0,106,743,409,0.3550347222222222
IQL,103.0,1018,volatile,coordinated,81.48999999999998,0.5401785714285714,0.4598214285714286,17.095840000000134,27.811885286899123,0.08441691900779162,7.223958333333333,35.450000000000045,55.0,95.0,0.9722222222222222,0.525173611111111,338,443,0,105,709,443,0.3845486111111111
IQL,103.0,1019,volatile,coordinated,9.071666666666662,0.45263157894736844,0.5473684210526315,14.59584000000008,28.392817341526957,0.02491942998454758,7.203993055555555,32.0,55.0,67.0,0.9380787037037036,0.42460404483430797,288,364,0,76,788,364,0.3159722222222222
IQL,103.0,1020,volatile,coordinated,12.80200000000001,0.45098039215686275,0.5490196078431373,15.445840000000102,27.540248359265487,0.03133790691548263,8.629340277777779,36.0,55.0,83.0,0.9314236111111112,0.42005378540305016,305,392,0,87,760,392,0.3402777777777778
IQL,103.0,1021,volatile,coordinated,17.799000000000017,0.46255506607929514,0.5374449339207048,14.595840000000043,27.668333776553673,0.009104990723592044,8.276909722222221,37.0,55.0,86.0,0.9357638888888888,0.43284232745961815,288,373,0,85,779,373,0.3237847222222222
IQL,103.0,1022,volatile,coordinated,-1.5436666666666712,0.42995169082125606,0.5700483091787439,15.045840000000068,27.780487312650067,0.01737261605828623,8.938368055555555,39.0,65.0,68.0,0.9178240740740742,0.39462001252460194,297,348,0,51,804,348,0.3020833333333333
IQL,103.0,1023,volatile,coordinated,36.56733333333333,0.4845360824742268,0.5154639175257731,14.645840000000048,28.173412349677125,0.02454960842099087,8.903645833333334,38.0,59.0,67.0,0.9317129629629629,0.4514485490645284,289,342,0,53,810,342,0.296875
IQL,103.0,1024,volatile,coordinated,65.69700000000002,0.6324786324786325,0.36752136752136755,14.19584000000014,27.734086011533236,0.2265724429758337,6.048611111111111,24.0,47.0,55.0,0.9800347222222222,0.6198510208926875,280,336,0,56,816,336,0.2916666666666667
IQL,103.0,1025,volatile,coordinated,-47.16566666666666,0.38321167883211676,0.6167883211678833,15.445840000000093,27.631273780374894,0.01568617439768001,6.251736111111111,27.0,43.0,79.0,0.8883101851851852,0.3404108373884834,305,379,0,74,773,379,0.3289930555555556
IQL,103.0,1026,volatile,coordinated,-35.11233333333334,0.4057971014492754,0.5942028985507246,14.195840000000086,28.031244741185912,0.008205254758982972,8.155381944444445,30.0,68.0,50.0,0.9354745370370369,0.37961285560923236,280,324,0,44,828,324,0.28125
IQL,103.0,1027,volatile,coordinated,31.969,0.5131578947368421,0.48684210526315785,14.295840000000064,27.875509386714086,0.03089671442955474,7.217881944444445,28.0,43.0,69.0,0.9826388888888888,0.5042489035087719,282,343,0,61,809,343,0.2977430555555556
IQL,103.0,1028,volatile,coordinated,5.345000000000001,0.4768211920529801,0.5231788079470199,14.745840000000097,27.621479294635346,0.10853244284812655,8.144097222222221,35.450000000000045,51.0,64.0,0.9635416666666666,0.4594370860927152,291,344,0,53,808,344,0.2986111111111111
IQL,103.0,1029,volatile,coordinated,8.600000000000017,0.45622119815668205,0.543778801843318,14.645840000000065,27.800474848912,0.03108111375507251,5.848090277777778,23.0,36.0,84.0,0.9296875,0.42414314516129037,289,385,0,96,767,385,0.3342013888888889
IQL,103.0,1030,volatile,coordinated,14.15199999999999,0.46320346320346323,0.5367965367965368,15.095840000000075,27.873481980284083,0.030466082675077215,7.144965277777778,30.450000000000045,74.0,89.0,0.9305555555555556,0.43103655603655605,298,405,0,107,747,405,0.3515625
VDN,101.0,1001,volatile,coordinated,14.53899999999999,0.44554455445544555,0.5544554455445545,15.845840000000065,27.869978979177933,0.017831278995058788,8.324652777777779,36.0,54.0,96.0,0.9019097222222222,0.40184096534653463,313,418,0,105,734,418,0.3628472222222222
VDN,101.0,1002,volatile,coordinated,48.85899999999994,0.49063670411985016,0.5093632958801498,16.44584000000013,28.196069389932298,0.02533689861490324,7.532986111111111,33.0,63.0,105.0,0.953125,0.46763810861423216,325,457,0,132,695,457,0.3967013888888889
VDN,101.0,1003,volatile,coordinated,-35.706999999999994,0.41875,0.58125,15.045840000000078,28.045742792782573,0.02378696828943129,6.920138888888889,30.0,53.0,70.0,0.9383680555555556,0.39294162326388893,297,366,0,69,786,366,0.3177083333333333
VDN,101.0,1004,volatile,coordinated,8.622999999999998,0.44,0.56,15.995840000000102,27.778055887166204,0.029035875568224706,7.848958333333333,36.0,59.0,99.0,0.8923611111111112,0.3926388888888889,316,430,0,114,722,430,0.3732638888888889
VDN,101.0,1005,volatile,coordinated,3.6756666666666247,0.46218487394957986,0.5378151260504201,14.995840000000067,27.612860050191575,0.02366752786794371,8.524305555555555,38.0,59.0,91.0,0.921585648148148,0.4259429466230936,296,396,0,100,756,396,0.34375
VDN,101.0,1006,volatile,coordinated,-52.26966666666667,0.38132295719844356,0.6186770428015564,15.795840000000082,27.73702749384593,0.0006342553954302244,8.6796875,38.450000000000045,56.0,68.0,0.8813657407407407,0.33608499063265596,312,388,0,76,764,388,0.3368055555555556
VDN,101.0,1007,volatile,coordinated,-47.19500000000001,0.39748953974895396,0.602510460251046,15.545840000000082,27.847617605125972,0.01623702492421415,7.150173611111111,30.0,48.0,90.0,0.8836805555555556,0.3512537773128777,307,386,0,79,766,386,0.3350694444444444
VDN,101.0,1008,volatile,coordinated,-69.16333333333331,0.36507936507936506,0.6349206349206349,13.495840000000042,27.8133897866608,0.01735142654898986,7.927951388888889,33.0,50.0,74.0,0.8868634259259259,0.3237755364491475,266,326,0,60,826,326,0.2829861111111111
VDN,101.0,1009,volatile,coordinated,-65.33666666666666,0.3694581280788177,0.6305418719211823,14.395840000000065,27.585351449882772,0.018386761138961295,6.815104166666667,28.450000000000045,48.0,74.0,0.8961226851851853,0.33107980979748225,284,347,0,63,805,347,0.3012152777777778
VDN,101.0,1010,volatile,coordinated,38.064666666666696,0.49760765550239233,0.5023923444976077,15.095840000000104,27.87536673639651,0.025053053215579688,6.921006944444445,30.0,46.0,86.0,0.9424189814814814,0.46895489987595246,298,390,0,92,762,390,0.3385416666666667
VDN,101.0,1011,volatile,coordinated,-47.73333333333338,0.39819004524886875,0.6018099547511313,14.94584000000004,27.8041058670549,0.008915593636944488,9.15017361111111,41.0,66.0,85.0,0.872974537037037,0.347609770403888,295,379,0,84,773,379,0.3289930555555556
VDN,101.0,1012,volatile,coordinated,-61.15666666666672,0.3880597014925373,0.6119402985074627,16.045840000000055,27.719253047701116,0.029292714398648917,8.172743055555555,39.450000000000045,59.0,96.0,0.8761574074074073,0.3400013819789939,317,402,0,85,750,402,0.3489583333333333
VDN,101.0,1013,volatile,coordinated,-29.029333333333323,0.4161849710982659,0.5838150289017341,15.395840000000135,27.505443767934835,0.02427103062352727,5.960069444444445,25.0,43.0,70.0,0.9432870370370371,0.39258188824662815,304,374,0,70,778,374,0.3246527777777778
VDN,101.0,1014,volatile,coordinated,5.240999999999989,0.5169491525423728,0.48305084745762716,14.045840000000055,27.16643055612605,0.018032152625512686,7.621527777777778,33.450000000000045,56.0,74.0,0.9704861111111112,0.501691972693032,277,331,0,54,821,331,0.2873263888888889
VDN,101.0,1015,volatile,coordinated,55.51633333333333,0.5569620253164557,0.44303797468354433,14.945840000000086,27.984652380248956,0.014508796319407073,6.381076388888889,25.0,53.0,69.0,0.9811921296296295,0.5464867557430848,295,353,0,58,799,353,0.3064236111111111
VDN,101.0,1016,volatile,coordinated,35.89233333333331,0.46996466431095407,0.5300353356890459,16.645840000000117,27.74034214332949,0.02169314375640713,6.747395833333333,31.0,61.0,98.0,0.9065393518518517,0.42604146217772537,329,446,0,117,706,446,0.3871527777777778
VDN,101.0,1017,volatile,coordinated,-24.097999999999967,0.4020618556701031,0.5979381443298969,15.695840000000127,27.7096812165475,0.010327611550007533,9.756944444444445,42.0,60.0,94.0,0.8697916666666666,0.34971005154639173,310,406,0,96,746,406,0.3524305555555556
VDN,101.0,1018,volatile,coordinated,69.94199999999995,0.5357142857142857,0.4642857142857143,17.345840000000127,27.811885286899123,0.022887334289480102,7.078125,35.450000000000045,53.0,107.0,0.9722222222222222,0.5208333333333333,343,465,0,122,687,465,0.4036458333333333
VDN,101.0,1019,volatile,coordinated,-15.65666666666664,0.43157894736842106,0.5684210526315789,14.995840000000081,28.392817341526957,0.02485873982528428,7.779513888888889,36.0,55.0,79.0,0.925636574074074,0.39948525828460035,296,369,0,73,783,369,0.3203125
VDN,101.0,1020,volatile,coordinated,2.5800000000000036,0.44313725490196076,0.5568627450980392,15.695840000000107,27.540248359265487,0.025933077184226987,7.660590277777778,33.0,43.0,86.0,0.9296875,0.4119791666666667,310,415,0,105,737,415,0.3602430555555556
VDN,101.0,1021,volatile,coordinated,-10.967999999999993,0.43171806167400884,0.5682819383259912,15.14584000000005,27.668333776553673,0.02063318645842291,8.434027777777779,39.450000000000045,56.0,82.0,0.9236111111111112,0.3987395986294665,299,399,0,100,753,399,0.3463541666666667
VDN,101.0,1022,volatile,coordinated,-23.94766666666666,0.42028985507246375,0.5797101449275363,15.29584000000007,27.780487312650067,0.015598517874270381,8.80642361111111,41.0,64.0,84.0,0.8969907407407407,0.37699610842726783,302,364,0,62,788,364,0.3159722222222222
VDN,101.0,1023,volatile,coordinated,21.302333333333323,0.4742268041237113,0.5257731958762887,15.495840000000065,28.173412349677125,0.02505135036697553,9.76388888888889,43.0,63.0,79.0,0.9369212962962963,0.4443131920580374,306,371,0,65,781,371,0.3220486111111111
VDN,101.0,1024,volatile,coordinated,50.49333333333335,0.6068376068376068,0.3931623931623932,15.09584000000012,27.734086011533236,0.12497177329222503,6.118055555555555,24.450000000000045,47.0,63.0,0.9829282407407407,0.5964778213042101,298,351,0,53,801,351,0.3046875
VDN,101.0,1025,volatile,coordinated,-61.897999999999996,0.3795620437956204,0.6204379562043796,15.845840000000091,27.631273780374894,0.0204908661967029,6.971354166666667,31.0,44.0,92.0,0.8819444444444444,0.33475263584752635,313,400,0,87,752,400,0.3472222222222222
VDN,101.0,1026,volatile,coordinated,-43.04766666666665,0.39855072463768115,0.6014492753623188,14.495840000000088,28.031244741185912,0.008326946004115697,8.660590277777779,37.450000000000045,68.0,60.0,0.9403935185185186,0.3747945182501342,286,327,0,41,825,327,0.2838541666666667
VDN,101.0,1027,volatile,coordinated,21.557000000000013,0.506578947368421,0.493421052631579,14.795840000000053,27.875509386714086,0.020050335254703053,7.589409722222222,30.0,51.0,73.0,0.9722222222222222,0.4925073099415204,292,358,0,66,794,358,0.3107638888888889
VDN,101.0,1028,volatile,coordinated,10.906666666666663,0.4900662251655629,0.509933774834437,14.895840000000078,27.621479294635346,0.02023424176474711,7.981770833333333,33.0,64.0,74.0,0.9797453703703702,0.4801401152808437,294,358,0,64,794,358,0.3107638888888889
VDN,101.0,1029,volatile,coordinated,8.222000000000017,0.45622119815668205,0.543778801843318,15.395840000000085,27.800474848912,0.0347367208377265,6.005208333333333,26.0,42.0,79.0,0.9262152777777778,0.4225590437788019,304,402,0,98,750,402,0.3489583333333333
VDN,101.0,1030,volatile,coordinated,12.315,0.4675324675324675,0.5324675324675325,15.395840000000078,27.873481980284083,0.0377714339970959,8.177083333333334,38.0,59.0,95.0,0.9296875,0.4346590909090909,304,412,0,108,740,412,0.3576388888888889
VDN,102.0,1001,volatile,coordinated,27.94199999999994,0.45544554455445546,0.5445544554455446,16.14584000000008,27.869978979177933,0.01783127899505878,7.920138888888889,36.450000000000045,52.0,96.0,0.9097222222222222,0.4143289328932893,319,416,0,97,736,416,0.3611111111111111
VDN,102.0,1002,volatile,coordinated,42.95166666666666,0.48314606741573035,0.5168539325842696,16.34584000000012,28.196069389932298,0.021481692595847562,7.815972222222222,36.0,58.0,98.0,0.9363425925925927,0.45239024136496053,323,429,0,106,723,429,0.3723958333333333
VDN,102.0,1003,volatile,coordinated,-32.04599999999995,0.43125,0.56875,15.045840000000082,28.045742792782573,0.027595014042423704,7.144965277777778,32.0,61.0,72.0,0.9305555555555556,0.40130208333333334,297,365,0,68,787,365,0.3168402777777778
VDN,102.0,1004,volatile,coordinated,31.902666666666732,0.4618181818181818,0.5381818181818182,16.095840000000102,27.778055887166204,0.027872154055372824,8.026041666666666,37.0,59.0,94.0,0.8859953703703703,0.40916877104377103,318,412,0,94,740,412,0.3576388888888889
VDN,102.0,1005,volatile,coordinated,15.392666666666653,0.47058823529411764,0.5294117647058824,15.04584000000007,27.612860050191575,0.023667234942371794,7.993055555555555,39.0,59.0,87.0,0.9285300925925924,0.4369553376906317,297,395,0,98,757,395,0.3428819444444444
VDN,102.0,1006,volatile,coordinated,-39.48633333333337,0.39299610894941633,0.6070038910505837,16.145840000000096,27.73702749384593,0.008313253760228852,9.035590277777779,40.0,56.0,61.0,0.8764467592592592,0.3444401660902147,319,382,0,63,770,382,0.3315972222222222
VDN,102.0,1007,volatile,coordinated,-55.83099999999997,0.39330543933054396,0.606694560669456,15.745840000000086,27.847617605125972,0.009139870533850545,7.233506944444445,32.0,52.0,91.0,0.8671875,0.3410695606694561,311,384,0,73,768,384,0.3333333333333333
VDN,102.0,1008,volatile,coordinated,-94.93199999999989,0.328042328042328,0.671957671957672,14.345840000000072,27.8133897866608,0.014397907609574465,8.957465277777779,38.0,62.0,68.0,0.8810763888888888,0.28903034979423864,283,341,0,58,811,341,0.2960069444444444
VDN,102.0,1009,volatile,coordinated,-70.49466666666669,0.35960591133004927,0.6403940886699507,14.84584000000007,27.585351449882772,0.018386761138961316,7.221354166666667,32.0,49.0,68.0,0.8961226851851853,0.32225101486954943,293,354,0,61,798,354,0.3072916666666667
VDN,102.0,1010,volatile,coordinated,18.92599999999998,0.4784688995215311,0.5215311004784688,15.395840000000094,27.87536673639651,0.026458664653612643,8.184895833333334,36.450000000000045,52.0,87.0,0.9288194444444444,0.4444112174375332,304,383,0,79,769,383,0.3324652777777778
VDN,102.0,1011,volatile,coordinated,-47.92933333333342,0.39819004524886875,0.6018099547511313,15.39584000000005,27.8041058670549,0.0070992914165896245,8.473090277777779,39.0,55.0,89.0,0.8773148148148148,0.349338025808614,304,380,0,76,772,380,0.3298611111111111
VDN,102.0,1012,volatile,coordinated,-54.296999999999976,0.3880597014925373,0.6119402985074627,15.995840000000065,27.719253047701116,0.004517279344355609,8.456597222222221,41.0,61.0,81.0,0.8689236111111112,0.3371942371475954,316,385,0,69,767,385,0.3342013888888889
VDN,102.0,1013,volatile,coordinated,-43.703,0.3988439306358382,0.6011560693641618,15.495840000000115,27.505443767934835,0.022115494094581273,8.20138888888889,36.450000000000045,60.0,63.0,0.9227430555555556,0.3680304672447014,306,367,0,61,785,367,0.3185763888888889
VDN,102.0,1014,volatile,coordinated,-15.998,0.4745762711864407,0.5254237288135593,14.295840000000055,27.16643055612605,0.01213229331908449,8.196180555555555,37.0,56.0,75.0,0.9618055555555556,0.4564500941619586,282,332,0,50,820,332,0.2881944444444444
VDN,102.0,1015,volatile,coordinated,17.948666666666657,0.5,0.5,14.945840000000079,27.984652380248956,0.020224677542756715,7.879340277777778,37.0,58.0,67.0,0.9623842592592591,0.48119212962962954,295,353,0,58,799,353,0.3064236111111111
VDN,102.0,1016,volatile,coordinated,42.661666666666655,0.47703180212014135,0.5229681978798586,16.2958400000001,27.74034214332949,0.025703515020825997,6.493923611111111,31.450000000000045,53.0,96.0,0.8955439814814814,0.4272029593639576,322,429,0,107,723,429,0.3723958333333333
VDN,102.0,1017,volatile,coordinated,-6.5329999999999995,0.41924398625429554,0.5807560137457044,15.695840000000116,27.7096812165475,0.018184797505035665,10.097222222222221,42.450000000000045,58.0,93.0,0.8637152777777778,0.36210743604429174,310,389,0,79,763,389,0.3376736111111111
VDN,102.0,1018,volatile,coordinated,76.38299999999994,0.53125,0.46875,16.845840000000113,27.811885286899123,0.015912264710057186,8.852430555555555,41.0,62.0,84.0,0.9592013888888888,0.5095757378472222,333,424,0,91,728,424,0.3680555555555556
VDN,102.0,1019,volatile,coordinated,-21.457666666666675,0.42105263157894735,0.5789473684210527,14.995840000000078,28.392817341526957,0.022709417064900816,8.61111111111111,41.0,63.0,73.0,0.9178240740740742,0.38645224171539966,296,356,0,60,796,356,0.3090277777777778
VDN,102.0,1020,volatile,coordinated,2.465000000000016,0.4392156862745098,0.5607843137254902,15.695840000000102,27.540248359265487,0.03432903553995363,7.234375,33.0,44.0,83.0,0.9314236111111112,0.4090958605664488,310,406,0,96,746,406,0.3524305555555556
VDN,102.0,1021,volatile,coordinated,-10.93299999999998,0.43171806167400884,0.5682819383259912,15.14584000000005,27.668333776553673,0.016591294073024822,8.046875,38.0,54.0,79.0,0.9131944444444444,0.39424253548702887,299,388,0,89,764,388,0.3368055555555556
VDN,102.0,1022,volatile,coordinated,-37.45600000000001,0.40096618357487923,0.5990338164251208,15.445840000000072,27.780487312650067,0.02104696262360025,8.723958333333334,41.0,64.0,77.0,0.8871527777777777,0.35571826355340846,305,367,0,62,785,367,0.3185763888888889
VDN,102.0,1023,volatile,coordinated,22.76999999999999,0.4742268041237113,0.5257731958762887,15.445840000000068,28.173412349677125,0.02507042921309454,8.752604166666666,40.0,57.0,75.0,0.9314236111111112,0.44170604238258876,305,371,0,66,781,371,0.3220486111111111
VDN,102.0,1024,volatile,coordinated,54.96499999999996,0.6239316239316239,0.37606837606837606,15.895840000000101,27.734086011533236,0.03130212599959893,6.884548611111111,31.0,50.0,66.0,0.9861111111111112,0.6152659069325737,314,362,0,48,790,362,0.3142361111111111
VDN,102.0,1025,volatile,coordinated,-57.11466666666666,0.3759124087591241,0.6240875912408759,15.545840000000092,27.631273780374894,0.027697126962376972,7.667534722222222,34.0,50.0,78.0,0.8804976851851851,0.33099000574479587,307,375,0,68,777,375,0.3255208333333333
VDN,102.0,1026,volatile,coordinated,-60.266333333333336,0.3695652173913043,0.6304347826086957,14.995840000000086,28.031244741185912,0.008326946004115715,7.931423611111111,37.0,55.0,60.0,0.9302662037037037,0.3437940318035427,296,337,0,41,815,337,0.2925347222222222
VDN,102.0,1027,volatile,coordinated,3.957333333333335,0.48026315789473684,0.5197368421052632,14.995840000000067,27.875509386714086,0.015427370862355908,7.993055555555555,36.450000000000045,54.0,76.0,0.9629629629629629,0.4624756335282651,296,348,0,52,804,348,0.3020833333333333
VDN,102.0,1028,volatile,coordinated,2.824999999999998,0.4768211920529801,0.5231788079470199,15.495840000000086,27.621479294635346,0.019257895676324896,8.628472222222221,39.0,65.0,69.0,0.9704861111111112,0.46274834437086093,306,360,0,54,792,360,0.3125
VDN,102.0,1029,volatile,coordinated,2.4616666666666247,0.45161290322580644,0.5483870967741935,15.595840000000091,27.800474848912,0.031081113755072564,6.9296875,31.0,60.0,79.0,0.9172453703703702,0.414239844683393,308,389,0,81,763,389,0.3376736111111111
VDN,102.0,1030,volatile,coordinated,25.914666666666715,0.47186147186147187,0.5281385281385281,15.595840000000102,27.873481980284083,0.021665046275531924,7.715277777777778,35.0,56.0,77.0,0.9276620370370371,0.43772797418630754,308,400,0,92,752,400,0.3472222222222222
VDN,103.0,1001,volatile,coordinated,25.800333333333324,0.4521452145214521,0.5478547854785478,15.29584000000007,27.869978979177933,0.017820264664353665,7.018229166666667,31.0,50.0,94.0,0.9004629629629631,0.40714001955751133,302,396,0,94,756,396,0.34375
VDN,103.0,1002,volatile,coordinated,79.55800000000015,0.5131086142322098,0.48689138576779023,15.995840000000117,28.196069389932298,0.02270716670563134,7.317708333333333,33.0,58.0,88.0,0.9409722222222222,0.48282095297544736,316,412,0,96,740,412,0.3576388888888889
VDN,103.0,1003,volatile,coordinated,13.740666666666666,0.4875,0.5125,14.245840000000062,28.045742792782573,0.025189875238774403,7.099826388888889,31.450000000000045,51.0,59.0,0.9458912037037036,0.4611219618055555,281,331,0,50,821,331,0.2873263888888889
VDN,103.0,1004,volatile,coordinated,48.781666666666666,0.4727272727272727,0.5272727272727273,15.795840000000101,27.778055887166204,0.019926325018498448,9.299479166666666,42.0,67.0,85.0,0.8894675925925924,0.42047558922558914,312,390,0,78,762,390,0.3385416666666667
VDN,103.0,1005,volatile,coordinated,24.63766666666667,0.47478991596638653,0.5252100840336135,14.39584000000004,27.612860050191575,0.020463239692437477,9.292534722222221,41.0,69.0,82.0,0.9302662037037037,0.4416810126828509,284,354,0,70,798,354,0.3072916666666667
VDN,103.0,1006,volatile,coordinated,-10.022333333333336,0.4163424124513619,0.5836575875486381,15.045840000000076,27.73702749384593,0.009706056157666582,6.874131944444445,31.0,53.0,63.0,0.8912037037037036,0.3710458999855887,297,354,0,57,798,354,0.3072916666666667
VDN,103.0,1007,volatile,coordinated,-34.02433333333333,0.4100418410041841,0.5899581589958158,14.745840000000069,27.847617605125972,0.011135398812190528,7.203125,31.0,49.0,85.0,0.872974537037037,0.35795608631644193,291,353,0,62,799,353,0.3064236111111111
VDN,103.0,1008,volatile,coordinated,-46.306666666666544,0.38095238095238093,0.6190476190476191,13.19584000000002,27.8133897866608,0.014397907609574458,7.654513888888889,32.450000000000045,57.0,59.0,0.8969907407407407,0.341710758377425,260,310,0,50,842,310,0.2690972222222222
VDN,103.0,1009,volatile,coordinated,-38.980666666666664,0.39408866995073893,0.6059113300492611,14.095840000000068,27.585351449882772,0.026312445055955452,5.664930555555555,23.0,40.0,69.0,0.9074074074074076,0.3575989782886335,278,329,0,51,823,329,0.2855902777777778
VDN,103.0,1010,volatile,coordinated,57.632999999999974,0.5167464114832536,0.4832535885167464,14.745840000000097,27.87536673639651,0.02170536425438909,6.201388888888889,27.0,43.0,83.0,0.9435763888888888,0.48758971291866027,291,361,0,70,791,361,0.3133680555555556
VDN,103.0,1011,volatile,coordinated,-4.55999999999999,0.4479638009049774,0.5520361990950227,14.595840000000026,27.8041058670549,0.020833145516571852,7.3671875,33.0,53.0,89.0,0.8819444444444444,0.395079185520362,288,357,0,69,795,357,0.3098958333333333
VDN,103.0,1012,volatile,coordinated,-11.74700000000005,0.4253731343283582,0.5746268656716418,15.345840000000056,27.719253047701116,0.033517649176619174,8.233506944444445,40.0,61.0,81.0,0.8888888888888888,0.3781094527363184,303,369,0,66,783,369,0.3203125
VDN,103.0,1013,volatile,coordinated,9.685333333333325,0.4682080924855491,0.5317919075144508,14.745840000000111,27.505443767934835,0.07891779264676377,6.940972222222222,32.0,56.0,66.0,0.953414351851852,0.44639631502890176,291,340,0,49,812,340,0.2951388888888889
VDN,103.0,1014,volatile,coordinated,34.56999999999999,0.5677966101694916,0.43220338983050843,13.295840000000032,27.16643055612605,0.03468176410147768,7.369791666666667,32.0,56.0,64.0,0.9696180555555556,0.5505458451035782,262,298,0,36,854,298,0.2586805555555556
VDN,103.0,1015,volatile,coordinated,60.71000000000001,0.5569620253164557,0.44303797468354433,14.095840000000086,27.984652380248956,0.025926941011830264,6.451388888888889,28.0,56.0,65.0,0.9817708333333334,0.5468090717299579,278,322,0,44,830,322,0.2795138888888889
VDN,103.0,1016,volatile,coordinated,58.71899999999998,0.4911660777385159,0.5088339222614842,16.095840000000084,27.74034214332949,0.021693143756407116,6.201388888888889,29.0,56.0,97.0,0.8984375,0.44128202296819785,318,415,0,97,737,415,0.3602430555555556
VDN,103.0,1017,volatile,coordinated,18.991000000000028,0.43986254295532645,0.5601374570446735,15.095840000000127,27.7096812165475,0.028693633946841948,9.18576388888889,38.450000000000045,52.0,90.0,0.8680555555555556,0.3818251240931653,298,381,0,83,771,381,0.3307291666666667
VDN,103.0,1018,volatile,coordinated,114.33900000000003,0.5803571428571429,0.4196428571428571,16.645840000000113,27.811885286899123,0.08645517512663947,6.207465277777778,31.0,53.0,98.0,0.9722222222222222,0.5642361111111112,329,426,0,97,726,426,0.3697916666666667
VDN,103.0,1019,volatile,coordinated,29.825666666666667,0.4789473684210526,0.5210526315789474,14.245840000000054,28.392817341526957,0.02584154386335298,6.6171875,30.0,50.0,63.0,0.9328703703703702,0.44679580896686155,281,343,0,62,809,343,0.2977430555555556
VDN,103.0,1020,volatile,coordinated,23.504999999999995,0.4588235294117647,0.5411764705882354,15.245840000000097,27.540248359265487,0.021940406915482692,6.893229166666667,30.0,43.0,79.0,0.9288194444444444,0.4261642156862745,301,387,0,86,765,387,0.3359375
VDN,103.0,1021,volatile,coordinated,17.05099999999999,0.45374449339207046,0.5462555066079295,14.39584000000004,27.668333776553673,0.011235686458422992,8.45486111111111,39.0,59.0,72.0,0.9288194444444444,0.42144670827214875,284,359,0,75,793,359,0.3116319444444444
VDN,103.0,1022,volatile,coordinated,18.54833333333332,0.45410628019323673,0.5458937198067633,14.59584000000007,27.780487312650067,0.05854696262360022,8.04079861111111,37.0,63.0,68.0,0.9195601851851851,0.41757805510824836,288,337,0,49,815,337,0.2925347222222222
VDN,103.0,1023,volatile,coordinated,56.087333333333326,0.5051546391752577,0.4948453608247423,14.895840000000048,28.173412349677125,0.025051350366975495,7.487847222222222,33.0,54.0,69.0,0.9516782407407407,0.4807446783123329,294,350,0,56,802,350,0.3038194444444444
VDN,103.0,1024,volatile,coordinated,67.69466666666666,0.6410256410256411,0.3589743589743589,14.395840000000087,27.734086011533236,0.07941205622978113,5.677083333333333,24.0,47.0,61.0,0.9806134259259258,0.6285983499525166,284,327,0,43,825,327,0.2838541666666667
VDN,103.0,1025,volatile,coordinated,-16.225666666666676,0.40875912408759124,0.5912408759124088,14.845840000000083,27.631273780374894,0.022892435163354076,6.167534722222222,27.0,44.0,75.0,0.8961226851851853,0.3662983238713166,293,358,0,65,794,358,0.3107638888888889
VDN,103.0,1026,volatile,coordinated,-25.942999999999984,0.42028985507246375,0.5797101449275363,14.045840000000057,28.031244741185912,0.008326946004115689,7.868923611111111,31.0,68.0,50.0,0.9366319444444444,0.39365690418679544,277,309,0,32,843,309,0.2682291666666667
VDN,103.0,1027,volatile,coordinated,37.06533333333334,0.5263157894736842,0.4736842105263158,13.845840000000042,27.875509386714086,0.024383401870364807,7.310763888888889,31.0,54.0,69.0,0.9690393518518517,0.5100207115009746,273,322,0,49,830,322,0.2795138888888889
VDN,103.0,1028,volatile,coordinated,21.66966666666666,0.5033112582781457,0.4966887417218543,14.695840000000082,27.621479294635346,0.019257895676324892,7.427083333333333,32.0,59.0,70.0,0.9780092592592591,0.49224307088545494,290,341,0,51,811,341,0.2960069444444444
VDN,103.0,1029,volatile,coordinated,43.83766666666663,0.48847926267281105,0.511520737327189,14.49584000000006,27.800474848912,0.02950381576704265,6.009548611111111,25.0,38.0,72.0,0.9380787037037036,0.45823199351425153,286,360,0,74,792,360,0.3125
VDN,103.0,1030,volatile,coordinated,23.428000000000004,0.46320346320346323,0.5367965367965368,14.495840000000063,27.873481980284083,0.021068582675077326,7.397569444444445,32.450000000000045,70.0,77.0,0.9331597222222222,0.4322428150553151,286,376,0,90,776,376,0.3263888888888889
QMIX,101.0,1001,volatile,coordinated,6.776333333333385,0.42574257425742573,0.5742574257425743,15.14584000000007,27.869978979177933,0.017078825615322462,11.97482638888889,47.0,65.0,68.0,0.8952546296296298,0.3811480106343968,299,367,0,68,785,367,0.3185763888888889
QMIX,101.0,1002,volatile,coordinated,41.435999999999986,0.4681647940074906,0.5318352059925093,16.49584000000015,28.196069389932298,0.027519273536980707,10.778645833333334,46.0,65.0,73.0,0.9366319444444444,0.4384981013316687,326,398,0,72,754,398,0.3454861111111111
QMIX,101.0,1003,volatile,coordinated,-40.21000000000002,0.40625,0.59375,15.495840000000102,28.045742792782573,0.017233425354992175,10.05642361111111,43.0,62.0,50.0,0.921875,0.37451171875,306,359,0,53,793,359,0.3116319444444444
QMIX,101.0,1004,volatile,coordinated,-9.845000000000006,0.41818181818181815,0.5818181818181818,16.145840000000124,27.778055887166204,0.028684217399443775,10.502604166666666,45.0,65.0,81.0,0.8706597222222222,0.3640940656565656,319,404,0,85,748,404,0.3506944444444444
QMIX,101.0,1005,volatile,coordinated,-22.71100000000002,0.42016806722689076,0.5798319327731092,14.995840000000106,27.612860050191575,0.023066699735909767,11.3671875,47.0,65.0,61.0,0.8993055555555556,0.377859477124183,296,365,0,69,787,365,0.3168402777777778
QMIX,101.0,1006,volatile,coordinated,-82.29866666666666,0.3540856031128405,0.6459143968871595,15.245840000000088,27.73702749384593,0.014780991503274632,10.67361111111111,45.0,63.0,67.0,0.8605324074074074,0.30470213647499644,301,367,0,66,785,367,0.3185763888888889
QMIX,101.0,1007,volatile,coordinated,-73.2876666666667,0.35564853556485354,0.6443514644351465,16.045840000000133,27.847617605125972,0.013334326383854789,10.401041666666666,44.0,64.0,56.0,0.8640046296296295,0.3072819812490314,317,375,0,58,777,375,0.3255208333333333
QMIX,101.0,1008,volatile,coordinated,-102.25500000000005,0.31216931216931215,0.6878306878306879,14.995840000000124,27.8133897866608,0.010419291652209922,12.54079861111111,46.0,69.0,54.0,0.8784722222222222,0.27423206937095823,296,333,0,37,819,333,0.2890625
QMIX,101.0,1009,volatile,coordinated,-92.97933333333332,0.3251231527093596,0.6748768472906403,15.245840000000097,27.585351449882772,0.01740555767975498,11.752604166666666,47.0,64.0,48.0,0.8833912037037037,0.28721093322386426,301,348,0,47,804,348,0.3020833333333333
QMIX,101.0,1010,volatile,coordinated,4.8793333333333075,0.4449760765550239,0.5550239234449761,14.995840000000111,27.87536673639651,0.027563043390485244,11.622395833333334,47.0,67.0,70.0,0.9351851851851851,0.41613503455608714,296,346,0,50,806,346,0.3003472222222222
QMIX,101.0,1011,volatile,coordinated,-63.9210000000001,0.3755656108597285,0.6244343891402715,15.745840000000104,27.8041058670549,0.019724781243607867,10.995659722222221,45.0,61.0,64.0,0.8480902777777778,0.31851354323780795,311,378,0,67,774,378,0.328125
QMIX,101.0,1012,volatile,coordinated,-107.42566666666661,0.33955223880597013,0.6604477611940298,16.645840000000113,27.719253047701116,0.02351045427036275,10.948784722222221,47.0,61.0,74.0,0.8483796296296295,0.28806920259812047,329,410,0,81,742,410,0.3559027777777778
QMIX,101.0,1013,volatile,coordinated,-46.088000000000044,0.3872832369942196,0.6127167630057804,15.245840000000145,27.505443767934835,0.02329667016561863,12.011284722222221,49.450000000000045,65.0,49.0,0.9236111111111112,0.357699100834939,301,353,0,52,799,353,0.3064236111111111
QMIX,101.0,1014,volatile,coordinated,-9.127000000000008,0.4661016949152542,0.5338983050847458,14.595840000000084,27.16643055612605,0.012132293319084504,11.17361111111111,46.0,63.0,47.0,0.9583333333333334,0.446680790960452,288,326,0,38,826,326,0.2829861111111111
QMIX,101.0,1015,volatile,coordinated,1.7713333333333363,0.46835443037974683,0.5316455696202531,15.295840000000092,27.984652380248956,0.010294158542795476,10.716145833333334,45.0,64.0,54.0,0.9508101851851851,0.44531616268166896,302,341,0,39,811,341,0.2960069444444444
QMIX,101.0,1016,volatile,coordinated,2.225333333333328,0.43109540636042404,0.568904593639576,16.445840000000118,27.74034214332949,0.026677639547598733,10.499131944444445,45.0,65.0,74.0,0.8891782407407407,0.38332065501897655,325,426,0,101,726,426,0.3697916666666667
QMIX,101.0,1017,volatile,coordinated,-55.11733333333336,0.3745704467353952,0.6254295532646048,14.995840000000136,27.7096812165475,0.01032761155000753,11.473958333333334,46.0,65.0,89.0,0.8512731481481483,0.31886176339569816,296,389,0,93,763,389,0.3376736111111111
QMIX,101.0,1018,volatile,coordinated,72.58433333333325,0.53125,0.46875,17.59584000000016,27.811885286899123,0.028603784868124617,10.463541666666666,46.0,68.0,86.0,0.9551504629629631,0.5074236834490742,348,424,0,76,728,424,0.3680555555555556
QMIX,101.0,1019,volatile,coordinated,-45.47766666666664,0.38421052631578945,0.6157894736842106,14.44584000000009,28.392817341526957,0.02369222110296961,10.90625,45.0,63.0,61.0,0.9074074074074073,0.34863547758284597,285,356,0,71,796,356,0.3090277777777778
QMIX,101.0,1020,volatile,coordinated,-23.06166666666664,0.403921568627451,0.596078431372549,15.295840000000096,27.540248359265487,0.022590910901240935,11.371527777777779,46.0,65.0,61.0,0.9160879629629629,0.3700276870007262,302,367,0,65,785,367,0.3185763888888889
QMIX,101.0,1021,volatile,coordinated,-34.513666666666644,0.4008810572687225,0.5991189427312775,16.045840000000098,27.668333776553673,0.01072231336459295,11.894097222222221,46.0,62.0,57.0,0.8865740740740741,0.35541075216185347,317,370,0,53,782,370,0.3211805555555556
QMIX,101.0,1022,volatile,coordinated,-53.53766666666666,0.3671497584541063,0.6328502415458936,15.745840000000117,27.780487312650067,0.016402111068402912,11.75607638888889,48.0,69.0,51.0,0.8778935185185185,0.32231839327249956,311,354,0,43,798,354,0.3072916666666667
QMIX,101.0,1023,volatile,coordinated,-61.54766666666664,0.38144329896907214,0.6185567010309279,15.245840000000063,28.173412349677125,0.023796723688133715,10.604166666666666,43.450000000000045,60.0,76.0,0.8674768518518517,0.33089323214967536,301,374,0,73,778,374,0.3246527777777778
QMIX,101.0,1024,volatile,coordinated,34.713999999999984,0.5726495726495726,0.4273504273504274,15.145840000000145,27.734086011533236,0.034353275588249674,9.926215277777779,40.0,61.0,56.0,0.9774305555555556,0.5597251899335233,299,346,0,47,806,346,0.3003472222222222
QMIX,101.0,1025,volatile,coordinated,-104.40600000000002,0.33211678832116787,0.6678832116788321,14.995840000000102,27.631273780374894,0.015001982225103468,10.2578125,42.0,61.0,73.0,0.859375,0.28541286496350365,296,364,0,68,788,364,0.3159722222222222
QMIX,101.0,1026,volatile,coordinated,-98.87433333333341,0.2971014492753623,0.7028985507246377,15.295840000000126,28.031244741185912,0.01090044849583332,10.914930555555555,44.0,66.0,46.0,0.9033564814814814,0.2683885198604401,302,334,0,32,818,334,0.2899305555555556
QMIX,101.0,1027,volatile,coordinated,-16.327666666666662,0.4276315789473684,0.5723684210526316,14.345840000000056,27.875509386714086,0.0198397509551098,11.33420138888889,46.0,63.0,53.0,0.9560185185185185,0.408823708576998,283,330,0,47,822,330,0.2864583333333333
QMIX,101.0,1028,volatile,coordinated,-14.993333333333315,0.45695364238410596,0.543046357615894,16.195840000000132,27.621479294635346,0.02046073098262356,11.236979166666666,44.0,62.0,69.0,0.960648148148148,0.4389716703458425,320,375,0,55,777,375,0.3255208333333333
QMIX,101.0,1029,volatile,coordinated,1.445999999999968,0.4377880184331797,0.5622119815668203,14.84584000000009,27.800474848912,0.022450127243187814,10.823784722222221,48.0,68.0,55.0,0.9149305555555556,0.40054563492063494,293,366,0,73,786,366,0.3177083333333333
QMIX,101.0,1030,volatile,coordinated,0.753666666666696,0.44155844155844154,0.5584415584415585,16.14584000000013,27.873481980284083,0.02801937816478741,10.270833333333334,43.450000000000045,67.0,66.0,0.9146412037037037,0.4038675444925445,319,397,0,78,755,397,0.3446180555555556
QMIX,102.0,1001,volatile,coordinated,68.17866666666663,0.47194719471947194,0.528052805280528,13.645840000000028,27.869978979177933,0.012236548598728521,8.480902777777779,36.0,58.0,61.0,0.8981481481481483,0.42387849896100727,269,324,0,55,828,324,0.28125
QMIX,102.0,1002,volatile,coordinated,110.16066666666671,0.5355805243445693,0.46441947565543074,14.795840000000121,28.196069389932298,0.018851960686575613,6.884548611111111,29.450000000000045,55.0,78.0,0.9380787037037037,0.5024166840061035,292,362,0,70,790,362,0.3142361111111111
QMIX,102.0,1003,volatile,coordinated,14.149999999999947,0.475,0.525,12.84584,28.045742792782573,0.027574354554865718,7.862847222222222,31.450000000000045,51.0,46.0,0.9392361111111112,0.44613715277777777,253,294,0,41,858,294,0.2552083333333333
QMIX,102.0,1004,volatile,coordinated,123.99999999999996,0.5345454545454545,0.46545454545454545,14.1458400000001,27.778055887166204,0.01868846934936192,8.25954861111111,37.0,59.0,67.0,0.8914930555555556,0.4765435606060606,279,339,0,60,813,339,0.2942708333333333
QMIX,102.0,1005,volatile,coordinated,71.31766666666671,0.5042016806722689,0.4957983193277311,12.69584,27.612860050191575,0.02366723494237178,9.26388888888889,40.0,59.0,59.0,0.952835648148148,0.48042133520074687,250,311,0,61,841,311,0.2699652777777778
QMIX,102.0,1006,volatile,coordinated,24.224666666666625,0.44357976653696496,0.556420233463035,13.845840000000063,27.73702749384593,0.0006342553954301958,7.506076388888889,32.0,58.0,48.0,0.890335648148148,0.3949348789450929,273,322,0,49,830,322,0.2795138888888889
QMIX,102.0,1007,volatile,coordinated,15.020000000000024,0.4435146443514644,0.5564853556485356,13.545840000000052,27.847617605125972,0.007357481944651205,7.7890625,29.0,51.0,60.0,0.8932291666666666,0.3961602161785216,267,319,0,52,833,319,0.2769097222222222
QMIX,102.0,1008,volatile,coordinated,-35.160999999999994,0.3915343915343915,0.6084656084656085,11.895839999999978,27.8133897866608,0.018510198839803996,7.946180555555555,32.0,49.0,57.0,0.8949652777777778,0.35040968547912993,234,269,0,35,883,269,0.23350694444444445
QMIX,102.0,1009,volatile,coordinated,-14.116666666666664,0.4039408866995074,0.5960591133004927,12.84584000000004,27.585351449882772,0.012991358712205699,7.170138888888889,29.450000000000045,51.0,47.0,0.9265046296296295,0.3742531016237913,253,298,0,45,854,298,0.2586805555555556
QMIX,102.0,1010,volatile,coordinated,67.81566666666667,0.5167464114832536,0.4832535885167464,13.19584000000007,27.87536673639651,0.025418606546103603,7.887152777777778,33.0,55.0,65.0,0.9363425925925927,0.4838516746411484,260,309,0,49,843,309,0.2682291666666667
QMIX,102.0,1011,volatile,coordinated,19.516666666666673,0.4479638009049774,0.5520361990950227,13.245840000000015,27.8041058670549,0.012485235042954124,9.284722222222221,40.0,57.0,48.0,0.8799189814814814,0.3941718514328808,261,294,0,33,858,294,0.2552083333333333
QMIX,102.0,1012,volatile,coordinated,-6.684333333333368,0.417910447761194,0.582089552238806,13.995840000000037,27.719253047701116,0.04957726012828603,8.81076388888889,41.0,62.0,62.0,0.8825231481481483,0.3688156440022112,276,319,0,43,833,319,0.2769097222222222
QMIX,102.0,1013,volatile,coordinated,2.0500000000000034,0.44508670520231214,0.5549132947976878,13.345840000000099,27.505443767934835,0.024271030623527347,9.270833333333334,39.450000000000045,62.0,43.0,0.9288194444444444,0.4134051862556198,263,295,0,32,857,295,0.2560763888888889
QMIX,102.0,1014,volatile,coordinated,38.67800000000003,0.559322033898305,0.44067796610169496,11.795839999999973,27.16643055612605,0.045163950917879433,7.993055555555555,34.0,56.0,49.0,0.9618055555555556,0.5379590395480226,232,267,0,35,885,267,0.23177083333333334
QMIX,102.0,1015,volatile,coordinated,58.94166666666666,0.5506329113924051,0.4493670886075949,13.095840000000063,27.984652380248956,0.013426941011830262,7.782118055555555,32.0,55.0,53.0,0.9632523148148147,0.5303984265119549,258,296,0,38,856,296,0.2569444444444444
QMIX,102.0,1016,volatile,coordinated,107.75166666666652,0.5123674911660777,0.4876325088339223,14.245840000000063,27.74034214332949,0.015912217320134807,7.941840277777778,37.0,65.0,64.0,0.9198495370370369,0.47130099954194465,281,343,0,62,809,343,0.2977430555555556
QMIX,102.0,1017,volatile,coordinated,67.9223333333334,0.47079037800687284,0.5292096219931272,13.295840000000105,27.7096812165475,0.028693633946841938,9.686631944444445,40.450000000000045,62.0,72.0,0.8761574074074074,0.41248647702685504,262,315,0,53,837,315,0.2734375
QMIX,102.0,1018,volatile,coordinated,138.53333333333322,0.5892857142857143,0.4107142857142857,14.845840000000084,27.811885286899123,0.026343417597687165,7.6875,35.0,59.0,70.0,0.9629629629629631,0.5674603174603176,293,351,0,58,801,351,0.3046875
QMIX,102.0,1019,volatile,coordinated,28.564666666666675,0.4631578947368421,0.5368421052631579,12.595840000000013,28.392817341526957,0.0260451274483352,8.565972222222221,39.450000000000045,66.0,47.0,0.9267939814814814,0.42925194931773875,248,292,0,44,860,292,0.2534722222222222
QMIX,102.0,1020,volatile,coordinated,41.077,0.4666666666666667,0.5333333333333333,13.24584000000004,27.540248359265487,0.025933077184226973,7.5234375,31.0,47.0,66.0,0.9253472222222222,0.4318287037037037,261,329,0,68,823,329,0.2855902777777778
QMIX,102.0,1021,volatile,coordinated,49.66699999999999,0.4801762114537445,0.5198237885462555,13.195840000000018,27.668333776553673,0.010722313364592872,7.6171875,34.0,52.0,65.0,0.9418402777777778,0.4522492963778757,260,324,0,64,828,324,0.28125
QMIX,102.0,1022,volatile,coordinated,57.78566666666672,0.4927536231884058,0.5072463768115942,13.395840000000026,27.780487312650067,0.04237261605828621,8.77951388888889,39.450000000000045,64.0,52.0,0.9189814814814814,0.4528314546430488,264,295,0,31,857,295,0.2560763888888889
QMIX,102.0,1023,volatile,coordinated,80.86433333333326,0.5257731958762887,0.4742268041237113,13.495840000000051,28.173412349677125,0.02507042921309449,9.961805555555555,41.450000000000045,62.0,44.0,0.9377893518518517,0.49306450458190143,266,300,0,34,852,300,0.2604166666666667
QMIX,102.0,1024,volatile,coordinated,71.12933333333329,0.6324786324786325,0.36752136752136755,12.945840000000045,27.734086011533236,0.13792623566021397,6.801215277777778,27.0,46.0,51.0,0.9777199074074073,0.6183869499841721,255,287,0,32,865,287,0.24913194444444445
QMIX,102.0,1025,volatile,coordinated,-15.258999999999965,0.40145985401459855,0.5985401459854014,13.495840000000051,27.631273780374894,0.024522957084204638,6.605902777777778,28.0,42.0,58.0,0.8828125,0.35441377737226276,266,320,0,54,832,320,0.2777777777777778
QMIX,102.0,1026,volatile,coordinated,-12.710666666666686,0.427536231884058,0.572463768115942,12.595840000000045,28.031244741185912,0.00832694600411571,8.26388888888889,33.0,48.0,41.0,0.9447337962962964,0.4039079274020398,248,274,0,26,878,274,0.2378472222222222
QMIX,102.0,1027,volatile,coordinated,49.00333333333337,0.5263157894736842,0.4736842105263158,12.795840000000045,27.875509386714086,0.022276806531550345,9.14236111111111,35.0,57.0,44.0,0.9620949074074073,0.5063657407407407,252,287,0,35,865,287,0.24913194444444445
QMIX,102.0,1028,volatile,coordinated,43.08466666666666,0.5231788079470199,0.4768211920529801,13.045840000000055,27.621479294635346,0.020234241764747075,8.26388888888889,33.0,63.0,48.0,0.9649884259259258,0.504861494358597,257,295,0,38,857,295,0.2560763888888889
QMIX,102.0,1029,volatile,coordinated,47.252999999999986,0.48847926267281105,0.511520737327189,13.895840000000065,27.800474848912,0.031081113755072505,7.623263888888889,32.0,60.0,57.0,0.9201388888888888,0.44946876600102403,274,331,0,57,821,331,0.2873263888888889
QMIX,102.0,1030,volatile,coordinated,60.26466666666662,0.49783549783549785,0.5021645021645021,14.295840000000078,27.873481980284083,0.03046608267507725,7.713541666666667,34.0,57.0,59.0,0.9233217592592591,0.4596623476831809,282,344,0,62,808,344,0.2986111111111111
QMIX,103.0,1001,volatile,coordinated,86.03800000000007,0.49174917491749176,0.5082508250825082,13.345840000000024,27.869978979177933,0.012236548598728539,8.036458333333334,33.0,47.0,73.0,0.9105902777777778,0.44778201778511184,263,336,0,73,816,336,0.2916666666666667
QMIX,103.0,1002,volatile,coordinated,135.77766666666665,0.5580524344569289,0.44194756554307113,14.74584000000014,28.196069389932298,0.022707166705631297,7.532986111111111,33.450000000000045,60.0,76.0,0.9502314814814815,0.5302789915383549,291,354,0,63,798,354,0.3072916666666667
QMIX,103.0,1003,volatile,coordinated,62.01433333333336,0.54375,0.45625000000000004,12.545840000000007,28.045742792782573,0.061971854554865605,7.595486111111111,29.450000000000045,52.0,46.0,0.9673032407407409,0.5259711371527779,247,284,0,37,868,284,0.2465277777777778
QMIX,103.0,1004,volatile,coordinated,123.38000000000001,0.5309090909090909,0.4690909090909091,13.7958400000001,27.778055887166204,0.02740537994123555,9.234375,41.0,66.0,69.0,0.9071180555555556,0.48159722222222223,272,335,0,63,817,335,0.2907986111111111
QMIX,103.0,1005,volatile,coordinated,93.93866666666678,0.5336134453781513,0.46638655462184875,12.395839999999996,27.612860050191575,0.02366723494237176,9.552083333333334,40.0,64.0,65.0,0.9510995370370369,0.5075195008558978,244,292,0,48,860,292,0.2534722222222222
QMIX,103.0,1006,volatile,coordinated,10.140000000000029,0.42412451361867703,0.5758754863813229,13.695840000000064,27.73702749384593,0.007919073630847703,7.544270833333333,32.0,55.0,42.0,0.8888888888888888,0.37699956766104625,270,313,0,43,839,313,0.2717013888888889
QMIX,103.0,1007,volatile,coordinated,20.916999999999984,0.4476987447698745,0.5523012552301255,13.045840000000036,27.847617605125972,0.009416903443216327,7.668402777777778,30.0,48.0,57.0,0.890625,0.3987316945606695,257,304,0,47,848,304,0.2638888888888889
QMIX,103.0,1008,volatile,coordinated,-26.752000000000034,0.3915343915343915,0.6084656084656085,11.045839999999961,27.8133897866608,0.011674209761414991,8.657118055555555,34.0,67.0,43.0,0.8932291666666666,0.3497299382716049,217,243,0,26,909,243,0.2109375
QMIX,103.0,1009,volatile,coordinated,9.746666666666647,0.43349753694581283,0.5665024630541872,12.195839999999993,27.585351449882772,0.012991358712205695,8.421875,32.0,58.0,43.0,0.9285300925925924,0.40251550811895637,240,281,0,41,871,281,0.2439236111111111
QMIX,103.0,1010,volatile,coordinated,78.81299999999999,0.5311004784688995,0.4688995215311005,13.445840000000118,27.87536673639651,0.025418606546103593,6.936631944444445,27.0,59.0,71.0,0.9470486111111112,0.5029779704944178,265,316,0,51,836,316,0.2743055555555556
QMIX,103.0,1011,volatile,coordinated,40.74999999999998,0.4751131221719457,0.5248868778280543,12.89584000000001,27.8041058670549,0.012485235042954098,8.491319444444445,35.0,54.0,59.0,0.8958333333333334,0.42562217194570134,254,291,0,37,861,291,0.2526041666666667
QMIX,103.0,1012,volatile,coordinated,14.407999999999948,0.43656716417910446,0.5634328358208955,13.795840000000045,27.719253047701116,0.11009406115200657,8.294270833333334,37.0,63.0,61.0,0.8888888888888888,0.38805970149253727,272,312,0,40,840,312,0.2708333333333333
QMIX,103.0,1013,volatile,coordinated,49.84999999999999,0.5144508670520231,0.48554913294797686,12.995840000000104,27.505443767934835,0.11177103062352724,9.270833333333334,43.0,62.0,49.0,0.9565972222222222,0.4921222703917791,256,287,0,31,865,287,0.24913194444444445
QMIX,103.0,1014,volatile,coordinated,49.608,0.5677966101694916,0.43220338983050843,10.745839999999959,27.16643055612605,0.18499295137630303,8.455729166666666,32.0,55.0,39.0,0.9609375,0.5456170550847458,211,235,0,24,917,235,0.20399305555555555
QMIX,103.0,1015,volatile,coordinated,74.1093333333333,0.5632911392405063,0.43670886075949367,12.695840000000079,27.984652380248956,0.10037350222572247,7.372395833333333,28.0,59.0,46.0,0.9725115740740742,0.5478071524847633,250,281,0,31,871,281,0.2439236111111111
QMIX,103.0,1016,volatile,coordinated,112.38499999999993,0.519434628975265,0.48056537102473496,14.145840000000067,27.74034214332949,0.027659890870928936,6.475694444444445,29.0,45.0,71.0,0.9210069444444444,0.47840290047114253,279,350,0,71,802,350,0.3038194444444444
QMIX,103.0,1017,volatile,coordinated,67.4930000000001,0.4742268041237113,0.5257731958762887,13.345840000000107,27.7096812165475,0.018951934727622403,9.081597222222221,36.0,53.0,78.0,0.875,0.4149484536082474,263,327,0,64,825,327,0.2838541666666667
QMIX,103.0,1018,volatile,coordinated,148.28866666666661,0.5982142857142857,0.4017857142857143,14.545840000000094,27.811885286899123,0.10540935039287089,7.374131944444445,35.0,58.0,70.0,0.9693287037037036,0.5798662781084656,287,345,0,58,807,345,0.2994791666666667
QMIX,103.0,1019,volatile,coordinated,26.904666666666664,0.4631578947368421,0.5368421052631579,12.195840000000006,28.392817341526957,0.1010451274483352,6.793402777777778,28.0,53.0,56.0,0.9311342592592591,0.43126218323586735,240,295,0,55,857,295,0.2560763888888889
QMIX,103.0,1020,volatile,coordinated,56.26500000000007,0.4823529411764706,0.5176470588235293,12.895840000000032,27.540248359265487,0.0353305771842269,8.434027777777779,35.450000000000045,57.0,67.0,0.9270833333333334,0.44718137254901963,254,307,0,53,845,307,0.2664930555555556
QMIX,103.0,1021,volatile,coordinated,63.02266666666675,0.4977973568281938,0.5022026431718062,12.595840000000008,27.668333776553673,0.02245849630836456,8.487847222222221,37.0,63.0,63.0,0.9320023148148147,0.46394828887257294,248,303,0,55,849,303,0.2630208333333333
QMIX,103.0,1022,volatile,coordinated,58.03000000000002,0.4927536231884058,0.5072463768115942,12.995840000000031,27.780487312650067,0.10487261605828621,9.291666666666666,40.0,66.0,53.0,0.9201388888888888,0.45340177133655396,256,285,0,29,867,285,0.24739583333333334
QMIX,103.0,1023,volatile,coordinated,92.17733333333334,0.5412371134020618,0.4587628865979382,12.595840000000011,28.173412349677125,0.024948433038942043,10.04079861111111,40.0,60.0,43.0,0.9317129629629629,0.5042776345933562,248,278,0,30,874,278,0.24131944444444445
QMIX,103.0,1024,volatile,coordinated,89.14299999999992,0.6666666666666666,0.33333333333333337,12.245840000000038,27.734086011533236,0.2015724429758337,6.443576388888889,25.0,50.0,47.0,0.9800347222222222,0.6533564814814814,241,277,0,36,875,277,0.2404513888888889
QMIX,103.0,1025,volatile,coordinated,17.117333333333345,0.4343065693430657,0.5656934306569343,13.245840000000042,27.631273780374894,0.02383876491162798,6.249131944444445,26.450000000000045,38.0,67.0,0.9021990740740742,0.39183098472560157,261,326,0,65,826,326,0.2829861111111111
QMIX,103.0,1026,volatile,coordinated,17.761999999999976,0.4855072463768116,0.5144927536231885,11.895839999999984,28.031244741185912,0.011118481902574986,7.408854166666667,27.0,69.0,46.0,0.9557291666666666,0.4640134359903381,234,267,0,33,885,267,0.23177083333333334
QMIX,103.0,1027,volatile,coordinated,55.89133333333335,0.5328947368421053,0.4671052631578947,12.145840000000003,27.875509386714086,0.0219406834215458,8.730902777777779,33.0,57.0,45.0,0.9699074074074076,0.5168585526315791,239,275,0,36,877,275,0.2387152777777778
QMIX,103.0,1028,volatile,coordinated,39.176,0.5033112582781457,0.4966887417218543,11.945840000000056,27.621479294635346,0.17023424176474708,8.830729166666666,36.0,62.0,43.0,0.9713541666666666,0.48889348785871967,235,266,0,31,886,266,0.2309027777777778
QMIX,103.0,1029,volatile,coordinated,72.52166666666668,0.511520737327189,0.48847926267281105,12.895840000000053,27.800474848912,0.08108111375507249,6.894965277777778,29.0,56.0,54.0,0.929398148148148,0.47540642601126465,254,303,0,49,849,303,0.2630208333333333
QMIX,103.0,1030,volatile,coordinated,73.88166666666662,0.5151515151515151,0.48484848484848486,13.895840000000064,27.873481980284083,0.030466082675077184,7.556423611111111,34.450000000000045,76.0,63.0,0.9241898148148149,0.4760977833894501,274,335,0,61,817,335,0.2907986111111111
